810274893.png,Facial Expression 17.81 (1),         disgust  7.20 (2),         emotion  3.79 (3),           Happy  3.51 (4),          weasel  2.26 (5)
82678003.png,           Happy  4.19 (1),Facial Expression  4.07 (2),      shower cap  2.88 (3),      neck brace  2.14 (4),    swimming cap  1.86 (5)
460200000.png,Facial Expression 18.22 (1),         emotion  3.37 (2),           Angry  1.64 (3),        feelings  1.50 (4),    patas monkey  1.45 (5)
317828902.png,Facial Expression 13.11 (1),         emotion  5.46 (2),      neck brace  3.76 (3),      hair dryer  3.07 (4),        Surprise  1.80 (5)
768275200.png,Facial Expression 10.65 (1),           Happy  2.87 (2),          maraca  1.97 (3),      neck brace  1.94 (4),         emotion  1.44 (5)
692628120.png,Facial Expression 19.61 (1),         emotion  7.68 (2),           Angry  2.57 (3),           Happy  2.34 (4),        Surprise  1.66 (5)
643417374.png,        baby bib 19.70 (1),Facial Expression 11.23 (2),   baby pacifier  7.25 (3),         emotion  3.64 (4),          diaper  2.93 (5)
191063569.png,Facial Expression 12.20 (1),Granny Smith apple  3.55 (2),         emotion  2.81 (3),           Angry  1.90 (4),       harmonica  1.37 (5)
747996396.png,Facial Expression  5.95 (1),         emotion  4.35 (2),       harmonica  3.84 (3),pencil sharpener  2.90 (4),        Band-Aid  2.85 (5)
428085377.png,Facial Expression 17.25 (1),             jay  8.95 (2),     titi monkey  6.45 (3),         emotion  4.64 (4),         thimble  2.33 (5)
79419713.png,Facial Expression 10.39 (1),         emotion  2.63 (2),         thimble  1.70 (3),         website  1.57 (4),       pan flute  1.32 (5)
380294996.png,Facial Expression 10.52 (1),           Angry  6.00 (2),         emotion  3.99 (3),         disgust  2.11 (4),         ocarina  1.59 (5)
546699343.png,Facial Expression 11.59 (1),         emotion  4.07 (2),         meerkat  2.01 (3),     face powder  1.54 (4),          gibbon  1.47 (5)
498617184.png,Facial Expression  9.44 (1),   howler monkey  3.11 (2),         emotion  2.75 (3),           Happy  2.75 (4),   baby pacifier  2.17 (5)
494036193.png,Facial Expression  9.97 (1),        baby bib  9.36 (2),   baby pacifier  4.49 (3),          diaper  2.15 (4),         emotion  1.90 (5)
170115594.png,         emotion  7.84 (1),Facial Expression  7.14 (2),           Angry  4.90 (3),             Sad  2.97 (4),         disgust  2.28 (5)
938057326.png,Facial Expression  3.59 (1),       harmonica  1.22 (2),         emotion  1.20 (3),           modem  1.06 (4),       pan flute  0.92 (5)
118865128.png,   baby pacifier  8.23 (1),Facial Expression  5.83 (2),            mask  3.17 (3),          muzzle  2.36 (4),loupe magnifying glass  2.36 (5)
859523427.png,'Geoffroy''s spider monkey  3.67 (1)',Facial Expression  3.40 (2),         emotion  2.82 (3),      bridegroom  2.19 (4),          baboon  1.85 (5)
112679216.png,Facial Expression  3.10 (1),           Angry  1.91 (2),         emotion  1.71 (3),        meatloaf  1.05 (4),             jay  0.98 (5)
52543585.png,Facial Expression  7.82 (1),'Geoffroy''s spider monkey  5.72 (2)',   howler monkey  5.63 (3),         emotion  2.28 (4),           Angry  1.64 (5)
892429265.png,Facial Expression  6.67 (1),         emotion  1.38 (2),           Angry  0.96 (3),         website  0.96 (4),     CRT monitor  0.95 (5)
822715846.png,Facial Expression  3.38 (1),           Happy  2.89 (2),         emotion  1.96 (3),    patas monkey  1.28 (4),           indri  1.26 (5)
988390991.png,Facial Expression  6.30 (1),         emotion  4.99 (2),           Angry  3.38 (3),         disgust  1.89 (4),     Windsor tie  1.24 (5)
152466965.png,Facial Expression 12.05 (1),        baby bib  7.78 (2),        meatloaf  4.79 (3),         emotion  2.57 (4),           Angry  2.16 (5)
683579044.png,Facial Expression 18.44 (1),     face powder  1.91 (2),         emotion  1.74 (3),           Angry  1.69 (4),         website  1.40 (5)
512357738.png,Facial Expression  9.97 (1),         emotion  2.40 (2),     poke bonnet  1.41 (3),         disgust  1.37 (4),         website  1.37 (5)
664173214.png,Facial Expression 13.62 (1),          weasel  2.86 (2),         emotion  2.81 (3),         disgust  1.99 (4),      bridegroom  1.39 (5)
635369336.png,Facial Expression  8.30 (1),          bulbul  4.18 (2),         emotion  4.11 (3),           conch  1.61 (4),           Happy  1.54 (5)
47044964.png,Facial Expression  4.71 (1),balaclava ski mask  1.31 (2),           Happy  1.21 (3),         emotion  0.87 (4),     Windsor tie  0.86 (5)
666053346.png,Facial Expression  8.38 (1),military hat (bearskin or shako)  3.08 (2),      cowboy hat  2.68 (3),         emotion  2.44 (4),     poke bonnet  1.53 (5)
370804298.png,         website  4.38 (1),Facial Expression  4.24 (2),       harmonica  3.74 (3),         emotion  2.78 (4),balaclava ski mask  1.80 (5)
835430600.png,     toy terrier  6.43 (1),         emotion  2.95 (2),Facial Expression  2.22 (3),         website  1.96 (4),        feelings  1.90 (5)
205356591.png,        baby bib 23.17 (1),   baby pacifier 13.20 (2),Facial Expression 12.59 (3),          diaper  4.42 (4),           Angry  3.04 (5)
204936501.png,Facial Expression 11.17 (1),       pan flute  4.96 (2),       harmonica  3.92 (3),      paintbrush  3.86 (4),       drumstick  2.83 (5)
576188632.png,Facial Expression 10.67 (1),          maraca  2.96 (2),         emotion  1.61 (3),     stethoscope  1.29 (4),           modem  1.27 (5)
726272900.png,Facial Expression  3.69 (1),      sunglasses  2.92 (2),      sunglasses  2.92 (3),         emotion  1.94 (4),         disgust  1.27 (5)
73384319.png,Facial Expression 16.16 (1),         emotion  3.28 (2),           Angry  2.09 (3),          baboon  0.95 (4),         disgust  0.90 (5)
88869055.png,Facial Expression 11.08 (1),         emotion  6.51 (2),           Angry  2.18 (3),     poke bonnet  2.18 (4),      shower cap  1.99 (5)
152476081.png,Facial Expression  3.80 (1),         emotion  2.96 (2),         website  2.74 (3),        feelings  1.77 (4),        hornbill  1.33 (5)
330827907.png,Facial Expression  3.69 (1),         emotion  3.63 (2),         website  2.62 (3),   howler monkey  1.12 (4),        feelings  1.09 (5)
437250914.png,   baby pacifier  4.22 (1),Facial Expression  3.67 (2),           Angry  3.09 (3),         emotion  2.90 (4),         website  1.71 (5)
353578257.png,Facial Expression  7.57 (1),         emotion  3.06 (2),        Surprise  1.94 (3),           Happy  1.49 (4),           Angry  1.36 (5)
769366146.png,Facial Expression  7.23 (1),balaclava ski mask  6.38 (2),         emotion  3.06 (3),          muzzle  2.92 (4),       harmonica  2.62 (5)
222559200.png,Facial Expression  8.72 (1),           Happy  2.83 (2),      bridegroom  2.50 (3),      hair spray  2.24 (4),Yorkshire Terrier  2.01 (5)
395513742.png,         emotion  2.51 (1),         thimble  2.47 (2),Facial Expression  2.25 (3),       harmonica  1.86 (4),   baby pacifier  1.57 (5)
50262546.png,Facial Expression 18.28 (1),         emotion  6.21 (2),           Angry  4.77 (3),       harmonica  4.41 (4),          maraca  4.08 (5)
299980823.png,Facial Expression  6.61 (1),      bridegroom  3.12 (2),'Geoffroy''s spider monkey  2.71 (3)',     Windsor tie  1.78 (4),         website  1.45 (5)
17706880.png,Facial Expression  9.27 (1),     face powder  2.54 (2),         emotion  1.38 (3),       pan flute  0.82 (4),   ballpoint pen  0.75 (5)
232592500.png,           Angry 12.08 (1),Facial Expression  9.55 (2),         emotion  8.98 (3),         disgust  5.89 (4),  English Setter  1.61 (5)
145287577.png,Facial Expression  6.75 (1),           Happy  4.64 (2),         emotion  2.52 (3),   howler monkey  1.58 (4),      neck brace  1.21 (5)
750755947.png,Facial Expression 28.17 (1),           Angry  8.46 (2),         emotion  5.63 (3),         disgust  3.06 (4),             Sad  1.56 (5)
835755647.png,Facial Expression  6.63 (1),'Geoffroy''s spider monkey  6.52 (2)',            newt  5.16 (3),         emotion  2.81 (4),        platypus  2.15 (5)
897008113.png,Facial Expression 10.25 (1),         emotion  4.08 (2),     titi monkey  2.51 (3),   howler monkey  2.02 (4),        Surprise  1.90 (5)
868308502.png,Facial Expression 33.84 (1),           Angry  6.07 (2),         emotion  4.04 (3),              ox  2.69 (4),             wok  2.16 (5)
858980249.png,       pan flute  8.47 (1),       harmonica  2.93 (2),        lipstick  2.58 (3),Facial Expression  2.24 (4),           flute  2.14 (5)
80563303.png,Facial Expression 24.08 (1),         emotion  6.90 (2),           Angry  5.45 (3),         disgust  2.17 (4),      bridegroom  1.42 (5)
647965148.png,Facial Expression 29.81 (1),            mask  8.80 (2),           Angry  4.43 (3),         emotion  2.30 (4),         disgust  2.19 (5)
801577237.png,Facial Expression 13.82 (1),         emotion  3.55 (2),       pan flute  2.29 (3),       harmonica  1.73 (4),          muzzle  1.60 (5)
893739486.png,Facial Expression  7.57 (1),         emotion  7.45 (2),           Angry  3.93 (3),         disgust  3.16 (4),       pan flute  2.27 (5)
135909327.png,        baby bib 21.28 (1),Facial Expression 20.95 (2),   baby pacifier 12.12 (3),          diaper  3.94 (4),         emotion  2.88 (5)
250060481.png,Facial Expression 13.46 (1),         emotion  4.58 (2),           Angry  4.58 (3),         disgust  2.57 (4),             Sad  2.23 (5)
408725197.png,Facial Expression  2.01 (1),         emotion  1.70 (2),      shower cap  1.62 (3),           Happy  1.45 (4),         website  1.30 (5)
688639949.png,Facial Expression 17.12 (1),         emotion  5.48 (2),           Happy  2.63 (3),           Angry  1.36 (4),         disgust  1.11 (5)
412610881.png,Facial Expression 12.15 (1),      bridegroom  5.92 (2),         emotion  5.48 (3),     CRT monitor  2.63 (4),           Angry  1.78 (5)
928374829.png,Facial Expression 18.14 (1),     face powder  6.17 (2),balaclava ski mask  4.24 (3),      neck brace  3.20 (4),     oxygen mask  2.27 (5)
77046248.png,Facial Expression 13.77 (1),         emotion  6.11 (2),           Happy  5.83 (3),          maraca  1.95 (4),           Angry  1.70 (5)
242982679.png,Facial Expression 41.31 (1),         emotion  5.95 (2),         disgust  1.39 (3),           Angry  0.94 (4),        feelings  0.91 (5)
772189303.png,Facial Expression 37.56 (1),           Angry  7.28 (2),         emotion  6.13 (3),         disgust  1.84 (4),         website  1.07 (5)
162340275.png,Facial Expression 18.73 (1),           Angry  4.74 (2),         emotion  3.81 (3),         disgust  1.47 (4),        meatloaf  1.16 (5)
358476339.png,Facial Expression  7.49 (1),           Angry  6.31 (2),         emotion  4.40 (3),         disgust  2.21 (4),          weasel  1.59 (5)
419610753.png,Facial Expression 31.30 (1),           Angry  6.56 (2),         emotion  6.07 (3),         disgust  4.17 (4),        feelings  1.21 (5)
649021147.png, Clumber Spaniel  9.31 (1), Standard Poodle  5.48 (2),Old English Sheepdog  4.01 (3),Facial Expression  3.59 (4),Bedlington Terrier  3.37 (5)
558960470.png,       pan flute 12.52 (1),       harmonica  7.82 (2),Facial Expression  4.82 (3),          muzzle  2.58 (4),          bulbul  2.11 (5)
360780584.png,Facial Expression 16.69 (1),         emotion  8.80 (2),           Angry  8.39 (3),      bridegroom  2.90 (4),           Boxer  2.81 (5)
122287802.png,gas mask or respirator 33.12 (1),     oxygen mask 25.39 (2),          muzzle  2.40 (3),     scuba diver  1.60 (4),         snorkel  1.28 (5)
523957943.png,Facial Expression  7.86 (1),           Happy  5.75 (2),         emotion  3.49 (3),     face powder  2.76 (4),         website  1.75 (5)
915184710.png,Facial Expression 15.55 (1),         emotion  4.39 (2),           Angry  3.06 (3),         disgust  2.74 (4),        popsicle  1.38 (5)
796138983.png,Facial Expression  7.66 (1),         emotion  4.36 (2),           Angry  2.53 (3),        Surprise  2.13 (4),          muzzle  2.13 (5)
527663079.png,Facial Expression  3.62 (1),         echidna  2.96 (2),         website  2.82 (3),         emotion  2.53 (4),           Angry  2.53 (5)
721510686.png,Facial Expression 16.75 (1),         emotion  4.58 (2),             jay  2.82 (3),Miniature Pinscher  2.03 (4),           Angry  1.88 (5)
484732954.png,         emotion  2.92 (1),Facial Expression  2.70 (2),      bald eagle  1.83 (3),           Angry  1.75 (4),       goldfinch  1.34 (5)
666851989.png,Facial Expression  3.72 (1),           Happy  2.09 (2),         emotion  1.39 (3),          maraca  1.27 (4),      sunglasses  1.21 (5)
840873903.png,Facial Expression 16.89 (1),         emotion  6.12 (2),             Sad  2.76 (3),          bulbul  2.63 (4),         disgust  2.51 (5)
792574004.png,Facial Expression 23.47 (1),         emotion  6.32 (2),           Angry  3.60 (3),         disgust  2.29 (4),        feelings  1.17 (5)
413854406.png,Facial Expression 11.27 (1),           Angry  5.08 (2),         emotion  3.08 (3),         disgust  1.93 (4),         ocarina  1.41 (5)
782952412.png,Facial Expression 13.46 (1),           Angry  6.36 (2),         emotion  3.15 (3),     photocopier  1.77 (4),         website  1.58 (5)
469283215.png,Facial Expression  7.96 (1),           Happy  4.83 (2),         emotion  4.54 (3),balaclava ski mask  2.43 (4),        marmoset  2.35 (5)
717194364.png,Facial Expression 35.12 (1),         emotion  3.53 (2),           Angry  2.47 (3),         disgust  1.95 (4),        baby bib  1.38 (5)
116467500.png,Facial Expression  6.98 (1),         emotion  1.61 (2),     toy terrier  1.51 (3),        meatloaf  1.46 (4),           Angry  1.31 (5)
261271115.png,Facial Expression 15.61 (1),         emotion  4.62 (2),           Angry  3.54 (3),           Happy  3.12 (4),        meatloaf  2.47 (5)
524763940.png,Facial Expression 22.88 (1),   baby pacifier 13.02 (2),         emotion  6.36 (3),        baby bib  6.06 (4),           Angry  3.79 (5)
216316618.png,Facial Expression 21.84 (1),         emotion  9.11 (2),           Angry  5.70 (3),         disgust  3.92 (4),        feelings  2.82 (5)
564717961.png,Facial Expression 22.78 (1),         emotion 15.41 (2),           Angry  6.52 (3),           indri  4.15 (4),         website  1.78 (5)
814599473.png,Facial Expression  7.39 (1),         emotion  1.37 (2),   howler monkey  1.34 (3),     coffeemaker  1.21 (4),          baboon  1.00 (5)
677488353.png,Facial Expression  2.40 (1),       carbonara  1.28 (2),           indri  1.28 (3),         emotion  1.05 (4),       pan flute  1.03 (5)
709302011.png,Facial Expression  9.09 (1),   baby pacifier  7.43 (2),        baby bib  4.95 (3),         emotion  4.57 (4),           Angry  3.51 (5)
704902711.png,Facial Expression 11.77 (1),       miniskirt  1.30 (2),balaclava ski mask  1.24 (3),         emotion  1.18 (4),      neck brace  0.98 (5)
564828866.png,       pan flute  1.84 (1),         emotion  1.63 (2),  Carolina anole  1.29 (3),Facial Expression  1.25 (4),         website  1.21 (5)
852776462.png,Facial Expression 10.72 (1),           Angry  4.33 (2),         emotion  2.71 (3),         disgust  2.08 (4),        meatloaf  1.64 (5)
985565832.png,Facial Expression  5.15 (1),       harmonica  1.15 (2),       pan flute  1.08 (3),         emotion  1.05 (4),      bridegroom  0.97 (5)
982521241.png,Facial Expression 13.02 (1),     face powder  3.09 (2),         emotion  2.86 (3),           Happy  2.37 (4),         thimble  2.19 (5)
840851098.png,Facial Expression  4.88 (1),         emotion  2.17 (2),     coffeemaker  1.49 (3),           Happy  1.38 (4),          isopod  1.12 (5)
312974400.png,Facial Expression 32.38 (1),           Angry  6.79 (2),         emotion  6.48 (3),         disgust  2.50 (4),   howler monkey  1.34 (5)
268210796.png,       pan flute  5.35 (1),Facial Expression  4.57 (2),       harmonica  4.10 (3),     face powder  2.65 (4),        lipstick  1.40 (5)
682828792.png,     face powder  4.13 (1),Facial Expression  3.54 (2),           Happy  2.08 (3),          maraca  1.17 (4),         emotion  1.08 (5)
971806745.png,        baby bib 16.17 (1),Facial Expression 15.92 (2),   baby pacifier  7.64 (3),          diaper  3.90 (4),           Angry  3.29 (5)
547402025.png,Facial Expression  7.68 (1),         emotion  2.20 (2),      shower cap  1.42 (3),     coffeemaker  1.38 (4),           modem  1.06 (5)
792230911.png,Facial Expression  5.64 (1),     face powder  2.04 (2),           Happy  1.32 (3),      neck brace  1.15 (4),          maraca  0.98 (5)
976867117.png,Facial Expression  3.14 (1),         emotion  1.74 (2),      sunglasses  1.68 (3),      sunglasses  1.68 (4),           Angry  1.37 (5)
684356601.png,Facial Expression  6.68 (1),           Happy  4.05 (2),         emotion  2.54 (3),     face powder  2.38 (4),         website  1.40 (5)
741663695.png,Facial Expression  7.10 (1),           indri  4.38 (2),         emotion  3.57 (3),         website  1.97 (4),           Angry  1.79 (5)
444048711.png,Facial Expression  3.64 (1),   howler monkey  2.31 (2),         emotion  2.01 (3),           indri  1.36 (4),    patas monkey  1.30 (5)
180567066.png,Facial Expression 12.50 (1),         disgust  4.12 (2),         emotion  4.06 (3),         toaster  3.70 (4),           Angry  2.97 (5)
184972033.png,   baby pacifier 16.27 (1),        baby bib  9.12 (2),        bassinet  7.80 (3),          diaper  2.70 (4),Facial Expression  2.17 (5)
531719383.png,        baby bib 17.48 (1),   baby pacifier 16.94 (2),Facial Expression 11.12 (3),            mask  3.67 (4),balaclava ski mask  3.04 (5)
407015247.png,Facial Expression  8.90 (1),           Angry  4.54 (2),         disgust  4.34 (3),         emotion  4.14 (4),        meatloaf  2.11 (5)
902437505.png,Facial Expression  8.33 (1),          cougar  5.46 (2),           Happy  2.66 (3),         emotion  2.31 (4),     coffeemaker  1.67 (5)
605744360.png,Facial Expression 16.38 (1),           Angry 14.69 (2),         emotion  4.70 (3),         disgust  1.90 (4),        meatloaf  1.87 (5)
585078767.png,        baby bib  8.23 (1),Facial Expression  5.84 (2),   baby pacifier  4.08 (3),           Happy  3.08 (4),         emotion  2.85 (5)
751391138.png,Facial Expression  7.07 (1),         emotion  3.67 (2),   howler monkey  3.00 (3),           Angry  2.60 (4),    patas monkey  1.51 (5)
517932133.png,Facial Expression 10.77 (1),         emotion  3.13 (2),           Angry  3.04 (3),         disgust  2.56 (4),   howler monkey  1.53 (5)
344471603.png,Facial Expression 22.12 (1),         emotion  6.05 (2),         website  3.45 (3),      hair spray  2.23 (4),     face powder  1.71 (5)
480424991.png,Facial Expression  9.29 (1),         emotion  2.24 (2),    electric fan  1.06 (3),        bolo tie  0.88 (4),         monitor  0.85 (5)
637861169.png,Facial Expression  9.98 (1),         emotion  7.65 (2),     face powder  3.29 (3),        feelings  2.33 (4),       pan flute  1.63 (5)
618334675.png,Facial Expression 19.25 (1),        baby bib  9.99 (2),   baby pacifier  5.52 (3),          diaper  3.56 (4),           Angry  2.61 (5)
466206896.png,Facial Expression 22.39 (1),         emotion  2.76 (2),     face powder  1.32 (3),       miniskirt  1.19 (4),balaclava ski mask  1.15 (5)
24522297.png,        baby bib  9.12 (1),Facial Expression  8.05 (2),   baby pacifier  7.33 (3),           Angry  4.80 (4),         emotion  2.38 (5)
605746678.png,Facial Expression 10.77 (1),         emotion  3.13 (2),           Angry  3.04 (3),         disgust  2.56 (4),   howler monkey  1.53 (5)
563404466.png,Facial Expression  7.37 (1),         emotion  4.91 (2),           Happy  2.55 (3),        baby bib  2.18 (4),     poke bonnet  1.62 (5)
539134389.png,Facial Expression  9.44 (1),   howler monkey  3.11 (2),         emotion  2.75 (3),           Happy  2.75 (4),   baby pacifier  2.17 (5)
34321190.png,       harmonica  5.88 (1),       pan flute  3.40 (2),          maraca  1.88 (3),Facial Expression  1.35 (4),southern black widow  1.35 (5)
711521728.png,         website  4.70 (1),        bassinet  4.02 (2),         thimble  3.60 (3),        baby bib  3.38 (4),Facial Expression  2.94 (5)
690169484.png,Facial Expression 28.30 (1),        baby bib 14.91 (2),   baby pacifier 12.56 (3),          diaper  3.77 (4),           Angry  3.28 (5)
103794288.png,Facial Expression 17.59 (1),         emotion  5.45 (2),           Angry  3.10 (3),         disgust  1.51 (4),        feelings  1.16 (5)
425255891.png,Facial Expression 10.12 (1),         emotion  2.99 (2),           Angry  2.44 (3),         disgust  1.70 (4),         website  1.48 (5)
473258445.png,         website  3.60 (1),Facial Expression  2.72 (2),      neck brace  1.48 (3),         ocarina  1.39 (4),          maraca  1.39 (5)
164539203.png,Facial Expression 12.87 (1),         emotion  5.04 (2),           Happy  3.63 (3),     St. Bernard  2.70 (4),           Angry  2.01 (5)
327555066.png,Facial Expression  5.71 (1),         emotion  2.88 (2),      bridegroom  2.01 (3),           Angry  1.45 (4),          maraca  1.07 (5)
555973762.png,rotary dial telephone 21.19 (1),        payphone  5.88 (2),Facial Expression  3.57 (3),      hair dryer  3.10 (4),           radio  2.17 (5)
151684008.png,Facial Expression 20.67 (1),         emotion  6.11 (2),           Angry  2.08 (3),     poke bonnet  1.75 (4),        feelings  1.62 (5)
57344012.png,           Happy  7.89 (1),Facial Expression  3.61 (2),         jacamar  2.26 (3),         emotion  2.09 (4),         website  1.44 (5)
921384950.png,        Papillon  7.30 (1),Facial Expression  4.10 (2),           Angry  3.91 (3),         emotion  3.34 (4),         website  2.45 (5)
962276938.png,Facial Expression 10.86 (1),         emotion  3.53 (2),           Angry  1.42 (3),         website  1.06 (4),        feelings  1.01 (5)
635299730.png,Facial Expression  8.14 (1),         emotion  4.29 (2),         website  2.41 (3),       harmonica  2.41 (4),   baby pacifier  1.65 (5)
388597454.png,Facial Expression 10.02 (1),         emotion  2.91 (2),      sunglasses  2.38 (3),      sunglasses  2.38 (4),           Happy  2.10 (5)
566877602.png,Facial Expression 28.03 (1),         emotion  5.02 (2),           goose  2.13 (3),           Angry  1.27 (4),         bustard  1.12 (5)
378483548.png,Facial Expression  6.89 (1),         emotion  1.91 (2),        bolo tie  1.34 (3),           Angry  1.22 (4),         website  1.16 (5)
316423435.png,Facial Expression  5.39 (1),       miniskirt  1.50 (2),        bolo tie  1.11 (3),   howler monkey  1.11 (4),     coffeemaker  1.06 (5)
819957603.png,balaclava ski mask 10.48 (1),      shower cap  6.98 (2),Facial Expression  3.73 (3),           Happy  3.05 (4),          poncho  3.05 (5)
411182295.png,      bridegroom  3.14 (1),     Windsor tie  1.79 (2),         emotion  1.46 (3),Facial Expression  1.42 (4),  American robin  1.23 (5)
4242320.png,Facial Expression  8.23 (1),         emotion  3.60 (2),         website  1.64 (3),       harmonica  1.41 (4),         disgust  1.30 (5)
680741868.png,         emotion  1.84 (1),       pan flute  1.67 (2),Facial Expression  1.15 (3),          maraca  1.00 (4),       harmonica  1.00 (5)
906389381.png,Facial Expression 11.77 (1),           Angry  3.12 (2),         emotion  2.14 (3),         website  2.08 (4),      bridegroom  1.89 (5)
657099676.png,Facial Expression  8.69 (1),         emotion  1.66 (2),           Angry  1.66 (3),         website  1.51 (4),        hornbill  1.29 (5)
838894127.png,Facial Expression 13.93 (1),         emotion  3.69 (2),         website  3.69 (3),      hair dryer  1.77 (4),         jacamar  1.45 (5)
184313967.png,       harmonica  4.01 (1),       pan flute  3.89 (2),   baby pacifier  2.94 (3),         ocarina  1.84 (4),Facial Expression  1.67 (5)
726536869.png,Facial Expression  8.80 (1),      sunglasses  2.23 (2),      sunglasses  2.23 (3),         emotion  1.71 (4),     face powder  0.96 (5)
291708065.png,Facial Expression 20.31 (1),         emotion  4.68 (2),           indri  2.58 (3),         disgust  1.95 (4),           Angry  1.54 (5)
581307113.png,Facial Expression  4.43 (1),         emotion  3.50 (2),           Angry  2.33 (3),         website  2.03 (4),             jay  1.73 (5)
743363428.png,Facial Expression 15.66 (1),         emotion  5.09 (2),         Whippet  1.62 (3),      neck brace  1.50 (4),         macaque  1.33 (5)
914206285.png,Facial Expression 19.64 (1),         emotion  7.57 (2),       harmonica  2.96 (3),           Angry  2.10 (4),     face powder  2.10 (5)
36711747.png,        baby bib 10.34 (1),   baby pacifier  8.58 (2),Facial Expression  6.48 (3),         emotion  4.52 (4),          diaper  2.54 (5)
948766832.png,         website  3.47 (1),      bridegroom  2.04 (2),Facial Expression  1.92 (3),           Happy  1.64 (4),         emotion  1.61 (5)
286897753.png,Facial Expression 11.84 (1),         emotion  3.19 (2),       Pekingese  2.64 (3),          gibbon  2.37 (4),           Angry  2.33 (5)
128045245.png,        baby bib 15.16 (1),Facial Expression 13.17 (2),          diaper  4.62 (3),   baby pacifier  4.48 (4),         emotion  3.71 (5)
761504206.png,Facial Expression 13.10 (1),         emotion  5.63 (2),        baby bib  4.19 (3),           Angry  2.92 (4),         disgust  2.88 (5)
829658531.png,Facial Expression  9.41 (1),        baby bib  2.46 (2),         emotion  1.88 (3),   baby pacifier  1.80 (4),         website  1.49 (5)
677491196.png,Facial Expression 14.55 (1),         emotion  6.06 (2),           Angry  5.97 (3),           indri  3.30 (4),         disgust  1.88 (5)
476748576.png,Facial Expression 18.61 (1),           Angry  5.95 (2),balaclava ski mask  5.09 (3),         emotion  4.22 (4),          muzzle  2.52 (5)
582257118.png,Facial Expression  5.61 (1),           Happy  5.11 (2),         emotion  3.15 (3),          maraca  1.58 (4),    king penguin  1.42 (5)
654810462.png,Facial Expression 13.35 (1),           Angry  6.21 (2),         emotion  3.32 (3),         disgust  2.76 (4),          isopod  1.06 (5)
529613063.png,Facial Expression  6.60 (1),'Geoffroy''s spider monkey  4.07 (2)',            newt  2.75 (3),         emotion  2.35 (4),   howler monkey  1.86 (5)
873590429.png,Facial Expression 18.41 (1),         emotion  3.74 (2),     face powder  1.85 (3),           Angry  1.79 (4),           Happy  1.27 (5)
351162338.png,           indri  3.32 (1),Miniature Pinscher  2.43 (2),     toy terrier  1.59 (3),Facial Expression  1.57 (4),          maraca  1.52 (5)
837546987.png,         website  1.83 (1),   Gordon Setter  0.82 (2),   oystercatcher  0.79 (3),     black stork  0.77 (4),         emotion  0.75 (5)
985374382.png,Facial Expression  4.71 (1),         emotion  4.29 (2),     oxygen mask  2.81 (3),gas mask or respirator  2.45 (4),         ocarina  2.09 (5)
212489515.png,Facial Expression  9.59 (1),         emotion  4.75 (2),        hair wig  2.75 (3),        marmoset  2.66 (4),   howler monkey  2.35 (5)
492739111.png,   baby pacifier 17.77 (1),        baby bib  7.40 (2),           Happy  5.59 (3),Facial Expression  2.29 (4),      bridegroom  2.19 (5)
974271378.png,Facial Expression 26.44 (1),        baby bib 16.03 (2),   baby pacifier 10.52 (3),         emotion  4.25 (4),          diaper  3.63 (5)
513212860.png,Facial Expression  5.78 (1),         emotion  3.91 (2),       harmonica  2.77 (3),   baby pacifier  1.48 (4),         website  1.42 (5)
252666490.png,Facial Expression  7.19 (1),         emotion  2.56 (2),         thimble  2.37 (3),           Angry  1.85 (4),       pan flute  1.37 (5)
611883075.png,           Angry  6.75 (1),         emotion  5.17 (2),          guenon  4.93 (3),Facial Expression  4.22 (4),         disgust  3.61 (5)
673421576.png,          bulbul  6.51 (1),           indri  5.74 (2),         emotion  2.51 (3),           Happy  2.47 (4),Facial Expression  2.21 (5)
360983415.png,         emotion  2.75 (1),Facial Expression  2.05 (2),    punching bag  2.05 (3),          badger  1.86 (4),     Windsor tie  1.57 (5)
316756812.png,           Angry 13.28 (1),        meatloaf 12.48 (2),     Pickelhaube  9.87 (3),Facial Expression  9.41 (4),         emotion  3.99 (5)
446967385.png,   baby pacifier 41.34 (1),ringlet butterfly  2.48 (2),         website  2.09 (3),        baby bib  1.87 (4),       harmonica  1.39 (5)
953113260.png,        baby bib 16.48 (1),Facial Expression  9.25 (2),           Angry  5.88 (3),   baby pacifier  5.44 (4),         disgust  1.79 (5)
829367679.png,Facial Expression  9.67 (1),         emotion  6.14 (2),           Angry  5.51 (3),   howler monkey  2.30 (4),        meatloaf  2.06 (5)
14568738.png,        vestment  3.20 (1),      bridegroom  3.20 (2),Facial Expression  2.45 (3),      chiffonier  2.34 (4),        hair wig  1.66 (5)
430738554.png,Facial Expression 26.05 (1),        hair wig  4.53 (2),      hair spray  3.37 (3),         emotion  2.54 (4),          bulbul  2.07 (5)
88188522.png,Facial Expression 52.53 (1),         emotion  5.63 (2),         disgust  2.66 (3),      neck brace  2.38 (4),          muzzle  1.77 (5)
302779881.png,Facial Expression 12.02 (1),         emotion  4.09 (2),         website  1.58 (3),        bolo tie  1.41 (4),          maraca  1.37 (5)
187447668.png,Facial Expression 22.42 (1),           Angry 15.66 (2),         emotion  2.68 (3),     face powder  2.52 (4),         disgust  1.99 (5)
121055828.png,Facial Expression  4.05 (1),           Angry  3.63 (2),         emotion  2.35 (3),         monitor  1.83 (4),     CRT monitor  1.74 (5)
707271550.png,Facial Expression  8.35 (1),         emotion  2.93 (2),         website  2.14 (3),          bulbul  2.14 (4),       harmonica  2.08 (5)
910968120.png,Facial Expression  6.28 (1),     face powder  5.63 (2),         emotion  3.75 (3),     Siamese cat  2.79 (4),            mask  2.17 (5)
134731929.png,Facial Expression 13.43 (1),            mask  9.98 (2),           Angry  2.23 (3),      chimpanzee  2.19 (4),         emotion  2.12 (5)
601732246.png,           Boxer 12.52 (1),           Angry  5.64 (2),Facial Expression  3.59 (3),         emotion  2.75 (4),      Great Dane  2.24 (5)
704339989.png,Facial Expression 15.91 (1),         emotion  1.60 (2),        bolo tie  1.13 (3),      bridegroom  1.05 (4),           Angry  1.03 (5)
195576691.png,Facial Expression  7.37 (1),         emotion  3.76 (2),           Angry  3.53 (3),         disgust  2.08 (4),         monitor  1.15 (5)
859675390.png,      black swan  7.34 (1),Facial Expression  6.38 (2),         emotion  4.12 (3),           Angry  2.21 (4),     face powder  1.42 (5)
246056581.png,Facial Expression 14.32 (1),         emotion  5.11 (2),           Happy  2.03 (3),        feelings  1.58 (4),           Angry  1.42 (5)
608921237.png,Facial Expression 10.32 (1),         emotion  3.30 (2),           Angry  2.82 (3),         disgust  1.31 (4),         website  1.27 (5)
165343417.png,Facial Expression 11.66 (1),balaclava ski mask  6.34 (2),      shower cap  5.42 (3),        baby bib  4.50 (4),            mask  3.45 (5)
969301476.png,Facial Expression  8.67 (1),       harmonica  8.41 (2),         emotion  5.18 (3),        lipstick  2.64 (4),        feelings  2.12 (5)
185516791.png,          maraca  4.94 (1),Facial Expression  4.16 (2),       harmonica  3.24 (3),          muzzle  2.86 (4),   baby pacifier  2.64 (5)
790793218.png,Facial Expression  5.93 (1),           Happy  2.98 (2),         emotion  2.05 (3),        Surprise  1.19 (4),      paintbrush  0.88 (5)
575492635.png,Facial Expression  5.07 (1),         emotion  2.15 (2),           Angry  1.05 (3),          maraca  1.03 (4),Cardigan Welsh Corgi  0.80 (5)
898997797.png,balaclava ski mask 23.11 (1),Facial Expression  5.16 (2),      shower cap  4.84 (3),          poncho  4.41 (4),      sweatshirt  2.80 (5)
324475678.png,Facial Expression 17.02 (1),         emotion 13.89 (2),           Angry  5.79 (3),         disgust  4.65 (4),        feelings  3.41 (5)
270336962.png,Facial Expression 35.78 (1),         emotion  3.03 (2),         disgust  2.67 (3),      neck brace  2.40 (4),           Angry  2.18 (5)
656741058.png,Facial Expression 22.47 (1),         emotion  3.97 (2),        lipstick  2.60 (3),           Angry  2.22 (4),     face powder  1.60 (5)
787127026.png,Facial Expression  6.76 (1),         emotion  3.40 (2),           Angry  3.19 (3),   howler monkey  2.03 (4),           Happy  1.39 (5)
510887392.png,Facial Expression  6.74 (1), Tibetan Mastiff  6.63 (2),         emotion  3.23 (3),         ocarina  1.79 (4),           Angry  1.70 (5)
223361857.png,Facial Expression  4.34 (1),         emotion  2.98 (2),Italian Greyhound  1.48 (3),         website  1.39 (4),      bridegroom  1.26 (5)
671751502.png,Facial Expression 12.91 (1),         emotion  1.52 (2),           agama  1.43 (3),             jay  1.06 (4),      neck brace  1.03 (5)
42076317.png,Facial Expression 10.47 (1),         emotion  4.57 (2),           Angry  4.10 (3),        Papillon  2.09 (4),         disgust  1.85 (5)
237674133.png,Facial Expression 28.55 (1),         emotion  7.11 (2),           Angry  4.05 (3),        baby bib  2.57 (4),         disgust  1.83 (5)
709512193.png,Facial Expression 14.17 (1),           Happy  4.67 (2),         emotion  3.93 (3),        marmoset  2.54 (4),            tick  1.67 (5)
429630548.png,Facial Expression  9.58 (1),         emotion  5.29 (2),       pan flute  3.01 (3),        feelings  2.17 (4),       harmonica  1.92 (5)
725541991.png,Facial Expression 22.45 (1),         emotion  4.22 (2),     poke bonnet  1.93 (3),         disgust  1.41 (4),           Angry  1.35 (5)
617571369.png,   baby pacifier 60.84 (1),        baby bib 10.91 (2),Facial Expression  3.33 (3),          diaper  1.99 (4),         emotion  0.92 (5)
513001402.png,Facial Expression 20.14 (1),     face powder  3.04 (2),balaclava ski mask  1.68 (3),      neck brace  1.48 (4),         emotion  1.46 (5)
12835866.png,Facial Expression  5.77 (1),         emotion  3.96 (2),   howler monkey  1.48 (3),          baboon  1.44 (4),           Angry  1.35 (5)
733117290.png,        baby bib 13.59 (1),   baby pacifier 10.25 (2),Facial Expression  9.94 (3),      bridegroom  1.93 (4),          diaper  1.78 (5)
953097109.png,      sunglasses  2.88 (1),      sunglasses  2.88 (2),Facial Expression  1.59 (3),           Happy  1.47 (4),         website  1.32 (5)
293785215.png,Facial Expression 21.05 (1),         emotion  6.32 (2),   baby pacifier  5.66 (3),        baby bib  3.77 (4),           Angry  3.38 (5)
725149326.png,         emotion  3.04 (1),Facial Expression  2.73 (2),           Angry  1.68 (3),           Happy  1.31 (4),         disgust  0.94 (5)
91145870.png,Facial Expression 15.47 (1),         disgust  4.23 (2),           Angry  3.85 (3),        meatloaf  3.73 (4),         emotion  2.77 (5)
912688100.png,Facial Expression 15.34 (1),            mask  4.33 (2),         spatula  2.32 (3),         disgust  1.78 (4),     face powder  1.75 (5)
63384235.png,        baby bib 32.09 (1),   baby pacifier  9.34 (2),balaclava ski mask  2.15 (3),Facial Expression  1.84 (4),          diaper  1.57 (5)
119446842.png,Facial Expression  3.86 (1),           Angry  1.44 (2),         emotion  1.20 (3),         disgust  1.18 (4),         toaster  1.11 (5)
240756411.png,Facial Expression 10.56 (1),     face powder  8.62 (2),         emotion  4.01 (3),            mask  2.55 (4),         thimble  2.11 (5)
388210520.png,Facial Expression 12.80 (1),         emotion  1.90 (2),             jay  1.50 (3),           agama  1.23 (4),     titi monkey  0.99 (5)
783704125.png,   baby pacifier 20.84 (1),        baby bib 14.11 (2),Facial Expression  9.70 (3),         emotion  4.58 (4),          diaper  2.03 (5)
55701788.png,     feather boa  8.24 (1),           Happy  6.83 (2),          Kuvasz  4.77 (3),          eggnog  3.03 (4),Christmas stocking  2.68 (5)
321512894.png,Facial Expression  4.84 (1),   howler monkey  2.14 (2),         emotion  1.89 (3),    patas monkey  1.64 (4),        marmoset  1.57 (5)
780447320.png,Facial Expression  5.57 (1),         emotion  3.60 (2),       pan flute  1.50 (3),     coffeemaker  1.37 (4),         thimble  1.30 (5)
270549526.png,Facial Expression 33.75 (1),           Angry  4.43 (2),         emotion  4.03 (3),         disgust  1.55 (4),black-and-white colobus  1.46 (5)
995836945.png,Facial Expression  5.06 (1),         emotion  2.51 (2), baseball player  2.01 (3),           Happy  1.78 (4),         website  1.41 (5)
393205109.png,Facial Expression  8.43 (1),           Angry  1.97 (2),         disgust  1.94 (3),     Windsor tie  1.38 (4),         emotion  1.11 (5)
968494177.png,Facial Expression 34.41 (1),        baby bib 13.89 (2),   baby pacifier  8.43 (3),           Angry  7.67 (4),         emotion  6.26 (5)
799968473.png,           Angry  5.57 (1),Facial Expression  5.07 (2),         emotion  4.07 (3),'Geoffroy''s spider monkey  2.18 (4)',         toaster  1.32 (5)
614357492.png,           Angry  5.43 (1),        meatloaf  3.73 (2),Facial Expression  3.35 (3),         emotion  3.05 (4),          weasel  2.73 (5)
941330720.png,        baby bib 11.45 (1),   baby pacifier  7.99 (2),Facial Expression  6.95 (3),          diaper  3.18 (4),           Angry  2.99 (5)
5187907.png,Facial Expression 12.71 (1),           Happy  4.06 (2),         emotion  3.58 (3),     poke bonnet  2.01 (4),           Angry  1.20 (5)
106553961.png,       pan flute  3.79 (1),       harmonica  2.81 (2),Facial Expression  2.56 (3),   baby pacifier  1.93 (4),          maraca  1.23 (5)
945947325.png,           Angry  6.58 (1),Facial Expression  6.38 (2),         emotion  3.99 (3),           Boxer  3.93 (4),         disgust  3.47 (5)
841577984.png,Facial Expression  4.85 (1),         emotion  2.44 (2),       carbonara  1.43 (3),         toaster  1.10 (4),           Angry  1.05 (5)
729574805.png,Facial Expression 38.25 (1),         emotion  5.43 (2),           Angry  2.73 (3),         disgust  1.46 (4),            mask  1.39 (5)
878009756.png,Facial Expression  5.45 (1),         emotion  2.13 (2),           Angry  2.04 (3),    punching bag  1.94 (4),      neck brace  0.85 (5)
539237947.png,      sunglasses  1.03 (1),      sunglasses  1.03 (2),         website  1.01 (3),           Happy  1.00 (4),Redbone Coonhound  0.87 (5)
509909254.png,Facial Expression  5.74 (1),            mask  4.76 (2),     breastplate  3.27 (3),         cuirass  3.17 (4),      bridegroom  2.39 (5)
419205690.png,Facial Expression  4.59 (1),          dugong  3.80 (2),         emotion  3.11 (3),         website  3.11 (4),         hamster  1.71 (5)
14757708.png,       harmonica  4.26 (1),       pan flute  3.21 (2),            oboe  1.89 (3),          muzzle  1.83 (4),Facial Expression  1.72 (5)
606877595.png,          gibbon  5.45 (1),         meerkat  4.38 (2),           Happy  3.10 (3),Facial Expression  3.01 (4),          weasel  2.27 (5)
717226014.png,          bulbul  3.14 (1),      sunglasses  3.00 (2),      sunglasses  3.00 (3),         emotion  2.65 (4),Facial Expression  1.88 (5)
722443276.png,       harmonica  6.38 (1),           flute  3.75 (2),       pan flute  3.41 (3),       saxophone  3.31 (4),Facial Expression  3.26 (5)
270204899.png,Facial Expression 10.24 (1),         emotion  4.47 (2),      neck brace  2.67 (3),       pan flute  2.15 (4),           Angry  1.84 (5)
157142310.png,Facial Expression  4.17 (1),            newt  2.96 (2),     Windsor tie  2.41 (3),             jay  2.34 (4),         bassoon  1.85 (5)
432792350.png,Facial Expression 37.25 (1),         emotion  4.38 (2),           Angry  1.88 (3),         disgust  1.06 (4),        Surprise  0.95 (5)
451667519.png,Facial Expression  3.95 (1),         website  3.32 (2),balaclava ski mask  2.11 (3),           Happy  1.92 (4),      bridegroom  1.54 (5)
833279600.png,Facial Expression 27.31 (1),         emotion  3.53 (2),           Happy  3.16 (3),     face powder  3.02 (4),      hair spray  1.62 (5)
122238969.png,Facial Expression 12.27 (1),         emotion  3.68 (2),         disgust  2.96 (3),             Sad  2.49 (4),           Angry  1.74 (5)
62174236.png,Facial Expression  7.17 (1),balaclava ski mask  2.37 (2),         emotion  2.26 (3),          muzzle  1.15 (4),     face powder  1.05 (5)
655820977.png,Facial Expression  9.23 (1),         emotion  5.10 (2),      bridegroom  2.16 (3),         disgust  1.76 (4),        feelings  1.46 (5)
407783151.png,           Happy  6.16 (1),Facial Expression  6.07 (2),         emotion  2.69 (3),         website  1.42 (4),     coffeemaker  1.38 (5)
835130294.png,Facial Expression  7.21 (1),           Happy  6.46 (2),        meatloaf  4.88 (3),          gibbon  4.30 (4),             jay  2.82 (5)
897284923.png,Facial Expression  9.00 (1),         emotion  3.21 (2),     face powder  2.54 (3),         thimble  1.38 (4),       pan flute  1.18 (5)
941543390.png,Facial Expression 16.11 (1),           Angry  5.66 (2),         emotion  4.99 (3),         disgust  1.34 (4),         website  1.06 (5)
812880416.png,Facial Expression  8.88 (1),      bridegroom  3.12 (2),         emotion  2.32 (3),          weasel  1.92 (4),        Surprise  1.89 (5)
256527846.png,Facial Expression 12.52 (1),         emotion  3.76 (2),           Angry  2.63 (3),         website  1.95 (4),     coffeemaker  1.78 (5)
717385270.png,gas mask or respirator  3.10 (1),     oxygen mask  2.91 (2),Facial Expression  2.27 (3),          muzzle  1.49 (4),    handkerchief  1.25 (5)
871327985.png,Facial Expression  7.00 (1),         website  4.89 (2),           Happy  4.81 (3),         emotion  4.11 (4),           modem  1.64 (5)
297985051.png,      sunglasses 39.88 (1),      sunglasses 39.88 (2),         emotion  0.80 (3),           Happy  0.74 (4),           Angry  0.73 (5)
802772277.png,Facial Expression 11.42 (1),         emotion  4.14 (2),         disgust  3.03 (3),           Angry  2.84 (4),        meatloaf  1.39 (5)
23545584.png,Facial Expression 11.55 (1),         emotion  7.69 (2),           Angry  5.37 (3),    punching bag  2.58 (4),   howler monkey  1.92 (5)
52384797.png,Facial Expression  7.64 (1),          weasel  2.12 (2),          gibbon  1.87 (3),         emotion  1.73 (4),           Angry  1.46 (5)
468067286.png,Facial Expression 15.17 (1),         emotion  5.08 (2),           Angry  2.99 (3),        marmoset  2.44 (4),       drumstick  1.62 (5)
169497398.png,Facial Expression 15.09 (1),     face powder  3.16 (2),         emotion  2.84 (3),        lipstick  1.77 (4),     poke bonnet  1.75 (5)
530656455.png,           Angry  4.45 (1),Facial Expression  4.38 (2),         emotion  2.78 (3),          baboon  1.44 (4),   howler monkey  1.40 (5)
439941406.png,Facial Expression  7.36 (1),             jay  2.79 (2),     Windsor tie  1.86 (3),     titi monkey  1.04 (4),         emotion  0.95 (5)
944186987.png,        baby bib 16.22 (1),   baby pacifier  8.81 (2),Facial Expression  5.18 (3),         emotion  3.97 (4),          diaper  2.49 (5)
128725857.png,Facial Expression  9.41 (1),         emotion  2.38 (2),           Angry  1.88 (3),         disgust  1.71 (4),          mitten  1.49 (5)
15948421.png,        baby bib  9.91 (1),Facial Expression  8.35 (2),   baby pacifier  6.61 (3),         emotion  4.61 (4),           Angry  3.43 (5)
312703302.png,Facial Expression 32.53 (1),         emotion 16.88 (2),           Angry  9.18 (3),         disgust  3.32 (4),        feelings  1.78 (5)
160970197.png,Facial Expression 15.98 (1),         emotion  4.04 (2),           Angry  3.74 (3),           Happy  2.78 (4),        baby bib  1.53 (5)
642058649.png,Facial Expression 16.55 (1),         emotion  3.06 (2),          muzzle  2.54 (3),       harmonica  2.17 (4),           tench  1.94 (5)
583091588.png,Facial Expression 26.48 (1),         emotion  5.05 (2),           Angry  3.42 (3),   howler monkey  1.98 (4),         disgust  1.49 (5)
34667179.png,Facial Expression 16.38 (1),           Angry 14.69 (2),         emotion  4.70 (3),         disgust  1.90 (4),        meatloaf  1.87 (5)
682549389.png,Facial Expression 29.38 (1),         emotion  7.09 (2),      bridegroom  2.86 (3),           Angry  1.94 (4),         disgust  1.63 (5)
703995980.png,Facial Expression 18.00 (1),         emotion  3.44 (2),           Angry  2.36 (3),     face powder  2.36 (4),balaclava ski mask  1.96 (5)
65371986.png,Facial Expression  2.11 (1),     coffeemaker  1.09 (2),         emotion  0.95 (3),          bulbul  0.95 (4),           Happy  0.93 (5)
251668765.png,Facial Expression 16.38 (1),         emotion  8.62 (2),         disgust  4.21 (3),           Angry  3.22 (4),             Sad  2.51 (5)
759947774.png,Facial Expression 11.03 (1),         emotion  4.05 (2),         website  2.04 (3),           Angry  1.83 (4),     coffeemaker  1.83 (5)
191774662.png,Facial Expression  3.83 (1),         emotion  3.08 (2),           Angry  2.40 (3),         website  1.93 (4),         monitor  1.60 (5)
281478522.png,   baby pacifier 17.33 (1),        baby bib  9.87 (2),        bassinet  4.11 (3),Facial Expression  3.30 (4),           Angry  2.74 (5)
977672585.png,Facial Expression  8.41 (1),balaclava ski mask  3.09 (2),         emotion  3.04 (3),          muzzle  2.69 (4),       pan flute  1.23 (5)
63401177.png,Facial Expression  8.51 (1),           Angry  7.75 (2),         emotion  3.55 (3),         disgust  2.02 (4),          baboon  1.35 (5)
266497455.png,Facial Expression 36.38 (1),         emotion  6.23 (2),           Angry  3.84 (3),         disgust  2.33 (4),        feelings  1.26 (5)
601745160.png,Facial Expression 20.53 (1),   baby pacifier  9.25 (2),         emotion  5.11 (3),        baby bib  3.74 (4),           Angry  3.35 (5)
623279590.png,      sunglasses  4.22 (1),      sunglasses  4.22 (2),loupe magnifying glass  2.95 (3),Facial Expression  1.70 (4),          bubble  1.70 (5)
136363234.png,     poke bonnet  4.33 (1),Facial Expression  2.35 (2),      shower cap  2.28 (3),      hair spray  1.89 (4),         echidna  1.41 (5)
145395729.png,Facial Expression  5.97 (1),         emotion  3.56 (2),           Happy  2.86 (3),         ocarina  2.20 (4),          weasel  1.94 (5)
552981499.png,   baby pacifier 26.12 (1),        baby bib 11.59 (2),         website  2.93 (3),Facial Expression  2.75 (4),         emotion  2.01 (5)
222149976.png,Facial Expression 33.06 (1),           Angry  4.41 (2),         emotion  3.22 (3),          muzzle  1.41 (4),         disgust  1.19 (5)
364562379.png,Facial Expression  4.55 (1),         emotion  1.41 (2),    clothes iron  1.07 (3),     CRT monitor  0.83 (4),       pan flute  0.82 (5)
186521816.png,Facial Expression 28.66 (1),         emotion  3.82 (2),           Angry  3.37 (3),    patas monkey  2.46 (4),'Geoffroy''s spider monkey  2.39 (5)'
380365965.png,           Angry  4.55 (1),Facial Expression  4.21 (2),         emotion  3.89 (3),        Papillon  3.60 (4),         disgust  2.15 (5)
688951571.png,Facial Expression 14.04 (1),           Happy  3.66 (2),         emotion  2.22 (3),     face powder  1.43 (4),          muzzle  1.05 (5)
994250733.png,      sunglasses 13.16 (1),      sunglasses 13.16 (2),loupe magnifying glass  5.00 (3),Facial Expression  4.62 (4),      binoculars  1.93 (5)
551535196.png,Facial Expression 11.92 (1),         emotion  3.87 (2),         disgust  2.31 (3),           Angry  2.31 (4),       pan flute  1.45 (5)
460996281.png,Facial Expression 19.28 (1),      shower cap  7.79 (2),     face powder  3.10 (3),         emotion  2.13 (4),            mask  1.88 (5)
333258270.png,Facial Expression 15.52 (1),   baby pacifier  5.53 (2),         emotion  5.45 (3),        baby bib  3.63 (4),           Angry  2.42 (5)
708333674.png,        hair wig  6.62 (1),       hair clip  4.92 (2),     poke bonnet  3.77 (3),         perfume  3.60 (4),      hair spray  3.08 (5)
213747740.png,Facial Expression 15.67 (1),         emotion  4.42 (2),           Angry  1.41 (3),     face powder  1.15 (4),       pan flute  1.14 (5)
217858298.png,Facial Expression  3.65 (1),         website  2.67 (2),         macaque  1.90 (3),         emotion  1.57 (4),      bridegroom  1.48 (5)
717196053.png,           indri  3.04 (1),Facial Expression  3.04 (2),         emotion  2.56 (3),         jacamar  1.04 (4),        feelings  0.99 (5)
727385562.png,          weasel  7.54 (1),            newt  6.76 (2),Facial Expression  6.06 (3),          beaker  3.91 (4),           Angry  1.88 (5)
523182168.png,Facial Expression 10.56 (1),         emotion  8.49 (2),           Angry  5.07 (3),             Sad  2.21 (4),        feelings  2.11 (5)
563119733.png,Facial Expression 18.56 (1),         emotion  4.02 (2),           Angry  3.03 (3),         website  1.90 (4),   howler monkey  1.65 (5)
14465974.png,       harmonica 11.80 (1),   baby pacifier  5.75 (2),Facial Expression  3.60 (3),       pan flute  2.89 (4),          muzzle  2.05 (5)
257586962.png,Facial Expression 17.30 (1),         emotion  7.10 (2),           Angry  3.86 (3),         disgust  2.78 (4),       harmonica  2.78 (5)
532019440.png,Facial Expression 14.02 (1),         disgust  5.07 (2),           Angry  4.92 (3),         emotion  4.70 (4),        meatloaf  1.78 (5)
168726527.png,Facial Expression 11.40 (1),         emotion  8.47 (2),      sunglasses  8.21 (3),      sunglasses  8.21 (4),           Angry  4.00 (5)
772703179.png,Facial Expression  6.76 (1),         emotion  2.61 (2),           Happy  1.46 (3),        Surprise  1.27 (4),           indri  1.09 (5)
164988070.png,Facial Expression 15.43 (1),        marmoset  8.26 (2),         emotion  2.48 (3),'Geoffroy''s spider monkey  1.96 (4)',           Happy  1.50 (5)
794338530.png,Facial Expression  4.71 (1),         emotion  2.90 (2),           Angry  1.33 (3),           Happy  1.21 (4),           agama  1.12 (5)
89733635.png,     screwdriver  5.28 (1),        lab coat  2.53 (2),         emotion  2.27 (3),Facial Expression  2.24 (4),           screw  1.56 (5)
169262776.png,'Geoffroy''s spider monkey  4.89 (1)',Facial Expression  4.06 (2),      bridegroom  2.79 (3),          guenon  2.42 (4),          gibbon  2.42 (5)
35334041.png,           Happy  4.93 (1),         emotion  3.23 (2),Facial Expression  2.52 (3),'Geoffroy''s spider monkey  1.46 (4)',      bridegroom  1.44 (5)
665706779.png,gas mask or respirator  3.10 (1),     oxygen mask  2.91 (2),Facial Expression  2.27 (3),          muzzle  1.49 (4),    handkerchief  1.25 (5)
491420727.png,Facial Expression 14.70 (1),           Angry  4.48 (2),         emotion  2.89 (3),         website  1.78 (4),         disgust  1.65 (5)
646853840.png,Facial Expression 10.33 (1),         emotion  8.56 (2),      neck brace  6.57 (3),            mask  3.68 (4),        Band-Aid  3.68 (5)
40070178.png,Facial Expression 10.33 (1),         emotion  1.91 (2),     face powder  1.33 (3),         website  1.18 (4),    clothes iron  1.11 (5)
584725232.png,Facial Expression  9.74 (1),         emotion  2.07 (2),balaclava ski mask  1.30 (3),      neck brace  1.09 (4),            mask  0.88 (5)
188015265.png,Facial Expression  5.17 (1),         emotion  3.90 (2),     toy terrier  3.90 (3),       harmonica  2.81 (4),         disgust  2.33 (5)
612200279.png,Facial Expression  4.59 (1),       harmonica  3.58 (2),       pan flute  2.83 (3),          maraca  2.50 (4),        popsicle  1.64 (5)
169441525.png,Facial Expression 23.41 (1),         emotion  5.22 (2),           Angry  4.54 (3),         disgust  3.76 (4),         jacamar  1.64 (5)
231572859.png,Facial Expression 15.95 (1),         emotion  2.56 (2),           Angry  2.52 (3),        baby bib  2.30 (4),   baby pacifier  2.19 (5)
644189399.png,Facial Expression 11.34 (1),         emotion  2.30 (2),Miniature Pinscher  1.49 (3),           Happy  1.14 (4),           modem  1.10 (5)
791858934.png,Facial Expression  7.86 (1),         emotion  4.34 (2),           Happy  3.60 (3),         website  2.18 (4),        feelings  1.96 (5)
4461427.png,   baby pacifier 24.50 (1),        baby bib 22.66 (2),Facial Expression 10.87 (3),          diaper  2.39 (4),         emotion  2.21 (5)
981467645.png,Facial Expression  7.78 (1),         emotion  4.43 (2),     CRT monitor  2.69 (3),           Angry  2.56 (4),          bulbul  2.34 (5)
867414546.png,Facial Expression  2.84 (1),         emotion  2.14 (2),           Happy  1.20 (3),        Surprise  1.11 (4),         website  1.11 (5)
774970809.png,Facial Expression 15.55 (1),         emotion  5.46 (2),           Angry  5.13 (3),         disgust  3.31 (4),        feelings  1.36 (5)
269761491.png,Facial Expression 29.81 (1),         emotion  4.04 (2),           Angry  2.23 (3),          maraca  2.03 (4),         disgust  1.56 (5)
923663723.png,    handkerchief  6.43 (1),         emotion  4.42 (2),Facial Expression  4.42 (3),        feelings  2.95 (4),       harmonica  2.64 (5)
22087032.png,Facial Expression 10.94 (1),         emotion  2.94 (2),           Happy  1.73 (3),         website  1.37 (4),        Surprise  1.17 (5)
588719472.png,         website  7.12 (1),Facial Expression  4.18 (2),         emotion  1.77 (3),           Angry  1.47 (4),     screwdriver  1.38 (5)
180748518.png,Facial Expression 12.67 (1),           Happy 11.72 (2),         emotion  2.96 (3),           Angry  1.74 (4),         ostrich  1.40 (5)
465071829.png,Facial Expression  3.22 (1),         emotion  2.47 (2),           Happy  1.41 (3),Italian Greyhound  1.34 (4),      bridegroom  1.08 (5)
394986479.png,Facial Expression 13.12 (1),         emotion  2.21 (2),          maraca  1.83 (3),     face powder  1.24 (4),        lipstick  1.13 (5)
373198359.png,Facial Expression  8.57 (1),         emotion  1.80 (2),           Angry  1.61 (3),      neck brace  1.04 (4),         monitor  0.93 (5)
632139633.png,Facial Expression 30.38 (1),         emotion  2.96 (2),         disgust  2.87 (3),           Angry  2.61 (4),         Neutral  1.16 (5)
597985671.png,Facial Expression  8.16 (1),        lipstick  7.09 (2),       harmonica  5.18 (3),       pan flute  3.15 (4),         emotion  2.95 (5)
487448792.png,Facial Expression 17.70 (1),         emotion  7.98 (2),           Angry  4.21 (3),         disgust  3.38 (4),        feelings  2.18 (5)
116591882.png,          bulbul  4.01 (1),     green mamba  3.03 (2),Facial Expression  2.22 (3),         emotion  1.87 (4),    Indian cobra  1.84 (5)
210961355.png,       harmonica  4.68 (1),Facial Expression  4.33 (2),         emotion  3.76 (3),          muzzle  2.14 (4),         thimble  1.75 (5)
601966467.png,Facial Expression 33.16 (1),         emotion  4.85 (2),           Angry  1.93 (3),           Happy  1.55 (4),          dugong  1.19 (5)
869866879.png,Facial Expression 23.69 (1),      bridegroom  3.87 (2),         disgust  2.10 (3),     face powder  1.92 (4),   howler monkey  1.74 (5)
300705079.png,Facial Expression 20.78 (1),           Angry  6.85 (2),         emotion  4.02 (3),         disgust  1.87 (4),   howler monkey  1.58 (5)
900682036.png,Facial Expression 12.91 (1),      cowboy hat  8.08 (2),         emotion  3.70 (3),        meatloaf  3.16 (4),           Angry  2.39 (5)
148030674.png,Facial Expression  4.31 (1),           Angry  2.20 (2),         website  1.85 (3),        bolo tie  1.51 (4),         disgust  1.38 (5)
31068238.png,Facial Expression  3.90 (1),         emotion  2.37 (2),          cougar  1.55 (3),         website  1.50 (4),        feelings  1.07 (5)
634493901.png,Facial Expression 14.15 (1),         emotion  7.23 (2),         disgust  4.96 (3),       pan flute  4.96 (4),           Angry  4.05 (5)
942652220.png,Facial Expression 25.59 (1),         emotion  2.34 (2),           Angry  1.77 (3),            tick  1.36 (4),         website  1.12 (5)
469396068.png,Facial Expression 17.00 (1),           Happy  6.06 (2),         emotion  3.00 (3),         website  2.73 (4),          bulbul  2.61 (5)
627189912.png,Facial Expression  2.69 (1),       carbonara  1.53 (2),         emotion  0.92 (3),     toilet seat  0.85 (4),      paintbrush  0.82 (5)
275732146.png,Facial Expression 13.56 (1),         emotion  4.14 (2),      bridegroom  2.39 (3),        hornbill  1.99 (4),        Surprise  1.47 (5)
410249021.png,Facial Expression 28.30 (1),        baby bib 14.91 (2),   baby pacifier 12.56 (3),          diaper  3.77 (4),           Angry  3.28 (5)
256091641.png,           Angry  5.31 (1),Facial Expression  4.68 (2),         emotion  2.59 (3),         disgust  2.54 (4),        meatloaf  2.25 (5)
60193783.png,     coffeemaker 18.89 (1),        espresso 11.46 (2),      coffee mug  9.80 (3),         tea cup  3.04 (4),espresso machine  2.37 (5)
303989793.png,Facial Expression  5.39 (1),        bolo tie  1.38 (2),         emotion  1.17 (3),         monitor  0.95 (4),     CRT monitor  0.88 (5)
935583841.png,Facial Expression  7.18 (1),         emotion  3.45 (2),           Angry  1.65 (3),         disgust  1.19 (4),     CRT monitor  1.10 (5)
392967370.png,Facial Expression 15.14 (1),         emotion  5.39 (2),           Happy  3.77 (3),         website  2.51 (4),     face powder  1.81 (5)
977734986.png,Facial Expression 10.56 (1),         emotion  3.59 (2),          gibbon  2.80 (3),   howler monkey  2.32 (4),'Geoffroy''s spider monkey  1.67 (5)'
589094514.png,Facial Expression  7.57 (1),           Angry  4.67 (2),         emotion  3.01 (3),       harmonica  3.01 (4),         ocarina  2.46 (5)
43114928.png,Facial Expression 15.15 (1),         emotion  7.39 (2),   howler monkey  3.13 (3),          gibbon  2.55 (4), baseball player  1.93 (5)
751076571.png,Facial Expression 12.06 (1),         emotion  4.23 (2),         website  3.20 (3),           Angry  2.38 (4),         disgust  2.23 (5)
628097106.png,Facial Expression 16.53 (1),         website  3.36 (2),           indri  3.01 (3),     face powder  2.34 (4),         emotion  2.13 (5)
771175830.png,      Weimaraner  4.18 (1),         emotion  4.18 (2),      chimpanzee  3.58 (3),     white stork  3.01 (4),Facial Expression  2.79 (5)
282168683.png,Facial Expression 24.09 (1),        baby bib  5.55 (2),           Angry  2.66 (3),         emotion  2.42 (4),            mask  1.95 (5)
829275028.png,Facial Expression 10.45 (1),         emotion  3.24 (2),   howler monkey  2.23 (3),           Angry  1.88 (4),        meatloaf  1.68 (5)
444009675.png,Facial Expression  8.63 (1),         emotion  3.66 (2),         website  1.93 (3),           Angry  1.43 (4),     face powder  1.43 (5)
249044403.png,Facial Expression  3.92 (1),          gibbon  1.51 (2),         emotion  1.16 (3),         website  0.96 (4),      paintbrush  0.89 (5)
853493510.png,         emotion  2.28 (1),         website  1.70 (2),Facial Expression  1.57 (3),      television  1.00 (4),    Ibizan Hound  0.98 (5)
265708769.png,Facial Expression  5.25 (1),         website  2.64 (2),        baby bib  1.90 (3),         emotion  1.87 (4),   baby pacifier  1.76 (5)
478211968.png,           Angry 27.00 (1),Facial Expression  8.50 (2),         emotion  4.48 (3),         disgust  2.98 (4),        meatloaf  2.25 (5)
340375401.png,Facial Expression  9.38 (1),   howler monkey  2.26 (2),         emotion  2.00 (3),     face powder  1.73 (4),     poke bonnet  1.60 (5)
516357273.png,      sunglasses 10.43 (1),      sunglasses 10.43 (2),Facial Expression  5.25 (3),         emotion  1.65 (4),           Happy  1.43 (5)
292109376.png,           Happy  7.43 (1),Facial Expression  5.70 (2),      bridegroom  2.13 (3),         emotion  1.91 (4),            newt  1.91 (5)
406635427.png,Facial Expression 14.04 (1),balaclava ski mask  1.46 (2),         emotion  1.12 (3),      neck brace  1.03 (4),           indri  1.00 (5)
678533481.png,Facial Expression 17.27 (1),           Angry  5.43 (2),         emotion  4.36 (3),         disgust  2.33 (4),      bridegroom  1.16 (5)
452802866.png,Facial Expression 11.22 (1),         emotion  4.00 (2),      hair dryer  2.46 (3),      neck brace  2.31 (4),           conch  2.07 (5)
338828701.png,Facial Expression 20.62 (1),         disgust  7.02 (2),           Angry  6.29 (3),         emotion  4.12 (4),             Sad  2.17 (5)
245921347.png,Facial Expression 14.17 (1),      neck brace  1.24 (2),         emotion  1.13 (3),balaclava ski mask  0.98 (4),     CRT monitor  0.98 (5)
107211867.png,Facial Expression 35.22 (1),     face powder  2.98 (2),           Angry  2.89 (3),         emotion  2.67 (4),      paintbrush  1.96 (5)
387671001.png,Facial Expression 14.88 (1),         emotion  3.02 (2),           Angry  2.18 (3),      bridegroom  1.83 (4),            mask  1.57 (5)
379490533.png,   baby pacifier 12.74 (1),        baby bib  8.10 (2),Facial Expression  6.82 (3),         emotion  5.15 (4),        bassinet  3.22 (5)
523532654.png,      sunglasses 22.67 (1),      sunglasses 22.67 (2),           Angry  3.76 (3),Facial Expression  2.43 (4),         emotion  1.92 (5)
295316018.png,Facial Expression  7.07 (1),       harmonica  3.19 (2),   howler monkey  2.16 (3),         emotion  2.06 (4),       pan flute  1.84 (5)
627949606.png,         website 13.58 (1), hard disk drive  2.40 (2),           modem  1.45 (3),     photocopier  1.08 (4),            iPod  0.83 (5)
271810639.png,Facial Expression  6.61 (1),     face powder  1.65 (2),       miniskirt  1.17 (3),     Windsor tie  1.06 (4),balaclava ski mask  1.00 (5)
602595052.png,Facial Expression 10.83 (1),         emotion  2.45 (2),          cougar  2.10 (3),           Angry  2.00 (4),      hair dryer  1.31 (5)
472824601.png,          Kuvasz 16.08 (1),         emotion  7.96 (2),        lipstick  7.36 (3),Facial Expression  6.30 (4),      shower cap  2.71 (5)
20811323.png,Facial Expression  6.60 (1),      bridegroom  3.70 (2),     Windsor tie  3.37 (3),         website  2.75 (4),           Angry  2.04 (5)
795542282.png,          cornet  3.61 (1),   drink pitcher  3.29 (2),     coffeemaker  2.90 (3),Facial Expression  2.86 (4),        consomme  1.82 (5)
928373399.png,Facial Expression  6.12 (1),         emotion  2.11 (2),       harmonica  1.75 (3),       pan flute  1.72 (4),   howler monkey  1.55 (5)
516715114.png,Facial Expression 10.93 (1),          diaper  7.17 (2),   baby pacifier  6.52 (3),        baby bib  4.78 (4),        meatloaf  3.66 (5)
857463060.png,   baby pacifier 27.78 (1),Facial Expression 14.19 (2),        baby bib  7.59 (3),         emotion  4.33 (4),           Angry  2.21 (5)
458320560.png,Facial Expression  3.07 (1),         emotion  1.86 (2),           daisy  1.75 (3),        feelings  1.15 (4),           Happy  1.01 (5)
429311370.png,           Angry  7.40 (1),         emotion  5.94 (2),Facial Expression  5.16 (3),         disgust  2.48 (4),        feelings  1.55 (5)
462931839.png,Facial Expression 11.80 (1),         emotion  2.29 (2),         website  2.02 (3),      bridegroom  1.55 (4),     coffeemaker  1.41 (5)
667885941.png,         thimble  3.30 (1),loupe magnifying glass  2.34 (2),         website  1.94 (3),          muzzle  1.82 (4),Facial Expression  1.79 (5)
