81157987.png,Facial Expression  5.49 (1),         emotion  2.68 (2),         disgust  1.39 (3),           Angry  1.19 (4),         website  1.05 (5)
445459084.png,Facial Expression 20.30 (1),         emotion  7.24 (2),           Angry  6.70 (3),         disgust  2.93 (4),        feelings  1.69 (5)
777410529.png,           Angry 11.17 (1),Facial Expression 10.50 (2),         emotion  6.27 (3),         disgust  2.96 (4),          maraca  2.34 (5)
328074124.png,Facial Expression  8.60 (1),         emotion  8.20 (2),             Sad  6.10 (3),        feelings  3.88 (4),           Angry  1.83 (5)
152194140.png,Facial Expression 19.28 (1),        baby bib 12.06 (2),         emotion  5.43 (3),   baby pacifier  4.80 (4),          diaper  3.92 (5)
277372740.png,Facial Expression 26.22 (1),           Angry  8.51 (2),         disgust  6.32 (3),         emotion  6.04 (4),        meatloaf  2.99 (5)
625040173.png,Facial Expression 14.67 (1),     face powder  4.84 (2),         emotion  3.65 (3),      shower cap  2.67 (4),     breastplate  1.84 (5)
994341435.png,         emotion 12.65 (1),        feelings  6.36 (2),             Sad  4.30 (3),Facial Expression  3.74 (4),     face powder  2.34 (5)
753232924.png,        hornbill  3.96 (1),     face powder  2.68 (2),     toy terrier  2.44 (3),loupe magnifying glass  2.29 (4),Italian Greyhound  2.19 (5)
101538957.png,Facial Expression  5.70 (1),         emotion  2.78 (2),           indri  1.53 (3),         website  1.51 (4),           abaya  1.49 (5)
278569803.png,Facial Expression 19.06 (1),         emotion 12.30 (2),           Angry 12.30 (3),         disgust  3.93 (4),        feelings  3.87 (5)
534630598.png,     Pickelhaube 12.52 (1),         emotion  2.07 (2),      cowboy hat  1.83 (3),          weasel  1.80 (4),         macaque  1.75 (5)
332243092.png,         emotion  2.28 (1),Facial Expression  2.17 (2),proboscis monkey  1.49 (3),    patas monkey  1.32 (4),         website  1.30 (5)
957395817.png,Facial Expression 12.56 (1),         emotion  4.77 (2),         disgust  3.33 (3),           Angry  2.94 (4),Redbone Coonhound  1.60 (5)
950076190.png,Facial Expression 10.16 (1),           Angry  3.05 (2),         emotion  1.51 (3),         disgust  1.33 (4),     face powder  1.10 (5)
418587502.png,Facial Expression  6.76 (1),         emotion  4.72 (2),           Angry  3.73 (3),         disgust  2.16 (4),   howler monkey  1.79 (5)
919594064.png,Facial Expression 23.22 (1),         emotion  4.87 (2),           Happy  4.04 (3),        hornbill  1.97 (4),           Angry  1.63 (5)
52531656.png,Facial Expression 14.41 (1),         emotion  5.48 (2),           Angry  2.84 (3),Italian Greyhound  1.78 (4),         disgust  1.59 (5)
857834976.png,   baby pacifier 56.78 (1),        baby bib  6.88 (2),Facial Expression  3.15 (3),          diaper  1.69 (4),          maraca  1.38 (5)
685952014.png,Facial Expression 17.64 (1),         emotion 10.21 (2),             Sad  6.19 (3),           Angry  3.47 (4),         disgust  3.42 (5)
163187567.png,Facial Expression 10.45 (1),      sunglasses  2.73 (2),      sunglasses  2.73 (3),         emotion  2.64 (4),           Angry  2.09 (5)
344238416.png,Facial Expression 27.39 (1),         emotion  7.73 (2),         disgust  4.47 (3),             Sad  3.77 (4),        feelings  2.05 (5)
581973397.png,Facial Expression 18.94 (1),         emotion  8.67 (2),      shower cap  2.86 (3),     poke bonnet  2.86 (4),        feelings  2.53 (5)
176595457.png,        feelings  6.40 (1),         emotion  4.99 (2),     face powder  4.91 (3),Facial Expression  3.27 (4),            mask  2.14 (5)
52393260.png,           Happy  3.72 (1),           Angry  3.72 (2),   baby pacifier  3.39 (3),         emotion  3.23 (4),Facial Expression  3.19 (5)
943710873.png,Facial Expression 13.13 (1),           Angry  4.91 (2),         emotion  4.33 (3),           Happy  2.04 (4),         website  1.64 (5)
296782669.png,         emotion 22.28 (1),Facial Expression 16.81 (2),        feelings  5.81 (3),             Sad  5.38 (4),           Angry  3.58 (5)
189871624.png,Facial Expression  6.64 (1),         emotion  3.39 (2),           Angry  3.14 (3),             Sad  2.86 (4),      bridegroom  2.56 (5)
930117613.png,         emotion 11.09 (1),             Sad  9.20 (2),      bridegroom  5.94 (3),        feelings  5.67 (4),         website  3.13 (5)
663856196.png,Facial Expression  8.19 (1),         disgust  4.12 (2),      shower cap  3.52 (3),         emotion  3.06 (4),           Angry  2.46 (5)
846473394.png,Facial Expression  5.18 (1),         emotion  3.05 (2),    punching bag  2.53 (3),       harmonica  2.45 (4),         website  2.41 (5)
533592466.png,Facial Expression 15.23 (1),         emotion 11.68 (2),           Angry  7.30 (3),        feelings  2.86 (4),         website  1.91 (5)
63192476.png,Facial Expression  5.11 (1),      bridegroom  3.51 (2),         emotion  3.41 (3),             Sad  3.00 (4),       harmonica  2.91 (5)
647227244.png,Facial Expression 10.78 (1),         emotion  4.16 (2),         website  3.55 (3),        feelings  3.45 (4),             Sad  2.77 (5)
719758064.png,         emotion  3.50 (1),             Sad  3.09 (2),Facial Expression  2.81 (3),         disgust  2.56 (4),           Angry  1.90 (5)
52188273.png,Facial Expression 22.34 (1),         emotion  9.46 (2),           Angry  3.71 (3),           Happy  3.02 (4),        feelings  1.95 (5)
373100961.png,     Windsor tie  1.70 (1),         website  1.32 (2),Facial Expression  1.26 (3),         emotion  1.24 (4),        vestment  1.22 (5)
223480636.png,Facial Expression 15.58 (1),    Egyptian Mau  4.53 (2),         emotion  3.07 (3),          Kuvasz  2.46 (4),     face powder  1.62 (5)
335694527.png,Facial Expression  6.86 (1),         emotion  6.55 (2),             Sad  2.45 (3),        feelings  1.96 (4),      sunglasses  1.93 (5)
806759489.png,           Angry  9.50 (1),Facial Expression  4.49 (2),            mask  4.15 (3),         hatchet  4.02 (4),           screw  3.09 (5)
780471539.png,Facial Expression 18.47 (1),         emotion  6.79 (2),           Angry  3.21 (3),        Surprise  1.26 (4),           Happy  1.26 (5)
395004711.png,Facial Expression 22.97 (1),         emotion  5.12 (2),         disgust  3.75 (3),         website  2.38 (4),Yorkshire Terrier  2.35 (5)
774569387.png,Facial Expression 12.31 (1),         emotion  5.81 (2),           Angry  5.38 (3),             Sad  2.58 (4),     green mamba  2.54 (5)
547080762.png,Facial Expression 13.10 (1),             Sad  8.59 (2),         emotion  7.01 (3),           Angry  5.05 (4),         disgust  3.87 (5)
530487433.png,            newt  3.99 (1),          weasel  3.69 (2),     house finch  3.69 (3),Facial Expression  3.11 (4),           Angry  2.54 (5)
645856543.png,            mask  4.52 (1),         emotion  3.69 (2),Facial Expression  3.10 (3),           Angry  2.96 (4),           screw  1.69 (5)
95265637.png,           Happy  6.86 (1),         website  6.44 (2),Facial Expression  6.14 (3),         emotion  2.95 (4),           indri  2.86 (5)
889070313.png,         website 14.02 (1),         emotion  3.28 (2),        fur coat  2.44 (3),          bulbul  2.05 (4),        feelings  1.99 (5)
73589550.png,Facial Expression 16.66 (1),         emotion  4.62 (2),             Sad  2.85 (3),           Angry  2.36 (4),     poke bonnet  2.33 (5)
124030643.png,Facial Expression  9.49 (1),         emotion  6.73 (2),           Happy  5.32 (3),          maraca  3.23 (4),         website  1.70 (5)
121635995.png,Facial Expression 13.32 (1),         emotion  8.88 (2),           Angry  8.47 (3),       harmonica  3.59 (4),         disgust  2.62 (5)
968546681.png,Facial Expression 22.23 (1),         emotion 13.91 (2),           Angry  8.98 (3),           Happy  7.93 (4),             jay  1.94 (5)
104415276.png,           Angry 14.91 (1),Facial Expression  8.77 (2),         emotion  6.12 (3),         disgust  3.66 (4),           Happy  1.75 (5)
651956952.png,             Sad 15.19 (1),         emotion 13.83 (2),        feelings 12.02 (3),Facial Expression  5.95 (4),         website  2.85 (5)
324348619.png,         emotion  8.12 (1),             Sad  6.23 (2),        feelings  3.55 (3),Facial Expression  3.33 (4),      sunglasses  2.76 (5)
507452391.png,         Basenji 27.52 (1),      bridegroom 15.20 (2),Facial Expression  3.14 (3),     Windsor tie  3.09 (4),         bow tie  1.76 (5)
944953910.png,         emotion  9.43 (1),             Sad  7.57 (2),        feelings  5.46 (3),Facial Expression  3.99 (4),       harmonica  2.74 (5)
91170014.png,Facial Expression  3.34 (1),         emotion  2.37 (2),    Ibizan Hound  2.12 (3),         website  1.35 (4),        feelings  1.13 (5)
691634575.png,Facial Expression 14.45 (1),      bridegroom 14.00 (2),     Windsor tie  6.31 (3),         emotion  3.33 (4),         bow tie  3.28 (5)
138261445.png,Facial Expression  8.29 (1),balaclava ski mask  6.07 (2),           Angry  5.79 (3),         emotion  3.74 (4),             jay  3.30 (5)
360520012.png,Facial Expression  5.77 (1),         emotion  5.59 (2),           Happy  4.71 (3),           Angry  4.50 (4),      bridegroom  2.68 (5)
706466298.png,   baby pacifier 17.16 (1),        baby bib 10.40 (2),           Angry  9.32 (3),         emotion  8.76 (4),         disgust  8.23 (5)
897968979.png,Facial Expression 19.22 (1),         emotion 11.29 (2),         disgust  4.64 (3),             Sad  4.36 (4),        feelings  2.77 (5)
123118104.png,Facial Expression 27.31 (1),         emotion 12.50 (2),           Angry 11.56 (3),         disgust  3.70 (4),             Sad  3.70 (5)
415284444.png,Facial Expression  6.32 (1),      neck brace  2.44 (2),balaclava ski mask  2.29 (3),            mask  1.84 (4),          maraca  1.70 (5)
615631352.png,           Angry 34.47 (1),        meatloaf  7.57 (2),         emotion  5.81 (3),         disgust  5.12 (4),Facial Expression  3.75 (5)
862288457.png,Facial Expression 28.22 (1),         disgust  5.06 (2),         emotion  4.54 (3),           Angry  4.26 (4),        feelings  1.26 (5)
623776146.png,         emotion  6.62 (1),Facial Expression  4.14 (2),           Angry  3.96 (3),        feelings  2.80 (4),        Papillon  2.76 (5)
861624477.png,         emotion 20.50 (1),Facial Expression 18.09 (2),        feelings  6.87 (3),             Sad  4.87 (4),           Angry  3.79 (5)
22827240.png,Facial Expression 19.27 (1),         emotion  4.50 (2),       harmonica  3.62 (3),     face powder  2.16 (4),          borzoi  1.76 (5)
762588866.png,        vestment  4.05 (1),Facial Expression  3.80 (2),           Angry  2.66 (3),           Boxer  2.38 (4),Appenzeller Sennenhund  1.64 (5)
720867090.png,Facial Expression 16.25 (1),         emotion  5.71 (2),        feelings  2.65 (3),           Happy  1.61 (4),           Angry  1.44 (5)
325732011.png,      sunglasses 12.09 (1),      sunglasses 12.09 (2),Facial Expression  3.21 (3),           Happy  2.34 (4),      bridegroom  1.33 (5)
936251894.png,Facial Expression 22.05 (1),         emotion  6.52 (2),         disgust  1.73 (3),        feelings  1.43 (4),           Angry  1.43 (5)
973152286.png,Facial Expression  3.12 (1),         website  2.67 (2),         emotion  1.48 (3),           Angry  1.15 (4),        feelings  0.94 (5)
629093404.png,Facial Expression 30.00 (1),         disgust  6.91 (2),           Angry  6.19 (3),         emotion  5.05 (4),             Sad  2.07 (5)
283827712.png,Facial Expression 15.76 (1),         emotion 13.27 (2),             Sad 11.71 (3),         disgust  4.45 (4),           Angry  3.80 (5)
735750280.png,Facial Expression  3.92 (1),'Geoffroy''s spider monkey  3.52 (2)',   howler monkey  2.53 (3),         emotion  1.83 (4),            newt  1.64 (5)
829734335.png,ruler measuring stick  0.92 (1),      bridegroom  0.90 (2),         website  0.86 (3),Norwegian Elkhound  0.84 (4),    mobile phone  0.82 (5)
864449883.png,        meatloaf 18.11 (1),Facial Expression  6.16 (2),           Angry  5.61 (3),         disgust  4.51 (4),         emotion  2.73 (5)
21427360.png,Facial Expression 40.72 (1),         emotion  3.91 (2),         disgust  3.24 (3),           Angry  2.90 (4),        lipstick  1.93 (5)
403879247.png,         emotion 13.62 (1),             Sad 10.78 (2),        feelings  7.53 (3),Facial Expression  6.34 (4),         disgust  1.79 (5)
168055405.png,Facial Expression 15.62 (1),           Angry 12.95 (2),         emotion  8.23 (3),         disgust  6.51 (4),             Sad  5.75 (5)
254774383.png,Facial Expression  1.88 (1),mortar and pestle  1.12 (2),           dingo  1.11 (3),         emotion  1.07 (4),     Windsor tie  1.06 (5)
993680807.png,Facial Expression  4.55 (1),         emotion  4.02 (2),         website  3.60 (3),      bridegroom  2.72 (4),         disgust  2.40 (5)
356905533.png,   baby pacifier 17.44 (1),        baby bib  8.50 (2),Facial Expression  3.38 (3),         emotion  1.70 (4),          maraca  1.62 (5)
971137314.png,Facial Expression  4.28 (1),      neck brace  1.08 (2),        meatloaf  0.94 (3),        bolo tie  0.90 (4),          weasel  0.82 (5)
866768034.png,      bridegroom  8.91 (1),Facial Expression  5.84 (2),         website  4.21 (3),         emotion  2.15 (4),American Staffordshire Terrier  1.96 (5)
428509464.png,Facial Expression 15.33 (1),         emotion  6.91 (2),        feelings  2.43 (3),           Angry  2.31 (4),           Happy  2.24 (5)
402335137.png,         emotion  8.85 (1),Facial Expression  6.57 (2),         website  4.52 (3),        feelings  3.41 (4),    electric fan  2.01 (5)
908674372.png,Facial Expression 36.88 (1),           Angry  5.07 (2),        meatloaf  3.43 (3),      neck brace  3.22 (4),         disgust  3.08 (5)
427522826.png,         emotion  4.78 (1),Facial Expression  4.71 (2),         website  3.09 (3),        feelings  2.19 (4),             Sad  1.68 (5)
353996948.png,Facial Expression 13.11 (1),            newt  2.84 (2),         emotion  2.21 (3),           Angry  2.01 (4),   howler monkey  1.77 (5)
482205857.png,Facial Expression  6.28 (1),         emotion  5.99 (2),         website  3.36 (3),          weasel  2.07 (4),             Sad  1.80 (5)
183990622.png, Standard Poodle  8.70 (1),'yellow lady''s slipper  4.18 (2)',Facial Expression  2.61 (3),proboscis monkey  2.38 (4),Irish Water Spaniel  2.38 (5)
715304263.png,           Angry 27.39 (1),         emotion 13.56 (2),Facial Expression  7.04 (3),         disgust  4.34 (4),       harmonica  3.60 (5)
518646506.png,         emotion  6.02 (1),Facial Expression  4.91 (2),        feelings  3.48 (3),             Sad  2.15 (4),     breastplate  1.84 (5)
184185457.png,Facial Expression 17.58 (1),         emotion  9.55 (2),           Angry  3.86 (3),         disgust  3.30 (4),             Sad  1.83 (5)
537928077.png,   baby pacifier 39.72 (1),        baby bib  8.33 (2),         emotion  1.32 (3),          maraca  1.30 (4),         thimble  1.28 (5)
792262831.png,Facial Expression 21.83 (1),           Angry  5.96 (2),         disgust  3.62 (3),         emotion  2.61 (4),             Sad  1.46 (5)
979532052.png,      sunglasses  2.68 (1),      sunglasses  2.68 (2),         website  2.64 (3),Facial Expression  1.81 (4),         emotion  1.55 (5)
723855896.png,Facial Expression 19.72 (1),           Angry 11.41 (2),         emotion  6.11 (3),         disgust  2.11 (4),   baby pacifier  1.15 (5)
4764155.png,Facial Expression  8.04 (1),         emotion  1.77 (2),         disgust  1.56 (3),           Angry  1.25 (4),        bolo tie  0.94 (5)
10967129.png,Facial Expression  3.44 (1),        hair wig  2.19 (2),      hair spray  2.15 (3),         emotion  1.93 (4),     white stork  1.84 (5)
730805029.png,Facial Expression 19.09 (1),        baby bib 11.95 (2),   baby pacifier  7.59 (3),           Angry  7.36 (4),         emotion  4.98 (5)
501226838.png,Facial Expression 15.75 (1),     face powder  2.57 (2),         emotion  1.44 (3),       pan flute  0.95 (4),       miniskirt  0.95 (5)
886300666.png,         emotion 23.23 (1),             Sad 15.00 (2),        feelings  8.95 (3),Facial Expression  6.16 (4),           Angry  2.03 (5)
571450641.png,Facial Expression 18.61 (1),         emotion  4.64 (2),        Band-Aid  4.02 (3),       harmonica  3.14 (4),         disgust  2.52 (5)
15429046.png,Facial Expression  2.79 (1),         website  2.50 (2),         emotion  2.10 (3),             Sad  1.83 (4),         monitor  1.01 (5)
870629497.png,   baby pacifier 23.28 (1),        baby bib 19.91 (2),Facial Expression 10.49 (3),        bassinet  6.77 (4),          diaper  2.87 (5)
472436154.png,Facial Expression  7.80 (1),         emotion  3.46 (2),          baboon  1.18 (3),           Angry  1.12 (4),         website  1.09 (5)
419278584.png,Facial Expression 23.41 (1),           Angry 10.23 (2),         disgust  7.96 (3),         emotion  5.56 (4),             Sad  4.13 (5)
396249049.png,Facial Expression  4.93 (1),         emotion  4.86 (2),         website  4.71 (3),        feelings  2.48 (4),             Sad  1.44 (5)
513376963.png,Facial Expression 16.94 (1),         emotion  7.06 (2),         disgust  3.96 (3),             Sad  3.78 (4),           Angry  2.99 (5)
7615078.png,Facial Expression  6.84 (1),         emotion  6.13 (2),           Angry  6.13 (3),         disgust  2.64 (4),           Happy  2.64 (5)
633239827.png,         website  8.69 (1),         emotion  4.95 (2),   baby pacifier  4.80 (3),          diaper  3.15 (4),Facial Expression  3.10 (5)
992325360.png,Facial Expression  7.43 (1),         emotion  2.00 (2),       pan flute  1.37 (3),       harmonica  1.25 (4),         website  1.05 (5)
621137042.png,Facial Expression 11.70 (1),         emotion  4.24 (2),'Geoffroy''s spider monkey  4.24 (3)',        plectrum  2.23 (4),         disgust  2.20 (5)
872576998.png,Facial Expression  8.05 (1),           Angry  4.80 (2),        meatloaf  3.52 (3),         disgust  3.30 (4),         emotion  2.49 (5)
206567676.png,     Bullmastiff  1.81 (1),         website  1.73 (2),         emotion  1.41 (3),           Angry  0.83 (4),         Maltese  0.68 (5)
897286572.png,Facial Expression  4.91 (1),         emotion  4.62 (2),           Happy  1.87 (3),      bridegroom  1.57 (4),      neck brace  1.55 (5)
656310281.png,           Angry  6.91 (1),Facial Expression  5.91 (2),            mask  5.14 (3),         emotion  3.21 (4),         disgust  3.02 (5)
797432900.png,      sunglasses 21.08 (1),      sunglasses 21.08 (2),loupe magnifying glass  3.44 (3),      binoculars  1.55 (4),Facial Expression  1.25 (5)
555759386.png,        meatloaf  7.36 (1),Facial Expression  6.59 (2),           Angry  3.26 (3),         emotion  3.02 (4),         disgust  1.38 (5)
65803683.png,Facial Expression 11.37 (1),         emotion  5.54 (2),           Angry  5.05 (3),          maraca  1.92 (4),         website  1.54 (5)
233216061.png,Facial Expression  7.39 (1),rotary dial telephone  3.28 (2),        payphone  3.04 (3),         emotion  2.44 (4),    mobile phone  1.62 (5)
136316088.png,Facial Expression  9.67 (1),'Geoffroy''s spider monkey  3.29 (2)',         emotion  3.04 (3),      bridegroom  2.81 (4),         website  2.81 (5)
132629450.png,Facial Expression  7.66 (1),         disgust  3.62 (2),             Sad  3.30 (3),     Windsor tie  2.96 (4),           Angry  2.45 (5)
285811765.png,Facial Expression 19.47 (1),         emotion  7.87 (2),        feelings  5.85 (3),             Sad  4.55 (4),          bulbul  2.36 (5)
660552167.png,Facial Expression 15.23 (1),         emotion  5.18 (2),         disgust  2.61 (3),             Sad  2.16 (4),         website  1.97 (5)
781516495.png,         emotion  3.30 (1),Facial Expression  3.24 (2),           Angry  2.95 (3),         disgust  2.73 (4),    king penguin  1.85 (5)
759585160.png,Facial Expression 22.92 (1),         emotion  7.32 (2),         disgust  3.30 (3),           Angry  3.05 (4),             Sad  1.74 (5)
456430247.png,Facial Expression 11.89 (1),         emotion  9.26 (2),           Angry  3.51 (3),         disgust  2.87 (4),         ostrich  2.17 (5)
595207407.png,      paintbrush  4.09 (1),       pan flute  3.61 (2),            oboe  2.37 (3),           quill  1.93 (4),           flute  1.90 (5)
353452601.png,Facial Expression 21.91 (1),        hornbill 10.67 (2),         emotion  9.72 (3),         disgust  3.16 (4),             Sad  2.57 (5)
272855893.png,rotary dial telephone 15.21 (1),        payphone  7.89 (2),    mobile phone  4.43 (3),Facial Expression  3.73 (4),       harmonica  2.30 (5)
459773548.png,Facial Expression 12.73 (1),           Angry  5.23 (2),         emotion  2.80 (3),         disgust  2.59 (4),        meatloaf  1.80 (5)
400120576.png,Facial Expression 17.58 (1),         emotion  4.51 (2),         disgust  2.00 (3),           Angry  1.94 (4),       pan flute  1.01 (5)
919115012.png,Facial Expression 16.38 (1),         emotion 14.02 (2),           Angry  5.84 (3),         disgust  5.66 (4),        feelings  3.60 (5)
523419287.png,         emotion 12.27 (1),             Sad  8.83 (2),        feelings  7.44 (3),Facial Expression  6.56 (4),         website  2.34 (5)
991754672.png,Facial Expression 12.46 (1),         emotion  6.07 (2),        feelings  2.87 (3),         website  2.07 (4),     face powder  1.66 (5)
609549261.png,Facial Expression 23.19 (1),         emotion 11.12 (2),         disgust  3.14 (3),       pan flute  2.77 (4),             Sad  2.48 (5)
319669022.png,Facial Expression  7.46 (1),         emotion  4.46 (2),           Angry  3.31 (3),             Sad  3.06 (4),         disgust  2.31 (5)
809250108.png,Facial Expression  8.80 (1),         emotion  6.34 (2),         disgust  3.45 (3),           Angry  3.19 (4),        feelings  2.91 (5)
615821637.png,Facial Expression 12.91 (1),         emotion  7.36 (2),      neck brace  6.29 (3),     poke bonnet  3.48 (4),        lipstick  1.89 (5)
451708852.png,Facial Expression 11.48 (1),     face powder  5.78 (2),           Happy  4.94 (3),         emotion  2.64 (4),      hair dryer  1.68 (5)
109542778.png,Facial Expression  2.52 (1),       pan flute  2.05 (2),           Angry  1.68 (3),            oboe  1.65 (4),         disgust  1.60 (5)
86074039.png,   baby pacifier 40.00 (1),        baby bib 15.92 (2),           Angry  7.76 (3),Facial Expression  5.95 (4),          diaper  4.78 (5)
689056359.png,         emotion  5.74 (1),        feelings  4.99 (2),Facial Expression  4.76 (3),             Sad  3.60 (4),Redbone Coonhound  3.17 (5)
503599527.png,Facial Expression 35.44 (1),           Angry 13.24 (2),           Boxer 10.48 (3),         emotion  2.41 (4),         disgust  1.82 (5)
179927754.png,           Angry 19.31 (1),         emotion  6.78 (2),Facial Expression  6.57 (3),         disgust  5.45 (4),        meatloaf  2.61 (5)
102898915.png,Facial Expression  4.96 (1),         emotion  4.88 (2),        feelings  4.05 (3),             Sad  2.96 (4),         Neutral  1.49 (5)
479415091.png,         emotion 30.11 (1),        feelings  8.90 (2),             Sad  8.49 (3),Facial Expression  6.93 (4),       harmonica  5.66 (5)
982232174.png,Facial Expression 22.69 (1),         emotion  1.92 (2),         disgust  1.89 (3),     stethoscope  1.70 (4),       pan flute  1.70 (5)
685102207.png,Facial Expression  5.80 (1),         emotion  4.66 (2),         disgust  1.97 (3),           Angry  1.69 (4),             Sad  1.38 (5)
843081739.png,Facial Expression 22.08 (1),         emotion  5.00 (2),         disgust  3.08 (3),        Band-Aid  2.56 (4),           Angry  2.48 (5)
196556796.png,Facial Expression 29.64 (1),         emotion  5.84 (2),           Angry  3.48 (3),         disgust  2.93 (4),        feelings  1.32 (5)
71591415.png,         emotion  7.80 (1),             Sad  5.89 (2),        feelings  4.24 (3),Facial Expression  2.87 (4),       harmonica  2.20 (5)
897334119.png,           Happy  3.89 (1),Facial Expression  2.67 (2),         emotion  2.25 (3),      neck brace  2.12 (4),   howler monkey  1.96 (5)
998593206.png,Facial Expression  8.91 (1),      bridegroom  6.62 (2),           Angry  3.95 (3),        hair wig  3.83 (4),              ox  3.23 (5)
772676674.png,Facial Expression 13.30 (1),         disgust  6.69 (2),           Angry  4.97 (3),         emotion  3.53 (4),        bolo tie  2.62 (5)
810600278.png,Facial Expression  2.59 (1),         website  1.43 (2),         emotion  1.41 (3),     breastplate  1.04 (4),        feelings  0.92 (5)
587828298.png,Facial Expression  4.14 (1),         website  2.94 (2),         emotion  2.55 (3),          bulbul  1.84 (4),     toy terrier  1.41 (5)
998090626.png,Facial Expression 27.66 (1),         emotion  3.63 (2),             Sad  1.61 (3),           Angry  1.31 (4),         website  1.27 (5)
609464989.png,           Angry 22.52 (1),Facial Expression 15.00 (2),   baby pacifier  6.26 (3),         disgust  4.04 (4),         emotion  3.91 (5)
114900885.png,         emotion  2.09 (1),Facial Expression  1.84 (2),         bow tie  1.08 (3),         website  0.97 (4),           Happy  0.83 (5)
230902590.png,      shower cap 34.84 (1),Facial Expression  7.65 (2),     poke bonnet  3.45 (3),         emotion  1.96 (4),     face powder  1.58 (5)
585604258.png, baseball player  6.18 (1),         emotion  5.80 (2),Facial Expression  2.10 (3),      bridegroom  2.10 (4),         website  1.94 (5)
885775334.png,           Angry 41.59 (1),Facial Expression  7.01 (2),         emotion  6.28 (3),         disgust  2.66 (4),    punching bag  1.64 (5)
992032955.png,Facial Expression  5.96 (1),           ladle  2.30 (2),           Angry  2.19 (3),       pan flute  2.19 (4),         disgust  2.09 (5)
754743767.png,        meatloaf  4.77 (1),Facial Expression  3.71 (2),         disgust  2.80 (3),           Angry  2.36 (4),        corn cob  1.59 (5)
578305344.png,Facial Expression 21.42 (1),     titi monkey  6.43 (2),         emotion  5.34 (3),         disgust  3.29 (4),           Angry  2.44 (5)
581619693.png,Facial Expression 18.50 (1),           Happy  3.07 (2),         emotion  2.79 (3),     face powder  1.98 (4),           Angry  1.92 (5)
482891772.png,         emotion  8.63 (1),           Angry  6.12 (2),      bridegroom  4.77 (3),Facial Expression  4.62 (4),         website  1.73 (5)
118033102.png,Facial Expression 20.41 (1), Tibetan Mastiff  2.64 (2),Redbone Coonhound  1.93 (3),           Angry  1.76 (4),         emotion  1.73 (5)
578915592.png,Facial Expression 21.45 (1),         emotion  6.65 (2),         disgust  4.16 (3),           Angry  4.09 (4),             Sad  2.48 (5)
478963598.png,Facial Expression  3.13 (1),           Angry  3.04 (2),   baby pacifier  2.77 (3),         emotion  2.44 (4),        baby bib  2.26 (5)
285520318.png,         emotion  2.19 (1),         website  1.94 (2), Norwich Terrier  1.63 (3),        feelings  1.58 (4),Facial Expression  1.58 (5)
402889769.png,Facial Expression  3.67 (1),          muzzle  3.55 (2),         emotion  2.77 (3),       harmonica  1.81 (4),   baby pacifier  1.68 (5)
73188770.png,          bulbul 77.06 (1),Facial Expression 10.93 (2),         emotion  1.78 (3),           Angry  1.00 (4),         disgust  0.73 (5)
384897248.png,Facial Expression  3.14 (1),           Angry  2.90 (2),        vestment  2.41 (3),         disgust  1.90 (4),             Sad  1.31 (5)
398903024.png,Facial Expression 20.06 (1),         emotion 13.58 (2),        feelings  6.21 (3),           Angry  4.01 (4),         disgust  3.54 (5)
335234201.png,Facial Expression 23.22 (1),         emotion  4.87 (2),           Happy  4.04 (3),        hornbill  1.97 (4),           Angry  1.63 (5)
760958234.png,Facial Expression 23.47 (1),         emotion  5.66 (2),           Angry  5.07 (3),         disgust  3.49 (4),             Sad  2.47 (5)
453725700.png,Facial Expression 14.13 (1),         emotion  6.57 (2),           Angry  5.71 (3),           Happy  1.80 (4),          muzzle  1.71 (5)
152003704.png,Miniature Pinscher  2.95 (1),     toy terrier  1.99 (2),Facial Expression  1.41 (3),         emotion  1.02 (4),       Dobermann  1.02 (5)
414313639.png,Facial Expression  5.99 (1),         emotion  5.21 (2),             Sad  2.70 (3),       harmonica  2.38 (4),American Staffordshire Terrier  2.38 (5)
438703523.png,Facial Expression 16.38 (1),           Angry  5.66 (2),         emotion  4.27 (3),         disgust  3.48 (4),       pan flute  2.71 (5)
430826116.png,Facial Expression  6.93 (1),         emotion  6.31 (2),           Angry  4.69 (3),southern black widow  4.34 (4),   howler monkey  2.98 (5)
612060416.png,Facial Expression 11.14 (1),         emotion  3.73 (2),           Angry  2.82 (3),        hair wig  2.30 (4),      hair dryer  1.91 (5)
764458371.png,Facial Expression  3.21 (1),        bolo tie  2.96 (2),         emotion  2.27 (3),           Happy  1.83 (4),         monitor  1.25 (5)
765831898.png,Facial Expression  5.07 (1),     Windsor tie  3.54 (2),      bridegroom  3.17 (3),      Dutch oven  1.99 (4),      chiffonier  1.84 (5)
224914489.png,Facial Expression 15.49 (1),rotary dial telephone  6.36 (2),         emotion  6.07 (3),       harmonica  4.30 (4),           Angry  2.45 (5)
850785804.png,Facial Expression 12.16 (1),             Sad  9.62 (2),         emotion  6.02 (3),         disgust  3.48 (4),        feelings  3.27 (5)
664621795.png,Facial Expression  4.45 (1),       harmonica  2.78 (2),         emotion  2.49 (3),       pan flute  1.58 (4),   baby pacifier  1.49 (5)
217319797.png,Facial Expression  5.66 (1),       harmonica  4.27 (2),         emotion  3.71 (3),        feelings  2.18 (4),             Sad  1.70 (5)
778757601.png,Facial Expression 12.62 (1),         emotion  6.97 (2),           Angry  5.78 (3),          maraca  4.10 (4),       harmonica  2.77 (5)
412566242.png,     Windsor tie  7.05 (1),Facial Expression  5.32 (2),           Angry  3.96 (3),         disgust  3.54 (4),         emotion  2.55 (5)
382291055.png,Facial Expression 10.24 (1),       harmonica  4.47 (2),   baby pacifier  4.27 (3),         emotion  2.51 (4),       pan flute  2.47 (5)
496107812.png,Facial Expression 12.84 (1),         emotion  8.83 (2),           Angry  8.03 (3),           indri  7.09 (4),        feelings  2.30 (5)
173388840.png,        bassinet 25.09 (1),   baby pacifier 20.17 (2),        baby bib  7.19 (3),      infant bed  3.14 (4),          cradle  2.09 (5)
38100541.png,Facial Expression  5.62 (1),         emotion  3.57 (2),           Angry  2.83 (3),southern black widow  2.38 (4),           tench  1.36 (5)
244065404.png,   baby pacifier 18.83 (1),        bassinet 12.74 (2),        baby bib  8.10 (3),          diaper  7.15 (4),      infant bed  4.34 (5)
458145090.png,Facial Expression  8.52 (1),         emotion  2.60 (2),           Happy  1.57 (3),          cougar  1.55 (4),     French horn  1.19 (5)
158703455.png,Facial Expression  3.71 (1),         website  2.32 (2),         emotion  2.21 (3),        feelings  1.32 (4),          bulbul  1.17 (5)
956034859.png,Facial Expression 26.48 (1),         emotion  8.74 (2),           Angry  5.22 (3),         disgust  5.14 (4),           Happy  2.50 (5)
765372133.png,Facial Expression 16.00 (1),           Angry  9.27 (2),      bridegroom  4.18 (3),           Boxer  3.30 (4),         disgust  2.61 (5)
240719254.png,Facial Expression 17.47 (1),          bulbul 17.47 (2),         emotion  6.53 (3),        feelings  3.60 (4),             Sad  3.08 (5)
588082962.png,        meatloaf 12.18 (1),Facial Expression  9.05 (2),        hair wig  4.70 (3),           Happy  3.38 (4),           Angry  3.03 (5)
612749059.png,           Angry 14.50 (1),Facial Expression 12.59 (2),         emotion  3.79 (3),         disgust  3.50 (4),            mask  3.29 (5)
567952657.png,Facial Expression 10.27 (1),           Angry  7.16 (2),         emotion  4.34 (3),      bridegroom  3.84 (4),         disgust  2.52 (5)
473172274.png,Facial Expression 19.91 (1),         emotion 10.34 (2),       harmonica  4.05 (3),         disgust  3.35 (4),        feelings  2.74 (5)
344147289.png,Facial Expression 12.72 (1),         emotion 12.32 (2),      black swan  9.02 (3),           indri  3.02 (4),           Angry  2.84 (5)
466772071.png,Facial Expression  7.18 (1),         emotion  2.64 (2),          maraca  1.44 (3),         disgust  1.19 (4),       pan flute  1.17 (5)
81588202.png,Facial Expression 17.44 (1),         emotion  4.92 (2),           Angry  4.27 (3),         disgust  1.34 (4),         website  1.22 (5)
93784835.png,          Kuvasz  6.49 (1),Facial Expression  4.61 (2),balaclava ski mask  3.48 (3),      bridegroom  2.62 (4),      neck brace  2.28 (5)
645975201.png,Facial Expression  3.34 (1),         emotion  2.52 (2),          weasel  1.73 (3),         vulture  1.50 (4),           Happy  1.33 (5)
932129010.png,         website  2.34 (1),Facial Expression  2.10 (2),         emotion  1.63 (3),             Sad  1.61 (4),        feelings  1.35 (5)
397695672.png,         emotion 11.63 (1),Facial Expression 10.92 (2),             Sad  4.93 (3),        feelings  4.21 (4),         disgust  1.43 (5)
614914252.png,          bulbul  5.09 (1),Facial Expression  3.23 (2),        hair wig  2.77 (3),           indri  2.09 (4),         website  1.60 (5)
247587846.png,Facial Expression  9.91 (1),         emotion  2.04 (2),      neck brace  1.09 (3),     face powder  1.09 (4),     coffeemaker  1.08 (5)
852526244.png,         emotion 22.97 (1),Facial Expression 10.19 (2),        feelings  4.38 (3),             Sad  4.32 (4),         website  2.88 (5)
634018445.png,Facial Expression 12.46 (1),             Sad  6.88 (2),         emotion  5.80 (3),        feelings  4.38 (4),         disgust  2.65 (5)
321709177.png,Facial Expression 10.96 (1),         emotion  4.16 (2),           Angry  3.29 (3),             Sad  3.00 (4),         disgust  2.56 (5)
847562519.png,Facial Expression 22.69 (1),         emotion  8.09 (2),         disgust  2.71 (3),             Sad  2.71 (4),        feelings  2.25 (5)
420335012.png,           Angry 30.25 (1),Facial Expression  9.09 (2),         emotion  6.34 (3),         disgust  2.60 (4),         website  1.42 (5)
469195334.png,Facial Expression  6.54 (1),      bridegroom  5.09 (2),      leafhopper  2.06 (3),         jacamar  1.99 (4),            tick  1.65 (5)
283946813.png,Facial Expression 15.72 (1),           Angry  9.39 (2),         emotion  8.03 (3),         disgust  2.20 (4),           Happy  2.13 (5)
754467555.png,       harmonica  6.32 (1),       pan flute  6.13 (2),           conch  2.76 (3),         burrito  2.68 (4),            oboe  1.93 (5)
8713244.png,         emotion 19.56 (1),Facial Expression 11.88 (2),             Sad  5.27 (3),        feelings  4.87 (4),           Angry  3.40 (5)
284731943.png,Facial Expression  8.91 (1),         emotion  5.00 (2),        feelings  1.90 (3),           Angry  1.75 (4),         website  1.43 (5)
944823324.png,Facial Expression 13.56 (1),         emotion  7.85 (2),           Angry  5.39 (3),           Happy  4.77 (4),   baby pacifier  2.71 (5)
961584994.png,Facial Expression 18.30 (1),         disgust 14.94 (2),           Angry  8.24 (3),         emotion  6.04 (4),             Sad  2.99 (5)
676570568.png,Facial Expression  5.87 (1),           indri  3.14 (2),         emotion  2.77 (3),           Happy  1.48 (4),     titi monkey  1.35 (5)
569335265.png,   Japanese Chin 24.62 (1),         emotion  5.08 (2),Facial Expression  4.48 (3),           Angry  4.34 (4),        Papillon  4.15 (5)
931236249.png,Facial Expression 13.84 (1),         emotion 13.00 (2),        feelings  5.68 (3),             Sad  3.67 (4),         disgust  1.82 (5)
675524026.png,            newt  8.39 (1),        marmoset  3.04 (2),        baby bib  2.48 (3),Facial Expression  2.26 (4),         thimble  2.22 (5)
63263025.png,Facial Expression 19.39 (1),           Angry 15.09 (2),         emotion  5.14 (3),         disgust  2.66 (4),    punching bag  1.59 (5)
799900941.png,Facial Expression  4.25 (1),         emotion  1.49 (2),       pan flute  1.12 (3),       Crock Pot  0.73 (4),        baby bib  0.72 (5)
355330149.png,Facial Expression 15.71 (1),         emotion 13.23 (2),           Angry  4.36 (3),        feelings  2.61 (4),             Sad  2.45 (5)
724231321.png,      bridegroom  4.43 (1),         website  3.04 (2),         emotion  2.61 (3),Facial Expression  1.71 (4),        feelings  1.63 (5)
845080251.png,Facial Expression  8.91 (1),     breastplate  2.22 (2),         emotion  1.99 (3),          cougar  1.73 (4),         website  1.70 (5)
105051594.png,Facial Expression 24.25 (1),         disgust  4.28 (2),         emotion  4.15 (3),           Angry  2.15 (4),             Sad  1.48 (5)
993565201.png,Facial Expression  9.92 (1),         emotion  9.92 (2),       harmonica  7.97 (3),        feelings  7.61 (4),             Sad  4.33 (5)
149762228.png,Facial Expression 20.91 (1),         emotion 10.03 (2),             Sad  4.52 (3),           Angry  4.31 (4),        feelings  3.93 (5)
176276433.png,Facial Expression 17.83 (1),        baby bib 15.23 (2),   baby pacifier 10.98 (3),         emotion  5.11 (4),           Angry  3.30 (5)
87372949.png,           Angry 20.42 (1),         emotion 18.89 (2),Facial Expression 12.98 (3),        meatloaf  4.35 (4),         disgust  3.44 (5)
893284551.png,Facial Expression  7.19 (1),           Angry  6.65 (2),         emotion  4.95 (3),         disgust  2.26 (4),         website  1.44 (5)
949470050.png,Facial Expression  5.39 (1),       harmonica  2.67 (2),     Windsor tie  2.51 (3),pencil sharpener  2.51 (4),         emotion  2.21 (5)
568527686.png,Facial Expression  8.16 (1),           Happy  4.50 (2),         emotion  2.82 (3),   howler monkey  1.21 (4),      hair spray  1.16 (5)
12173816.png,Facial Expression  8.78 (1),         website  5.67 (2),         emotion  2.76 (3),     face powder  2.19 (4),        feelings  1.93 (5)
184648450.png,Facial Expression  4.02 (1),             jay  3.13 (2),         emotion  2.68 (3),Shetland Sheepdog  2.15 (4),           Angry  1.81 (5)
613579162.png,Facial Expression  4.95 (1),         disgust  4.95 (2),           Angry  2.45 (3),         emotion  2.20 (4),         website  1.85 (5)
190256821.png,     Windsor tie  6.95 (1),      bridegroom  6.43 (2),loupe magnifying glass  3.49 (3),        bolo tie  2.81 (4),            newt  1.79 (5)
331075096.png,           Angry 24.03 (1),         emotion  5.89 (2),Facial Expression  4.11 (3),         disgust  2.65 (4),           screw  1.47 (5)
950104792.png,Facial Expression 21.97 (1),         emotion  5.06 (2),           Happy  4.98 (3),           Angry  1.38 (4),        Surprise  1.30 (5)
788246364.png,   baby pacifier 15.14 (1),           Angry 10.73 (2),Facial Expression  9.77 (3),         emotion  5.39 (4),        baby bib  5.31 (5)
204274851.png,         emotion 23.75 (1),        feelings  9.90 (2),Facial Expression  8.74 (3),             Sad  6.29 (4),         website  2.04 (5)
969949898.png,   baby pacifier 10.53 (1),Facial Expression  9.89 (2),        baby bib  8.08 (3),         emotion  6.91 (4),             Sad  6.59 (5)
266876097.png,        baby bib 29.69 (1),   baby pacifier 17.72 (2),Facial Expression  8.38 (3),          diaper  4.48 (4),         emotion  1.81 (5)
823219779.png,Facial Expression  9.22 (1),           Angry  4.03 (2),     Windsor tie  2.77 (3),         disgust  1.44 (4),         emotion  1.41 (5)
389559703.png,        vestment  2.99 (1),            newt  2.52 (2),Facial Expression  2.48 (3),           Angry  2.09 (4),             Sad  2.03 (5)
160134057.png,      sunglasses  9.80 (1),      sunglasses  9.80 (2),           Angry  8.13 (3),         emotion  6.34 (4),Facial Expression  2.44 (5)
223969103.png,         emotion 19.39 (1),        feelings  8.09 (2),             Sad  4.83 (3),Facial Expression  3.64 (4),         disgust  1.59 (5)
294808281.png,Facial Expression 13.10 (1),         emotion  7.94 (2),           Happy  4.97 (3),           Angry  3.36 (4),        feelings  2.07 (5)
175534054.png,         website  1.58 (1),           Angry  1.48 (2),Facial Expression  1.39 (3),         emotion  1.23 (4),         disgust  1.19 (5)
642461283.png,         website  3.52 (1),      hair dryer  2.66 (2),Facial Expression  2.54 (3),       hair clip  2.46 (4),           Happy  2.04 (5)
542916874.png,Facial Expression 25.73 (1),         emotion  4.20 (2),           Angry  3.48 (3),         disgust  2.08 (4),         website  1.70 (5)
716337860.png,           Angry 18.33 (1),Facial Expression 15.20 (2),         emotion  5.68 (3),         website  2.81 (4),         disgust  2.16 (5)
942800195.png,         website  3.29 (1),           Happy  1.16 (2),          cougar  0.94 (3),Facial Expression  0.77 (4),     cowboy boot  0.76 (5)
472484384.png,   baby pacifier 12.16 (1),Facial Expression  6.41 (2),         emotion  3.95 (3),        baby bib  3.38 (4),          maraca  2.71 (5)
559842487.png,Facial Expression  8.04 (1),         disgust  1.97 (2),             jay  1.94 (3),        meatloaf  1.58 (4),           Angry  1.44 (5)
224966809.png,Facial Expression 12.32 (1),         emotion  4.39 (2),     face powder  1.98 (3),      neck brace  1.59 (4),       harmonica  1.34 (5)
989348090.png,Facial Expression  5.70 (1),balaclava ski mask  2.61 (2),           abaya  2.00 (3),      neck brace  1.74 (4),     breastplate  1.66 (5)
727381001.png,Facial Expression 13.77 (1),         emotion  6.61 (2),        feelings  3.27 (3),             Sad  2.59 (4),         website  2.51 (5)
862583249.png,Facial Expression 15.72 (1),         emotion 10.47 (2),             Sad  4.50 (3),         disgust  3.30 (4),        feelings  2.82 (5)
763905468.png,Facial Expression  6.12 (1),          gibbon  1.52 (2),     Windsor tie  1.41 (3),     coffeemaker  1.00 (4),    clothes iron  0.91 (5)
622658170.png,     Pickelhaube  4.15 (1),           Angry  2.72 (2),        bolo tie  1.65 (3),          shield  1.57 (4),         emotion  1.31 (5)
327530832.png,Facial Expression 21.77 (1),         emotion 10.95 (2),         disgust  5.59 (3),        feelings  3.13 (4),             Sad  2.09 (5)
496886674.png,Facial Expression 28.00 (1),           Angry 12.42 (2),         emotion  4.57 (3),         disgust  4.16 (4),           Boxer  1.93 (5)
15652611.png,Facial Expression  5.49 (1),         emotion  2.08 (2),   howler monkey  1.00 (3),           Angry  0.82 (4),       pan flute  0.82 (5)
851686567.png,Facial Expression 10.48 (1),         emotion  5.78 (2),           Angry  3.40 (3),           Happy  2.41 (4),      neck brace  1.68 (5)
824821586.png,Facial Expression 15.84 (1),           Angry 14.88 (2),         emotion  6.30 (3),         disgust  3.02 (4),      bridegroom  1.41 (5)
607510765.png,           Happy  2.31 (1),Facial Expression  1.80 (2),         website  1.71 (3),      chain mail  1.11 (4),         emotion  1.02 (5)
880363112.png,        bassinet 26.91 (1),   baby pacifier 12.32 (2),        baby bib 11.76 (3),           Happy  8.34 (4),          diaper  7.02 (5)
871423569.png,     Windsor tie 19.73 (1),          cicada  5.39 (2),Facial Expression  3.95 (3),         emotion  3.12 (4),           Angry  1.62 (5)
984546405.png,         emotion  7.33 (1),        feelings  3.10 (2),             Sad  2.78 (3),Facial Expression  2.53 (4),       pan flute  1.69 (5)
783902549.png,Facial Expression  4.66 (1),         emotion  2.57 (2),         disgust  2.04 (3),             Sad  1.56 (4),          maraca  1.02 (5)
851662614.png,     Windsor tie  5.81 (1),      bridegroom  4.82 (2),            mink  3.41 (3),        bolo tie  2.07 (4),         bow tie  1.34 (5)
345651235.png,Facial Expression  7.14 (1),         emotion  2.32 (2),     face powder  1.75 (3),             jay  1.18 (4),        feelings  0.98 (5)
166556085.png,Facial Expression 15.33 (1),         emotion  9.01 (2),           Happy  3.37 (3),             Sad  3.07 (4),           Angry  2.84 (5)
693812463.png,Facial Expression 32.19 (1),           Angry  2.81 (2),         emotion  2.77 (3),'Geoffroy''s spider monkey  2.09 (4)',         disgust  1.55 (5)
267697464.png,         emotion  6.54 (1),        feelings  3.50 (2),Facial Expression  3.24 (3),     face powder  3.24 (4),         website  2.73 (5)
110632355.png,   baby pacifier  8.06 (1),        baby bib  6.90 (2),Facial Expression  3.16 (3),          muzzle  3.06 (4),         emotion  2.24 (5)
777953454.png,Bluetick Coonhound  3.55 (1),        vestment  2.64 (2),   ruffed grouse  2.19 (3),      bridegroom  2.15 (4),     Windsor tie  1.79 (5)
52622860.png,Facial Expression 30.08 (1),           Angry 12.34 (2),         disgust  8.35 (3),         emotion  7.03 (4),       Chow Chow  3.27 (5)
776618260.png,Facial Expression  3.07 (1),           Angry  2.18 (2),         jacamar  2.08 (3),         disgust  1.83 (4),         emotion  1.80 (5)
488938722.png,Facial Expression  7.39 (1),         emotion  7.39 (2),        feelings  5.66 (3),             Sad  4.62 (4),         disgust  2.36 (5)
296049003.png,Facial Expression 10.39 (1),           Angry  3.27 (2),         emotion  2.39 (3),        meatloaf  2.36 (4),         disgust  2.14 (5)
149345885.png,     Windsor tie  7.04 (1),Facial Expression  6.82 (2),           Angry  3.17 (3),          weasel  2.47 (4),        hornbill  2.39 (5)
103220284.png,Facial Expression  3.25 (1),         emotion  2.10 (2),         website  1.40 (3),      bridegroom  1.20 (4),        feelings  1.01 (5)
108810956.png,           Angry 14.69 (1),Facial Expression 13.17 (2),         emotion  9.05 (3),         disgust  5.57 (4),            tick  3.03 (5)
321325.png,Facial Expression 19.58 (1),         emotion 12.65 (2),           indri  3.92 (3),           Angry  3.15 (4),        feelings  2.87 (5)
910656531.png,         website  1.49 (1),     Windsor tie  1.38 (2),     black stork  1.11 (3),         emotion  0.96 (4),        vestment  0.79 (5)
927578503.png,Facial Expression 15.12 (1),         emotion 14.44 (2),        feelings  7.38 (3),             Sad  5.15 (4),         website  3.59 (5)
769332083.png,Facial Expression  4.80 (1),         emotion  2.74 (2),         website  1.80 (3),           Happy  1.12 (4),           Angry  1.07 (5)
325659079.png,      Great Dane 22.97 (1),         emotion  5.12 (2),         macaque  3.47 (3),Facial Expression  2.92 (4),        feelings  2.46 (5)
680387359.png,Facial Expression 12.68 (1),         emotion  5.81 (2),        feelings  2.46 (3),     face powder  2.46 (4),        consomme  2.35 (5)
41014832.png,         website  4.82 (1),        envelope  1.64 (2),      slide rule  1.40 (3), hard disk drive  1.34 (4),         printer  1.13 (5)
205180493.png,Facial Expression 11.58 (1),         disgust  3.22 (2),           Angry  2.39 (3),            mask  2.18 (4),      bridegroom  2.01 (5)
982698259.png,       harmonica  9.61 (1),rotary dial telephone  4.68 (2),Facial Expression  3.88 (3),       pan flute  3.38 (4),         Basenji  2.71 (5)
572233942.png,         emotion  5.11 (1),             Sad  3.68 (2),         website  3.46 (3),           tench  3.41 (4),           Angry  3.25 (5)
61491359.png,Facial Expression  4.51 (1),           Angry  2.87 (2),         website  2.69 (3),         emotion  2.65 (4),         disgust  2.03 (5)
173976709.png,         emotion 21.28 (1),             Sad 13.95 (2),        feelings  8.73 (3),Facial Expression  6.19 (4),         website  1.98 (5)
935368905.png,Facial Expression 13.10 (1),         emotion  3.47 (2),         disgust  2.62 (3),           Angry  2.11 (4),     toy terrier  1.92 (5)
173231523.png,Facial Expression 12.20 (1),         emotion  4.63 (2),          muzzle  3.23 (3),         disgust  1.90 (4),       harmonica  1.65 (5)
226415188.png,Facial Expression  1.44 (1),           indri  1.22 (2),     breastplate  1.01 (3),     poke bonnet  0.95 (4),         jacamar  0.86 (5)
596436616.png,Facial Expression  7.26 (1),         emotion  5.31 (2),           Angry  4.76 (3),             Sad  4.01 (4),         vulture  2.05 (5)
362561067.png,Facial Expression 12.34 (1),     green mamba 12.15 (2),         emotion  3.32 (3),         website  2.55 (4),           Angry  2.47 (5)
180728453.png,             pug 14.88 (1),Facial Expression 14.20 (2),         emotion  6.81 (3),         gorilla  3.37 (4),           Angry  3.27 (5)
247303779.png,Facial Expression  5.35 (1),European polecat  4.79 (2),black-and-white colobus  4.43 (3),      bridegroom  4.16 (4),        Papillon  2.00 (5)
912652538.png,Facial Expression 33.12 (1),           Angry  6.52 (2),         emotion  5.24 (3),         disgust  3.08 (4),         monitor  0.93 (5)
41885198.png,           Angry 24.25 (1),Facial Expression 13.60 (2),        meatloaf  5.50 (3),         emotion  5.08 (4),           Boxer  4.15 (5)
813988578.png,           Angry 34.69 (1),Facial Expression 22.75 (2),         emotion  8.24 (3),         disgust  3.38 (4),  Boston Terrier  2.25 (5)
733870000.png,      prayer rug  4.62 (1),         emotion  3.78 (2),         website  2.81 (3),      bridegroom  2.76 (4),        vestment  2.12 (5)
158341551.png,Facial Expression 10.89 (1),           Angry 10.56 (2),         emotion  4.61 (3),         disgust  3.48 (4),pencil sharpener  1.83 (5)
143245023.png,Facial Expression 11.34 (1),         emotion  6.26 (2),           Angry  4.51 (3),        meatloaf  3.25 (4),     poke bonnet  3.00 (5)
680946552.png,Facial Expression 10.71 (1),         emotion  2.63 (2),           Angry  2.32 (3),           tench  1.38 (4),         website  1.20 (5)
275170022.png,Facial Expression  2.84 (1),     poke bonnet  2.54 (2),         emotion  1.52 (3),         disgust  1.42 (4),             Sad  1.34 (5)
590915979.png,           Angry 20.92 (1),Facial Expression 17.89 (2),         emotion  5.12 (3),         disgust  3.99 (4),    punching bag  1.24 (5)
124046098.png,      bridegroom  2.35 (1),     Windsor tie  2.31 (2),black-and-white colobus  1.89 (3),Italian Greyhound  1.72 (4),          guenon  1.61 (5)
591188832.png,Facial Expression 14.19 (1),         emotion  3.21 (2),           Angry  2.84 (3),         disgust  1.86 (4),       drumstick  1.13 (5)
117774264.png,      bridegroom  3.22 (1),     Windsor tie  2.79 (2),        lab coat  2.54 (3),         website  1.50 (4),       partridge  1.26 (5)
690224920.png,         emotion  6.08 (1),        feelings  5.20 (2),Facial Expression  2.87 (3),           junco  2.54 (4),             Sad  2.20 (5)
676997241.png,Facial Expression  8.95 (1),         emotion  6.34 (2),             Sad  4.22 (3),        feelings  2.95 (4),         disgust  2.56 (5)
253373662.png,Facial Expression  3.95 (1),         emotion  2.18 (2),          poncho  1.34 (3),     poke bonnet  1.05 (4),         disgust  0.87 (5)
826527878.png,shoji screen / room divider  4.91 (1),  Asian elephant  2.98 (2),         website  2.43 (3),          kimono  1.59 (4),     Windsor tie  1.43 (5)
329167287.png,Facial Expression 36.66 (1),           Angry  6.37 (2),         emotion  6.27 (3),          bulbul  4.96 (4),         disgust  3.36 (5)
497149242.png,Facial Expression 18.30 (1),           Angry  8.00 (2),         emotion  6.32 (3),'Geoffroy''s spider monkey  2.94 (4)',         disgust  2.89 (5)
481839899.png,Facial Expression 11.62 (1),         disgust 10.25 (2),           Angry  2.80 (3),            slug  2.51 (4),         emotion  2.36 (5)
290778303.png,Facial Expression  7.49 (1),           Happy  6.21 (2),      bridegroom  3.60 (3),        hornbill  3.22 (4),           Boxer  3.12 (5)
651881122.png,Facial Expression 16.23 (1),       harmonica  4.37 (2),         emotion  3.73 (3),           Happy  2.03 (4),        baby bib  1.94 (5)
183379387.png,Facial Expression 11.94 (1),    Ibizan Hound  4.32 (2),         emotion  3.37 (3),        lipstick  1.72 (4),       pan flute  1.64 (5)
53850853.png,      bridegroom  4.90 (1),   baby pacifier  3.02 (2),         emotion  2.83 (3),         website  2.21 (4),        feelings  1.64 (5)
21995366.png,         emotion 12.34 (1),Facial Expression 12.16 (2),        feelings  5.39 (3),             Sad  4.91 (4),           Angry  2.93 (5)
809883045.png,         website  3.21 (1),Facial Expression  3.21 (2),     poke bonnet  2.79 (3),         emotion  1.49 (4),             Sad  1.49 (5)
858540435.png,Facial Expression  3.74 (1),         emotion  3.46 (2),            newt  1.74 (3),          weasel  1.66 (4),           Happy  1.51 (5)
803629874.png,Facial Expression 12.15 (1),         emotion 10.23 (2),          maraca  4.27 (3),           Happy  3.03 (4),        feelings  2.98 (5)
907477404.png,Facial Expression  7.70 (1),         emotion  6.18 (2),        feelings  2.10 (3),         website  1.77 (4),             Sad  1.61 (5)
433297004.png,Facial Expression  6.04 (1),           Happy  3.13 (2),         emotion  2.02 (3),        Surprise  1.23 (4),           Angry  1.17 (5)
556435063.png,           Angry 11.09 (1),         emotion  4.48 (2),           Boxer  4.41 (3),Facial Expression  3.96 (4),American Staffordshire Terrier  3.55 (5)
836642669.png,Facial Expression 15.02 (1),        baby bib 10.64 (2),   baby pacifier  3.20 (3),         website  2.87 (4),         emotion  2.27 (5)
10879477.png,   baby pacifier 11.86 (1),Facial Expression  5.78 (2),           Happy  5.69 (3),        baby bib  4.29 (4),         emotion  2.69 (5)
609274883.png,    patas monkey  5.21 (1),Facial Expression  5.05 (2),         emotion  3.47 (3),             Sad  1.67 (4),      shower cap  1.67 (5)
925521115.png,Facial Expression 10.80 (1),         disgust  1.63 (2),      hair spray  1.63 (3),     breastplate  1.56 (4),         emotion  1.53 (5)
476918454.png,       harmonica  5.06 (1),       pan flute  4.61 (2),            oboe  4.33 (3),         emotion  2.18 (4),           flute  1.92 (5)
127815700.png,Facial Expression 22.17 (1),           Angry  8.41 (2),         emotion  7.66 (3),         disgust  2.19 (4),           Happy  1.97 (5)
551445198.png,      bald eagle  5.94 (1),          weasel  3.83 (2),     Windsor tie  2.85 (3),Facial Expression  2.63 (4),         emotion  2.36 (5)
22404909.png,Facial Expression  8.95 (1),         emotion  5.34 (2),         website  2.95 (3),           daisy  2.45 (4),        feelings  1.96 (5)
994488731.png,Facial Expression  9.04 (1),         emotion  7.04 (2),        feelings  4.01 (3),         website  2.76 (4),             Sad  2.08 (5)
546322475.png,         emotion 27.91 (1),Facial Expression  8.38 (2),        feelings  7.87 (3),             Sad  6.73 (4),       harmonica  4.77 (5)
822180795.png,      cowboy hat  3.51 (1),        sombrero  1.74 (2),         website  1.71 (3),            mask  1.63 (4),Facial Expression  1.51 (5)
527653717.png,Facial Expression 12.41 (1),         emotion  8.01 (2),        feelings  3.09 (3),             Sad  2.37 (4),         disgust  1.96 (5)
50934598.png,rotary dial telephone  3.79 (1),        payphone  3.14 (2),  Carolina anole  2.03 (3),     coffeemaker  1.60 (4),     photocopier  1.53 (5)
655145984.png,         emotion 12.08 (1),Facial Expression 10.50 (2),           Angry  8.44 (3),   Japanese Chin  7.11 (4),        meatloaf  6.37 (5)
688148698.png,Facial Expression 29.88 (1),         emotion  7.09 (2),           Angry  6.26 (3),         disgust  1.79 (4),        Surprise  1.40 (5)
886971575.png,Facial Expression  4.17 (1),         website  3.56 (2),         emotion  1.88 (3),        lab coat  0.99 (4),           indri  0.98 (5)
307143999.png,Facial Expression  2.40 (1),       carbonara  1.28 (2),           indri  1.28 (3),         emotion  1.05 (4),       pan flute  1.03 (5)
113443405.png,Facial Expression 10.77 (1),         emotion  3.34 (2),           indri  2.44 (3),           Angry  1.35 (4),        lipstick  1.15 (5)
6276895.png,         emotion  4.98 (1),Facial Expression  3.31 (2),        marmoset  2.71 (3),             jay  2.54 (4),       harmonica  1.89 (5)
946130178.png,Facial Expression 21.14 (1),         emotion  6.97 (2),     face powder  2.91 (3),           Angry  1.93 (4),        feelings  1.68 (5)
192168699.png,         emotion  7.24 (1),Facial Expression  7.12 (2),           Angry  5.13 (3),   howler monkey  2.54 (4),     CRT monitor  1.57 (5)
401158600.png,         emotion 18.23 (1),        feelings  7.84 (2),Facial Expression  6.51 (3),             Sad  6.30 (4),       harmonica  3.82 (5)
645686553.png,Facial Expression 10.05 (1),        baby bib  8.47 (2),   baby pacifier  5.21 (3),         emotion  3.21 (4),           Angry  2.42 (5)
244836035.png,           Angry 13.65 (1),Facial Expression 11.49 (2),         emotion 10.62 (3),         disgust  4.86 (4),        feelings  2.52 (5)
580719768.png,Facial Expression 28.03 (1),           Angry  3.91 (2),         emotion  3.09 (3),        hair wig  1.74 (4),     face powder  1.74 (5)
31491726.png,           abaya  5.83 (1),         emotion  3.37 (2),Facial Expression  2.84 (3),        feelings  2.39 (4),Entlebucher Sennenhund  2.18 (5)
883489261.png,           Angry  5.72 (1),Facial Expression  5.46 (2),         emotion  3.99 (3),         disgust  2.31 (4),           Happy  1.54 (5)
394612552.png,Facial Expression 12.32 (1),         emotion  3.88 (2),      chimpanzee  2.79 (3),         disgust  2.62 (4),           Angry  2.50 (5)
868166447.png,Facial Expression 10.78 (1),         emotion  7.89 (2),        feelings  3.97 (3),             Sad  3.85 (4),         website  2.56 (5)
668309113.png,      bridegroom  2.54 (1),Facial Expression  2.04 (2),         website  1.77 (3),         emotion  1.75 (4),     Windsor tie  1.01 (5)
195495807.png,         emotion  4.96 (1),Facial Expression  3.62 (2),      hair dryer  2.20 (3),        feelings  1.61 (4),         website  1.51 (5)
759358512.png,   baby pacifier 86.06 (1),        baby bib  5.09 (2),          maraca  0.50 (3),          diaper  0.44 (4),          muzzle  0.29 (5)
763273069.png,Facial Expression  4.46 (1),         emotion  1.89 (2),      bridegroom  1.86 (3),             Sad  1.70 (4),        Band-Aid  1.41 (5)
80342617.png,Facial Expression 29.30 (1),         emotion  7.29 (2),           Angry  5.01 (3),         disgust  4.56 (4),       orangutan  1.93 (5)
79939949.png,Facial Expression 16.72 (1),           Angry  6.75 (2),         disgust  3.61 (3),        hornbill  3.40 (4),         emotion  3.24 (5)
726767329.png,         emotion  3.22 (1),Facial Expression  2.93 (2),        feelings  2.50 (3),         website  1.52 (4),             Sad  1.36 (5)
315436940.png,           Angry 26.14 (1),Facial Expression 11.98 (2),            mask  3.60 (3),         disgust  3.43 (4),         emotion  3.28 (5)
603552676.png,Facial Expression 14.60 (1),         disgust  7.82 (2),           Angry  7.82 (3),        meatloaf  6.28 (4),         emotion  3.58 (5)
109314879.png,Facial Expression 16.72 (1),           Angry  5.87 (2),   howler monkey  4.72 (3),         disgust  4.50 (4),'Geoffroy''s spider monkey  3.24 (5)'
61818491.png,   baby pacifier 21.45 (1),Facial Expression 18.66 (2),        baby bib 14.75 (3),           Angry  5.60 (4),          diaper  3.61 (5)
584143762.png,           Angry 10.57 (1),Facial Expression  7.98 (2),          beaker  3.95 (3),        meatloaf  3.71 (4),            mask  2.89 (5)
913197377.png,Facial Expression  8.60 (1),        lipstick  1.89 (2),         disgust  1.64 (3),     breastplate  1.59 (4),        bolo tie  1.30 (5)
415223563.png,Facial Expression 30.33 (1),           Angry  8.96 (2),         emotion  6.98 (3),         disgust  6.46 (4),             Sad  2.20 (5)
287850443.png,Facial Expression 15.45 (1),         emotion  3.79 (2),           Angry  3.45 (3),         disgust  1.63 (4),           daisy  1.60 (5)
444158654.png,Facial Expression 19.95 (1),        baby bib  9.73 (2),   baby pacifier  9.42 (3),          diaper  4.38 (4),           Angry  3.36 (5)
208669870.png,   baby pacifier  4.91 (1),       pan flute  3.48 (2),       harmonica  3.32 (3),Facial Expression  3.12 (4),         emotion  3.03 (5)
779180084.png,Facial Expression 34.66 (1),         disgust  6.31 (2),         emotion  5.84 (3),           Angry  4.07 (4),        feelings  1.32 (5)
30712143.png,         Basenji  1.90 (1),       pan flute  1.88 (2),       harmonica  1.60 (3),         website  1.33 (4),Facial Expression  1.29 (5)
187121746.png,           Angry 13.48 (1),         emotion  6.67 (2),Facial Expression  4.17 (3),         disgust  2.38 (4),   baby pacifier  1.85 (5)
537537527.png,           Happy  4.88 (1),Facial Expression  4.72 (2),         emotion  2.69 (3),           tench  2.00 (4),          weasel  1.23 (5)
859536009.png,Facial Expression 12.71 (1),        lipstick  2.35 (2),         emotion  2.31 (3),         disgust  2.21 (4),           Angry  1.67 (5)
149719827.png,Facial Expression  9.85 (1),         emotion  4.73 (2),         website  2.10 (3),       harmonica  1.94 (4),           conch  1.56 (5)
677838896.png,Facial Expression 13.45 (1),         emotion  6.06 (2),           Angry  2.69 (3),       harmonica  1.85 (4),        feelings  1.38 (5)
334969515.png,         emotion 15.89 (1),             Sad 13.39 (2),Facial Expression 12.19 (3),        feelings  6.04 (4),         disgust  3.04 (5)
720451863.png,           Angry  5.63 (1),Facial Expression  4.39 (2),         emotion  2.42 (3),         disgust  1.67 (4),            tick  1.34 (5)
130036391.png,Facial Expression  9.18 (1),     Pickelhaube  3.54 (2),         emotion  2.63 (3),            mask  2.18 (4),    crash helmet  2.11 (5)
942432092.png,Facial Expression 18.61 (1),         emotion  4.22 (2),           Angry  3.67 (3),         disgust  2.40 (4),         website  1.27 (5)
778431184.png,Facial Expression  6.67 (1),         emotion  4.96 (2),           Happy  4.24 (3),            lion  2.87 (4),           Angry  1.74 (5)
258823518.png,           Boxer 14.39 (1),Facial Expression  7.59 (2),             jay  5.21 (3),         emotion  2.88 (4),      bridegroom  2.24 (5)
797754223.png,Facial Expression  4.51 (1),         emotion  3.74 (2),         website  2.78 (3),        baby bib  2.61 (4),   baby pacifier  1.49 (5)
751600756.png,Facial Expression 18.97 (1),   baby pacifier  7.31 (2),         emotion  6.55 (3),           Angry  6.36 (4),             Sad  3.35 (5)
446224952.png,Facial Expression 14.78 (1),           Angry 11.34 (2),         emotion  9.55 (3),       harmonica  4.11 (4),         disgust  2.78 (5)
241642363.png,         emotion  5.83 (1),Facial Expression  5.39 (2),             Sad  4.47 (3),         disgust  3.02 (4),         Maltese  2.21 (5)
822247673.png,Facial Expression 21.66 (1),         emotion  7.14 (2),      neck brace  2.63 (3),         disgust  2.08 (4),     poke bonnet  1.95 (5)
244928752.png,Facial Expression 11.72 (1),           Angry 11.36 (2),         emotion  6.89 (3),         disgust  3.99 (4),         website  2.92 (5)
588497963.png,Facial Expression 16.66 (1),         emotion 13.17 (2),             Sad  9.79 (3),        feelings  4.14 (4),         disgust  4.14 (5)
238719453.png,         emotion 10.01 (1),Facial Expression  9.26 (2),           Angry  6.17 (3),        feelings  2.70 (4),         disgust  2.30 (5)
446768136.png,Facial Expression  9.40 (1),         emotion  8.55 (2),        feelings  2.82 (3),         website  2.38 (4),             Sad  1.91 (5)
437810731.png,         emotion  6.66 (1),Facial Expression  5.79 (2),             Sad  4.38 (3),            newt  2.53 (4),        feelings  2.23 (5)
253675256.png,Facial Expression 28.81 (1),         emotion  4.63 (2),         disgust  4.35 (3),           indri  3.44 (4),             Sad  3.23 (5)
306468815.png,         emotion 12.72 (1),        feelings  5.82 (2),             Sad  4.07 (3),Facial Expression  3.27 (4),         website  2.04 (5)
355094240.png,         emotion 13.61 (1),Facial Expression 10.12 (2),        feelings  6.74 (3),             Sad  3.23 (4),     face powder  1.21 (5)
961367685.png,        baby bib 14.65 (1),   baby pacifier  9.91 (2),Facial Expression  7.84 (3),         emotion  3.48 (4),           Angry  2.93 (5)
577586092.png,Facial Expression 18.84 (1),         emotion 11.26 (2),           Angry  5.48 (3),             Sad  4.21 (4),         disgust  4.01 (5)
549463883.png,Facial Expression 17.50 (1),         emotion  6.24 (2),         disgust  3.55 (3),           Angry  3.29 (4),             Sad  1.84 (5)
543734576.png,Facial Expression  3.88 (1),         website  3.03 (2),         emotion  2.39 (3),Australian Terrier  1.92 (4),     poke bonnet  1.54 (5)
189340731.png,      Weimaraner 41.94 (1),         emotion  3.96 (2),Facial Expression  3.34 (3),          Kuvasz  1.44 (4),         vulture  1.33 (5)
555626155.png,Facial Expression  7.29 (1),           Happy  2.48 (2),         emotion  1.76 (3),        hair wig  1.65 (4),         website  1.46 (5)
748223233.png,Facial Expression 21.06 (1),         emotion  5.95 (2),        feelings  2.56 (3),         disgust  2.36 (4),             Sad  2.22 (5)
218547912.png,         emotion  4.49 (1),Facial Expression  3.96 (2),          mitten  2.48 (3),         website  2.40 (4),        feelings  2.33 (5)
990963737.png,Facial Expression  4.93 (1),         emotion  4.09 (2),           Happy  2.37 (3),          maraca  1.62 (4),           Angry  1.43 (5)
849181040.png,           Angry 30.42 (1),Facial Expression 21.23 (2),         emotion  7.57 (3),         disgust  5.99 (4),          cougar  1.32 (5)
34757719.png,           Boxer  3.27 (1),         emotion  2.04 (2),Facial Expression  1.92 (3),           Angry  1.30 (4),           indri  1.28 (5)
469587357.png,         emotion  5.04 (1),      bridegroom  4.89 (2),Facial Expression  4.73 (3),             Sad  3.52 (4),         website  3.26 (5)
955995870.png,Facial Expression  4.43 (1),         emotion  1.71 (2),         website  1.58 (3),          maraca  0.91 (4),           Angry  0.90 (5)
5224198.png,Facial Expression 17.50 (1),         emotion  1.87 (2),     face powder  1.65 (3),           Angry  1.46 (4),     poke bonnet  1.41 (5)
157647120.png,Facial Expression  4.05 (1),         emotion  2.49 (2),       harmonica  1.61 (3),        hornbill  1.27 (4),          muzzle  1.16 (5)
454633213.png,Facial Expression 11.48 (1),             pug  6.24 (2),         emotion  5.50 (3),           Angry  3.34 (4),             jay  3.19 (5)
95864146.png,Facial Expression  4.35 (1),         emotion  2.26 (2),           Happy  1.57 (3),          cougar  1.27 (4),           Angry  1.25 (5)
47594534.png,      bridegroom  3.09 (1),Facial Expression  2.37 (2),          weasel  2.22 (3),         website  1.87 (4),        hair wig  1.73 (5)
459521063.png,         emotion  4.14 (1),Redbone Coonhound  3.77 (2),        feelings  3.71 (3),Facial Expression  3.28 (4),             Sad  1.99 (5)
596176425.png,         emotion 24.36 (1),             Sad  7.20 (2),Facial Expression  7.09 (3),        feelings  6.46 (4),           Angry  2.00 (5)
226807697.png,         emotion  4.25 (1),       harmonica  3.16 (2),         website  2.46 (3),Facial Expression  2.17 (4),        feelings  1.66 (5)
4226166.png,Facial Expression 14.76 (1),         emotion  8.02 (2),           Angry  7.09 (3),         disgust  3.91 (4),       harmonica  3.85 (5)
325282079.png,Facial Expression  1.69 (1),      sunglasses  1.38 (2),      sunglasses  1.38 (3),         emotion  1.09 (4),         disgust  0.98 (5)
818900205.png,             Sad 15.95 (1),         emotion 10.30 (2),Facial Expression 10.30 (3),           Angry  4.16 (4),        feelings  2.69 (5)
572895245.png,Facial Expression 13.46 (1),         emotion  5.53 (2),      shower cap  3.80 (3),        hair wig  2.69 (4),             Sad  2.53 (5)
280670182.png,Facial Expression 17.86 (1),         emotion 10.66 (2),        feelings  3.36 (3),           Angry  3.06 (4),      black swan  2.61 (5)
685100924.png,Facial Expression  5.41 (1),       pan flute  2.19 (2),         website  2.02 (3),         disgust  1.99 (4),         emotion  1.84 (5)
851281243.png,Facial Expression  7.20 (1),         emotion  1.91 (2),           Angry  1.77 (3),         disgust  1.63 (4),         website  1.40 (5)
363678485.png,         emotion 21.72 (1),Facial Expression 13.80 (2),        feelings  9.05 (3),             Sad  8.50 (4),         website  1.78 (5)
526844119.png,Facial Expression 19.45 (1),         emotion  7.73 (2),           Happy  6.31 (3),           Angry  4.48 (4),        feelings  1.93 (5)
28616045.png,         emotion  9.01 (1),Facial Expression  4.82 (2),        feelings  4.53 (3),             Sad  2.54 (4),         website  2.21 (5)
319806583.png,      sunglasses  9.64 (1),      sunglasses  9.64 (2),           Angry  6.73 (3),         emotion  3.44 (4),Facial Expression  3.08 (5)
930381037.png,Facial Expression 21.25 (1),         emotion  6.19 (2),           Angry  5.55 (3),         monitor  3.75 (4),     CRT monitor  3.02 (5)
976382579.png,     Windsor tie  2.31 (1),        vestment  2.17 (2),         emotion  2.04 (3),Facial Expression  1.75 (4),      bridegroom  1.47 (5)
266363252.png,Facial Expression  6.38 (1),         emotion  3.63 (2),         website  2.74 (3),             Sad  2.70 (4),         disgust  2.42 (5)
291528142.png,           Angry 12.41 (1),Facial Expression 12.03 (2),         emotion  7.41 (3),         disgust  4.57 (4),'Geoffroy''s spider monkey  3.39 (5)'
536257432.png,         emotion  9.45 (1),        feelings  5.64 (2),Facial Expression  2.58 (3),             Sad  2.01 (4),       harmonica  1.80 (5)
323681184.png,Facial Expression  7.70 (1),         emotion  5.38 (2),        feelings  3.16 (3),       pan flute  2.39 (4),     face powder  2.24 (5)
892903747.png,Facial Expression 28.22 (1),         emotion  5.39 (2),           Angry  2.97 (3),         disgust  2.58 (4),             Sad  2.51 (5)
657957010.png,Facial Expression 11.52 (1),         emotion  1.82 (2),         website  1.79 (3),         disgust  1.38 (4),      bridegroom  1.27 (5)
252637632.png,Facial Expression 15.88 (1),         emotion  8.50 (2), baseball player  5.08 (3),           Angry  3.49 (4),      bridegroom  3.08 (5)
153187686.png,Facial Expression  7.21 (1),         emotion  2.17 (2),        marmoset  1.71 (3),           Angry  1.25 (4),       harmonica  1.07 (5)
613123567.png,Facial Expression  4.75 (1),         emotion  2.50 (2),         website  1.64 (3),             Sad  1.62 (4),         disgust  1.34 (5)
313884129.png,         emotion  3.73 (1),        feelings  3.24 (2),           scarf  3.00 (3),    handkerchief  1.93 (4),Facial Expression  1.68 (5)
701174296.png,Facial Expression 14.61 (1),         emotion  2.28 (2),         disgust  2.17 (3),           Angry  1.92 (4),      hair spray  1.20 (5)
102129752.png,Facial Expression  8.66 (1),           Happy  3.34 (2),            mask  2.26 (3),         emotion  1.76 (4),      bridegroom  1.63 (5)
995799201.png,balaclava ski mask  4.93 (1),         website  2.36 (2),      sunglasses  2.12 (3),      sunglasses  2.12 (4),         emotion  1.99 (5)
357247269.png,Facial Expression  5.91 (1),           Angry  5.21 (2),         emotion  2.83 (3),         website  2.28 (4),         disgust  1.15 (5)
51817767.png,     Windsor tie  7.16 (1),Facial Expression  2.59 (2),      Great Dane  2.12 (3),bulletproof vest  1.99 (4),           Boxer  1.87 (5)
117860372.png,         emotion 13.34 (1),Facial Expression 10.73 (2),           Happy  5.74 (3),        feelings  3.27 (4),     face powder  2.88 (5)
650571181.png,Facial Expression  8.66 (1),         emotion  6.14 (2),             Sad  4.56 (3),        feelings  2.60 (4),         disgust  1.65 (5)
578935838.png,Facial Expression  9.20 (1),         emotion  4.78 (2),           Happy  4.15 (3),           Angry  3.49 (4),         echidna  1.43 (5)
455934144.png,         emotion 10.48 (1),             Sad  8.82 (2),Facial Expression  8.03 (3),        feelings  5.27 (4),         disgust  2.82 (5)
789826845.png,Facial Expression 12.09 (1),           Angry  7.57 (2),          bulbul  7.22 (3),      bridegroom  6.89 (4),         emotion  5.20 (5)
729743859.png,Facial Expression 28.52 (1),         emotion 12.46 (2),           Angry  2.27 (3),        feelings  1.79 (4),        Surprise  1.63 (5)
520486176.png,Facial Expression 11.46 (1),         emotion  7.17 (2),         disgust  3.96 (3),             Sad  2.81 (4),           Angry  2.02 (5)
894404368.png,Facial Expression 12.80 (1),         emotion  4.09 (2),          gibbon  4.09 (3),           Happy  2.19 (4),          mitten  1.79 (5)
720307652.png,         emotion 17.80 (1),        feelings  8.80 (2),             Sad  8.80 (3),Facial Expression  6.05 (4),             pug  1.76 (5)
176086170.png,Facial Expression  6.90 (1),         emotion  2.97 (2),       harmonica  2.97 (3),       pan flute  2.39 (4),           Angry  1.26 (5)
471633431.png,Facial Expression 16.67 (1),         emotion  8.65 (2),           Angry  8.65 (3),           Happy  3.23 (4),         disgust  2.40 (5)
45045368.png,         emotion 14.77 (1),Facial Expression 11.88 (2),        feelings  7.09 (3),             Sad  6.06 (4),         website  2.03 (5)
435437591.png,           Angry  9.86 (1),Facial Expression  7.11 (2),           Boxer  6.57 (3),         emotion  6.27 (4),         disgust  3.92 (5)
374777617.png,Facial Expression  7.31 (1),           Happy  4.36 (2),         emotion  2.37 (3),  Carolina anole  2.06 (4),           Angry  1.56 (5)
362558365.png,Facial Expression  5.21 (1),           indri  4.60 (2),         emotion  2.93 (3),           Angry  1.98 (4),         disgust  1.92 (5)
902522307.png,Facial Expression 11.66 (1),        lipstick  4.09 (2),       harmonica  3.50 (3),           conch  3.24 (4),         emotion  2.90 (5)
792995399.png,Facial Expression 14.62 (1),           Angry  3.42 (2),balaclava ski mask  3.26 (3),         emotion  2.24 (4),         disgust  1.67 (5)
580563573.png,         emotion 19.89 (1),Facial Expression 10.16 (2),        feelings  6.07 (3),           Angry  5.35 (4),             Sad  3.92 (5)
387277637.png,Facial Expression 13.06 (1),         emotion 11.00 (2),        feelings  6.57 (3),         website  3.63 (4),             Sad  3.41 (5)
907501485.png,           Angry 14.06 (1),Facial Expression  9.37 (2),         disgust  5.51 (3),         pretzel  3.04 (4),     St. Bernard  3.04 (5)
373209371.png,           Angry 10.27 (1),Facial Expression  9.80 (2),         emotion  6.32 (3),           Happy  2.76 (4),         disgust  2.44 (5)
318987470.png,Facial Expression 20.19 (1),         emotion  2.86 (2),     Windsor tie  2.30 (3),           Angry  1.94 (4),         monitor  1.68 (5)
494808621.png,         emotion  4.01 (1),        feelings  3.88 (2),Facial Expression  3.17 (3),     face powder  2.05 (4),      black swan  1.72 (5)
355439321.png,Facial Expression 12.02 (1),         emotion  5.01 (2),      bridegroom  3.50 (3),         website  2.86 (4),        feelings  2.44 (5)
344370982.png,Facial Expression  9.88 (1),         emotion  7.12 (2),         website  2.62 (3),             Sad  2.46 (4),        feelings  1.83 (5)
696550196.png,Facial Expression  3.60 (1),         emotion  3.23 (2),             Sad  2.94 (3),         website  2.60 (4),        feelings  1.84 (5)
135501494.png,           indri  3.64 (1),Facial Expression  2.50 (2),         website  2.35 (3),         emotion  1.57 (4),        feelings  1.32 (5)
218686779.png,           Happy  4.88 (1),Facial Expression  4.72 (2),         emotion  2.69 (3),           tench  2.00 (4),          weasel  1.23 (5)
194823335.png,Facial Expression  5.70 (1),         emotion  2.96 (2),    electric fan  1.77 (3),       harmonica  1.51 (4),  cliff dwelling  1.49 (5)
345299308.png,Facial Expression 18.11 (1),         emotion  4.11 (2),           Angry  3.46 (3),         disgust  1.56 (4),      neck brace  1.46 (5)
297685197.png,Facial Expression 12.02 (1),         emotion  2.16 (2),           Angry  1.68 (3),         disgust  1.65 (4),          mitten  1.37 (5)
252821618.png,         emotion 21.33 (1),        feelings 13.77 (2),             Sad 11.78 (3),Facial Expression  6.92 (4),         website  2.71 (5)
286883037.png,Facial Expression 17.67 (1),         emotion 12.73 (2),           Angry  7.84 (3),         disgust  5.31 (4),        feelings  3.27 (5)
40776683.png,Facial Expression  8.73 (1),         emotion  5.81 (2),           Angry  4.60 (3),      bridegroom  3.70 (4),             Sad  3.31 (5)
720455502.png,    Ibizan Hound 10.37 (1),Italian Greyhound  6.79 (2),     toy terrier  4.82 (3),         emotion  1.98 (4),         website  1.98 (5)
792451087.png,Facial Expression 15.52 (1),         emotion  8.57 (2),        feelings  3.46 (3),             Sad  3.46 (4),         disgust  2.49 (5)
932565423.png,         website  2.72 (1),         emotion  1.79 (2),       harmonica  1.73 (3),Facial Expression  1.68 (4),     coffeemaker  1.41 (5)
483964310.png,         emotion 12.43 (1),             Sad  6.86 (2),        feelings  6.25 (3),Facial Expression  6.15 (4),         website  3.91 (5)
288892259.png,   baby pacifier 60.31 (1),        baby bib  8.29 (2),        bassinet  3.10 (3),         emotion  1.09 (4),      infant bed  1.05 (5)
316776847.png,Facial Expression 17.73 (1),         emotion  6.63 (2),         website  2.60 (3),        feelings  2.55 (4),           Angry  2.44 (5)
438185201.png,   baby pacifier 11.84 (1),         emotion  3.34 (2),        baby bib  2.81 (3),           Happy  2.64 (4),      bridegroom  2.09 (5)
423741896.png,Facial Expression  2.78 (1),      hair spray  0.85 (2),         emotion  0.81 (3), chocolate syrup  0.74 (4),    electric fan  0.68 (5)
946965801.png,Facial Expression 16.58 (1),           Angry  1.64 (2),         website  1.57 (3),         disgust  1.47 (4),         emotion  1.30 (5)
186657515.png,          weasel  2.07 (1),         website  1.46 (2),          guenon  1.44 (3),           tench  1.18 (4),European polecat  1.11 (5)
401743261.png,Facial Expression  2.61 (1),      sunglasses  2.00 (2),      sunglasses  2.00 (3),         website  1.61 (4),         disgust  1.53 (5)
89248049.png,Facial Expression  4.01 (1),      black swan  2.98 (2),         emotion  2.71 (3),         website  2.55 (4),     Siamese cat  1.62 (5)
905546534.png,           Angry 16.17 (1),Facial Expression 11.48 (2),         emotion  4.64 (3),         disgust  3.79 (4),           screw  1.14 (5)
87457744.png,Facial Expression 19.06 (1),         emotion  2.97 (2),      neck brace  2.66 (3),         jacamar  1.47 (4),           indri  1.13 (5)
403978665.png,Facial Expression 21.97 (1),         emotion  5.06 (2),           Happy  4.98 (3),           Angry  1.38 (4),        Surprise  1.30 (5)
673442639.png,Facial Expression 10.01 (1),      shower cap  9.55 (2),      bridegroom  4.51 (3),         emotion  2.65 (4),         website  1.74 (5)
843323729.png,Facial Expression 14.17 (1),          gibbon 10.05 (2),   howler monkey  3.31 (3),           Angry  3.06 (4),         emotion  2.88 (5)
307648588.png,Facial Expression 24.48 (1),         emotion  8.87 (2),         disgust  5.91 (3),             Sad  5.91 (4),           Angry  4.12 (5)
892376303.png,     face powder  7.78 (1),Facial Expression  6.76 (2),       harmonica  6.35 (3),     stethoscope  4.16 (4),      hair dryer  3.97 (5)
168982790.png,         emotion 20.12 (1),Facial Expression 11.47 (2),        feelings  8.13 (3),             Sad  4.64 (4),           Angry  2.22 (5)
814404787.png,           Happy  8.31 (1),         emotion  3.69 (2),Facial Expression  3.58 (3),           Angry  3.11 (4),         website  3.11 (5)
682613143.png,Facial Expression 15.06 (1),         emotion  8.99 (2),     face powder  4.74 (3),      shower cap  4.59 (4),        feelings  3.06 (5)
