239059560.png,         website  3.80 (1),      bridegroom  1.66 (2),      chain mail  0.98 (3),Redbone Coonhound  0.69 (4),        consomme  0.68 (5)
519197583.png,           Angry 17.27 (1),Facial Expression 17.00 (2),         disgust 11.15 (3),         emotion  4.37 (4),             Sad  1.74 (5)
643991788.png,Facial Expression  7.87 (1),         emotion  5.16 (2),           Angry  3.96 (3),           Happy  2.05 (4),   howler monkey  1.43 (5)
821741463.png,           Angry  8.06 (1), baseball player  6.90 (2),         emotion  6.38 (3),Facial Expression  4.32 (4),     Pickelhaube  2.10 (5)
521402605.png,           cloak  6.39 (1),    Basset Hound  3.88 (2),             Sad  3.48 (3),Facial Expression  3.27 (4),        hair wig  2.75 (5)
813124652.png,Facial Expression 25.42 (1),           Angry  9.50 (2),         emotion  3.96 (3),         disgust  3.49 (4),     coffeemaker  0.91 (5)
429175317.png,         emotion  8.48 (1),Facial Expression  7.96 (2),           Angry  6.40 (3),         disgust  2.88 (4),        feelings  2.25 (5)
796400634.png,Facial Expression 13.28 (1),         emotion  4.96 (2),             Sad  4.88 (3),         disgust  2.92 (4),        feelings  2.42 (5)
653594771.png,           Angry 23.41 (1),         emotion  9.46 (2),Facial Expression  9.31 (3),         disgust  1.83 (4),        feelings  1.75 (5)
78360239.png,           Angry 16.48 (1),Facial Expression  4.23 (2),         emotion  4.04 (3),        meatloaf  3.40 (4),         disgust  3.20 (5)
387945741.png,           Angry  9.93 (1),Facial Expression  9.77 (2),         emotion  7.50 (3),         disgust  3.33 (4),        feelings  1.48 (5)
139429185.png,           Angry  5.57 (1),         emotion  4.02 (2),Facial Expression  3.38 (3),         monitor  1.26 (4),         website  1.23 (5)
386028558.png,           Angry 13.39 (1),Facial Expression  5.16 (2),           Boxer  2.72 (3),         emotion  2.44 (4),        meatloaf  2.15 (5)
583014649.png,Facial Expression 12.89 (1),         emotion  5.37 (2),             Sad  5.37 (3),        feelings  2.70 (4),         disgust  2.46 (5)
270816456.png,Facial Expression 12.35 (1),         disgust 10.73 (2),           Angry 10.40 (3),     Windsor tie  4.07 (4),            newt  3.48 (5)
56501861.png,           Angry 12.88 (1),Facial Expression  3.06 (2),   baby pacifier  2.62 (3),         website  2.42 (4),         emotion  2.01 (5)
804850245.png,        baby bib 18.17 (1),   baby pacifier 14.83 (2),Facial Expression 12.30 (3),           Angry  7.12 (4),         disgust  3.16 (5)
566049216.png,         vulture  7.71 (1),           Angry  5.38 (2),         emotion  4.19 (3),Facial Expression  3.42 (4),        Band-Aid  2.93 (5)
369615747.png,Facial Expression  5.10 (1),         emotion  3.50 (2),           Angry  3.04 (3),         Basenji  2.69 (4),          muzzle  2.23 (5)
245224428.png,Facial Expression 13.93 (1),           Angry  5.46 (2),      bridegroom  4.39 (3),        bolo tie  2.88 (4),         website  2.46 (5)
488439526.png,Facial Expression 31.98 (1),           abaya  9.91 (2),           Angry  4.33 (3),         emotion  4.26 (4),         disgust  4.26 (5)
157202996.png,Facial Expression 25.42 (1),   baby pacifier 18.61 (2),           Angry 12.39 (3),        baby bib  9.50 (4),         disgust  3.72 (5)
613574633.png,Facial Expression  3.05 (1),      bridegroom  2.20 (2),          bulbul  1.80 (3),            newt  1.51 (4),         emotion  1.47 (5)
319892286.png,           Angry 20.09 (1),Facial Expression 12.98 (2),         emotion  7.28 (3),        meatloaf  2.52 (4),         disgust  1.84 (5)
728490773.png,           Angry 11.62 (1),           Boxer  9.94 (2),Facial Expression  3.49 (3),         emotion  2.98 (4),         disgust  2.29 (5)
398009103.png,         emotion  2.13 (1),          muzzle  1.82 (2),Facial Expression  1.74 (3),           Happy  1.56 (4),         website  1.49 (5)
539682705.png,Facial Expression 12.77 (1),           Angry  6.12 (2),         disgust  4.08 (3),         emotion  2.99 (4),             Sad  1.65 (5)
767242379.png,Facial Expression 27.08 (1),   baby pacifier 16.42 (2),           Angry 14.49 (3),        baby bib  9.07 (4),         disgust  3.78 (5)
739203085.png,           Angry 47.72 (1),Facial Expression 15.49 (2),         disgust  5.36 (3),         emotion  2.38 (4),           Boxer  1.49 (5)
961452639.png,Facial Expression 21.94 (1),           Angry 10.37 (2),         disgust 10.20 (3),             Sad  8.20 (4),         emotion  6.69 (5)
83332033.png,           Angry 13.38 (1),Facial Expression  9.05 (2),         disgust  6.52 (3),         emotion  1.90 (4),          baboon  0.86 (5)
498516637.png,Facial Expression 10.70 (1),         disgust  4.60 (2),         emotion  3.26 (3),           Angry  3.11 (4),             Sad  1.95 (5)
498823632.png,Facial Expression 18.22 (1),           Angry 13.52 (2),         disgust  5.30 (3),          dugong  3.82 (4),         emotion  3.02 (5)
51952162.png,           Angry 11.87 (1),Facial Expression 11.87 (2),         emotion  8.41 (3),             Sad  5.88 (4),         disgust  3.51 (5)
417203126.png,Facial Expression 15.50 (1),balaclava ski mask  6.88 (2),         emotion  3.20 (3),military hat (bearskin or shako)  3.10 (4),             Sad  2.53 (5)
115144747.png,           Angry 12.48 (1),Facial Expression  7.23 (2),         disgust  5.54 (3),           Boxer  5.54 (4),          beaker  4.05 (5)
12371249.png,         emotion  2.19 (1),Facial Expression  1.65 (2),         website  1.65 (3),           Angry  1.53 (4),           Happy  1.12 (5)
429233123.png,           Angry 20.03 (1),Facial Expression 17.95 (2),         disgust 11.77 (3),         emotion  4.13 (4),        baby bib  1.80 (5)
706296365.png,Facial Expression 22.23 (1),           Angry 13.06 (2),         disgust 11.53 (3),         emotion  7.11 (4),             Sad  3.92 (5)
713716004.png,Facial Expression 30.73 (1),         emotion  7.18 (2),           Angry  5.18 (3),         disgust  3.00 (4),        feelings  1.82 (5)
418528597.png,         gorilla  4.81 (1),           Angry  4.81 (2),Facial Expression  4.59 (3),             jay  3.11 (4),American Staffordshire Terrier  2.66 (5)
178498511.png,           Angry 10.38 (1),Facial Expression 10.23 (2),         emotion  3.82 (3),      bridegroom  2.58 (4),         disgust  2.43 (5)
895507072.png,     Windsor tie  3.59 (1),          Kuvasz  3.43 (2),      bridegroom  2.59 (3),            newt  2.36 (4),        vestment  2.32 (5)
952327892.png,Facial Expression 20.95 (1),           Angry  5.91 (2),         disgust  4.00 (3),         emotion  2.84 (4),     poke bonnet  1.57 (5)
765892333.png,Facial Expression 15.09 (1),           Angry 10.70 (2),         emotion  6.39 (3),         disgust  4.19 (4),             Sad  1.89 (5)
995767342.png,Facial Expression  8.54 (1),         disgust  3.85 (2),           Angry  3.14 (3),         emotion  2.30 (4),         plunger  2.00 (5)
486348023.png,Facial Expression  7.88 (1),         disgust  5.17 (2),         emotion  3.49 (3),           Angry  3.04 (4),             Sad  2.56 (5)
991062524.png,           Angry 21.23 (1),         emotion  5.54 (2),Facial Expression  5.28 (3),         disgust  3.06 (4),      bridegroom  1.51 (5)
607778498.png,        bolo tie  6.64 (1),      bridegroom  4.56 (2),     Windsor tie  3.39 (3),Facial Expression  3.04 (4),      Great Dane  2.81 (5)
577289821.png,     poke bonnet  9.76 (1),     face powder  6.11 (2),      cowboy hat  5.74 (3),     Pickelhaube  3.48 (4),          cougar  3.37 (5)
885446577.png,Facial Expression  5.06 (1),         emotion  4.33 (2),             Sad  3.53 (3),      bridegroom  3.02 (4),          weevil  2.67 (5)
5586202.png,Facial Expression 18.94 (1),           Angry 17.52 (2),         disgust  4.71 (3),         emotion  3.79 (4),      bridegroom  3.24 (5)
17572874.png,         emotion 14.08 (1),Facial Expression 12.61 (2),           Angry 12.61 (3),        feelings  4.64 (4),       harmonica  2.56 (5)
545709432.png,     Windsor tie  5.92 (1),       goldfinch  5.31 (2),           Angry  4.68 (3),         emotion  4.54 (4),Facial Expression  3.82 (5)
978444784.png,Facial Expression 26.03 (1),         emotion  6.48 (2),           Angry  4.25 (3),         disgust  2.01 (4),     feather boa  1.42 (5)
550718702.png,           Angry 33.03 (1),Facial Expression 18.53 (2),           Boxer  8.35 (3),         emotion  7.61 (4),         disgust  3.07 (5)
333576605.png,      bridegroom  6.70 (1),         emotion  5.92 (2),Facial Expression  2.58 (3),           Angry  2.25 (4),       harmonica  2.11 (5)
534521008.png,   baby pacifier 23.08 (1),        baby bib 10.09 (2),Facial Expression  4.34 (3),        bassinet  4.01 (4),           Angry  3.60 (5)
14852207.png,       pan flute  6.12 (1),       harmonica  5.57 (2),Facial Expression  4.34 (3),         emotion  2.85 (4),          maraca  1.99 (5)
926495486.png,Facial Expression 11.07 (1),           Boxer  3.43 (2),         emotion  2.47 (3),           Angry  1.64 (4), baseball player  1.39 (5)
289024743.png,     Windsor tie  3.53 (1),Facial Expression  3.48 (2),        vestment  2.39 (3),  great grey owl  2.35 (4),         emotion  2.14 (5)
398398674.png,Facial Expression 20.69 (1),         emotion  7.98 (2),        feelings  2.93 (3),         disgust  2.43 (4),             Sad  2.40 (5)
427157554.png,           Angry 15.20 (1),Facial Expression  9.66 (2),         disgust  7.41 (3),        meatloaf  4.64 (4),         emotion  4.09 (5)
382423196.png,Facial Expression 29.30 (1),           Angry 14.50 (2),   baby pacifier 12.02 (3),        baby bib  8.66 (4),          diaper  4.56 (5)
203788759.png,           Angry 16.19 (1),        meatloaf  5.86 (2),         emotion  5.18 (3),Facial Expression  5.02 (4),         disgust  2.81 (5)
232592824.png,         emotion  4.67 (1),             Sad  2.97 (2),Sealyham Terrier  2.04 (3),        feelings  1.89 (4),Facial Expression  1.59 (5)
801374717.png,           Angry 22.30 (1),         emotion  5.64 (2),Facial Expression  4.67 (3),         disgust  2.58 (4),         website  1.42 (5)
283798622.png,         emotion  7.09 (1),Facial Expression  5.18 (2),           Angry  3.97 (3),        feelings  2.00 (4),             Sad  1.82 (5)
443134128.png,Facial Expression 17.39 (1),         emotion 10.88 (2),           Angry  4.26 (3),         disgust  2.84 (4),        feelings  2.63 (5)
399274668.png,Facial Expression 11.30 (1),         emotion  4.57 (2),           Angry  4.43 (3),         disgust  1.42 (4),         website  1.04 (5)
874437478.png,Facial Expression 13.06 (1),           Angry  9.41 (2),         emotion  8.84 (3),         disgust  6.46 (4),      bridegroom  5.28 (5)
544110342.png,         emotion  9.33 (1),Facial Expression  6.21 (2),           Angry  4.99 (3),          racket  3.12 (4),     house finch  2.55 (5)
685500891.png,            newt  8.73 (1),       kingsnake  4.75 (2),           Angry  4.19 (3),Facial Expression  2.83 (4),      bald eagle  2.28 (5)
206478667.png,     Windsor tie 17.50 (1),     Pickelhaube 10.95 (2),         bow tie  3.90 (3),Facial Expression  3.34 (4),        bolo tie  2.64 (5)
203632528.png,Facial Expression 16.55 (1),           Angry 12.48 (2),         emotion  6.58 (3),           Happy  2.31 (4),         disgust  2.20 (5)
472532068.png,     toy terrier  7.57 (1),Facial Expression  2.57 (2),         website  1.97 (3),     breastplate  1.24 (4),black-and-white colobus  1.11 (5)
48915422.png,Facial Expression 32.09 (1),           Angry 30.16 (2),         emotion  7.50 (3),         disgust  5.08 (4),        feelings  1.21 (5)
263017146.png,           Angry 16.44 (1),Facial Expression  8.52 (2),         emotion  7.06 (3),         disgust  6.96 (4),       Dobermann  2.22 (5)
77317243.png,Facial Expression 19.39 (1),   baby pacifier 11.95 (2),         emotion  2.88 (3),           Angry  2.43 (4),        baby bib  2.31 (5)
477088629.png,           Angry 19.02 (1),Facial Expression  9.12 (2),         disgust  4.66 (3),         emotion  4.52 (4),         website  4.18 (5)
53457842.png,Facial Expression 11.62 (1),         emotion  2.89 (2),           Happy  2.29 (3),     titi monkey  2.08 (4),     green mamba  1.34 (5)
776049022.png,Facial Expression 17.20 (1),           Angry  9.20 (2),         disgust  8.12 (3),         emotion  7.75 (4),             Sad  4.93 (5)
93262927.png,         emotion 35.19 (1),           Angry 12.54 (2),       harmonica  9.47 (3),Facial Expression  9.17 (4),        feelings  4.14 (5)
155392911.png,Facial Expression 24.12 (1),         emotion  5.14 (2),             wok  3.53 (3),           Angry  3.12 (4),            mask  1.95 (5)
384543870.png,Facial Expression  9.61 (1),         emotion  5.65 (2),        feelings  3.07 (3),         disgust  1.52 (4),         website  1.52 (5)
47551724.png,           Angry 24.81 (1),   baby pacifier 13.07 (2),Facial Expression 12.27 (3),         emotion  4.59 (4),        baby bib  3.69 (5)
958992769.png,Facial Expression  7.37 (1),         disgust  4.13 (2),        bolo tie  2.63 (3),      bridegroom  2.51 (4),     Windsor tie  2.28 (5)
613223112.png,Facial Expression  7.46 (1),         emotion  6.90 (2),             Sad  5.46 (3),         disgust  2.66 (4),        feelings  1.95 (5)
627688344.png,Facial Expression  4.31 (1),           Angry  2.78 (2),         emotion  2.24 (3),         disgust  1.97 (4),      bridegroom  1.49 (5)
718037030.png,           Angry 23.77 (1),Facial Expression 13.12 (2),         disgust 10.38 (3),         emotion  9.91 (4),        feelings  2.01 (5)
409846418.png,         emotion 16.14 (1),             Sad 15.16 (2),           Angry 11.09 (3),Facial Expression  8.77 (4),         disgust  6.04 (5)
367632253.png,Facial Expression 13.41 (1),           Angry  8.13 (2),         disgust  6.43 (3),     Windsor tie  2.64 (4),         emotion  2.33 (5)
30136528.png,Facial Expression  9.95 (1),           Angry  8.65 (2),         emotion  7.06 (3),       harmonica  4.70 (4),         disgust  3.08 (5)
295236833.png,Facial Expression 26.14 (1),           Angry 16.36 (2),         disgust 10.40 (3),         emotion  4.91 (4),             Sad  1.57 (5)
24465842.png,Facial Expression 10.40 (1),           Angry 10.24 (2),         disgust  4.47 (3),         emotion  2.59 (4),'Geoffroy''s spider monkey  1.50 (5)'
864634912.png,Facial Expression  5.95 (1),         emotion  3.23 (2),           Angry  2.68 (3),   Gordon Setter  2.12 (4),           Happy  1.63 (5)
934166967.png,         emotion  5.55 (1),Facial Expression  5.29 (2),     Windsor tie  4.25 (3),           Angry  3.64 (4),         disgust  3.21 (5)
259988136.png,Facial Expression 10.48 (1),           Boxer  9.11 (2),         emotion  3.05 (3),         disgust  2.69 (4),           Angry  2.53 (5)
599086242.png,           Angry 10.33 (1),Facial Expression  7.44 (2),        meatloaf  5.70 (3),         emotion  4.80 (4),    punching bag  3.80 (5)
514458020.png,Facial Expression 44.06 (1),           Angry 15.95 (2),         emotion 13.44 (3),         disgust  2.86 (4),        feelings  1.53 (5)
912017044.png,     Windsor tie  5.29 (1),        vestment  3.80 (2),              ox  3.80 (3),      bridegroom  3.16 (4),         emotion  3.11 (5)
577939084.png,Facial Expression  4.43 (1),         disgust  3.29 (2),           Angry  2.91 (3),             Sad  2.00 (4),         emotion  1.63 (5)
601487184.png,           Angry 12.29 (1),Facial Expression  8.05 (2),         emotion  7.81 (3),         website  1.77 (4),    punching bag  1.64 (5)
57682626.png,         emotion  3.45 (1),Facial Expression  2.81 (2),        feelings  2.09 (3),         website  1.76 (4),           indri  1.63 (5)
249103392.png,Facial Expression 20.27 (1),         emotion 13.93 (2),         disgust  5.29 (3),           Angry  5.29 (4),        feelings  2.70 (5)
676606403.png,   baby pacifier 15.04 (1),        baby bib  9.86 (2),Facial Expression  7.92 (3),         emotion  7.56 (4),           Happy  6.77 (5)
860247084.png,           Angry 20.91 (1),Facial Expression 13.09 (2),         emotion  8.32 (3),         disgust  7.01 (4),   baby pacifier  1.56 (5)
634466340.png,           Angry 13.97 (1),Facial Expression  4.82 (2),         emotion  4.61 (3),            tick  3.94 (4),         disgust  2.54 (5)
88754915.png,Facial Expression  6.11 (1),         emotion  3.59 (2),           Angry  2.88 (3),          muzzle  2.18 (4),       saxophone  1.67 (5)
80047482.png,          bulbul  5.94 (1),Facial Expression  3.96 (2),      bridegroom  3.55 (3),         emotion  2.94 (4),             Sad  2.12 (5)
469928670.png,           Angry 16.78 (1),Facial Expression 10.51 (2),         emotion  6.78 (3),'Geoffroy''s spider monkey  4.11 (4)',         disgust  3.57 (5)
839495152.png,         emotion 16.20 (1),Facial Expression  8.27 (2),           Angry  7.19 (3),        feelings  2.95 (4),         disgust  2.69 (5)
79308463.png,Cardigan Welsh Corgi  3.59 (1),     Windsor tie  1.78 (2),        Papillon  1.67 (3),      bridegroom  1.62 (4),         website  1.62 (5)
359828893.png,           Angry 18.95 (1),         disgust 11.50 (2),        meatloaf 10.98 (3),Facial Expression  8.68 (4),             Sad  3.35 (5)
849671118.png,Facial Expression 10.21 (1),         disgust  7.36 (2),           Angry  5.21 (3),white-headed capuchin  4.46 (4),             Sad  3.64 (5)
286309989.png,           Angry 32.19 (1),Facial Expression 20.78 (2),         disgust 10.95 (3),         emotion  3.67 (4),             Sad  2.22 (5)
602595165.png,Facial Expression  6.18 (1),           Angry  3.87 (2),          muzzle  3.87 (3),         emotion  2.87 (4),        joystick  2.46 (5)
643626402.png,           Angry 29.56 (1),Facial Expression 14.63 (2),         emotion  5.39 (3),         disgust  2.46 (4),   howler monkey  1.83 (5)
733991465.png,Norwegian Elkhound  2.95 (1),        vestment  2.81 (2),         disgust  2.52 (3),         emotion  2.05 (4),           Angry  2.05 (5)
295733474.png,Facial Expression  7.29 (1),         emotion  3.49 (2),         website  1.60 (3),           Angry  1.53 (4),     breastplate  1.23 (5)
842035738.png,           Angry 23.42 (1),Facial Expression 21.33 (2),         disgust 12.15 (3),        baby bib  6.51 (4),         emotion  3.54 (5)
777558520.png,Facial Expression 35.34 (1),     titi monkey  4.22 (2),         disgust  2.95 (3),         emotion  2.41 (4),           Angry  2.22 (5)
716138832.png,      sunglasses  5.04 (1),      sunglasses  5.04 (2),         website  4.66 (3),Facial Expression  4.52 (4),         emotion  3.30 (5)
599118401.png,           Angry 16.77 (1),Facial Expression  6.46 (2),         emotion  3.25 (3),     St. Bernard  3.20 (4),         disgust  3.05 (5)
779696038.png,Facial Expression 33.62 (1),           Angry 14.69 (2),         disgust  6.83 (3),         emotion  6.03 (4),        baby bib  3.60 (5)
764356564.png,           Angry 50.78 (1),Facial Expression  6.55 (2),         emotion  6.36 (3),         disgust  3.25 (4),           Boxer  1.19 (5)
328692934.png,Facial Expression 16.28 (1),         emotion  7.93 (2),        feelings  2.54 (3),        Papillon  2.54 (4),           Angry  1.83 (5)
611143221.png,Facial Expression  2.50 (1),         emotion  1.95 (2),    Ibizan Hound  1.89 (3),          maraca  1.72 (4),          muzzle  1.40 (5)
302537990.png,Facial Expression 13.50 (1),         emotion  5.21 (2),           Angry  3.21 (3),        marmoset  1.74 (4),     toy terrier  1.74 (5)
912474841.png,           Angry 34.75 (1),Facial Expression 20.11 (2),         emotion  8.78 (3),         disgust  7.16 (4),        feelings  1.73 (5)
148585588.png,Facial Expression  1.50 (1),           Angry  1.13 (2),        vestment  1.02 (3),         emotion  0.99 (4),         website  0.96 (5)
65520163.png,Facial Expression  7.07 (1), baseball player  4.22 (2),      bridegroom  4.03 (3),bulletproof vest  2.90 (4),           Angry  2.26 (5)
698523436.png,           Happy  1.82 (1),         emotion  1.60 (2),           Angry  1.23 (3),     green mamba  1.19 (4),            tick  0.90 (5)
220752664.png,           Angry 11.12 (1),Facial Expression  6.64 (2),      bath towel  3.04 (3),         emotion  2.52 (4),         wallaby  1.65 (5)
26372829.png,Facial Expression 12.40 (1),           Angry 11.12 (2),         emotion  4.86 (3),         disgust  2.52 (4),white-headed capuchin  2.52 (5)
775704575.png,           Angry 36.19 (1),Facial Expression 11.03 (2),         disgust  3.64 (3),         emotion  3.21 (4),    punching bag  1.40 (5)
387300603.png,      cowboy hat  9.96 (1),     Pickelhaube  7.17 (2),        bolo tie  5.85 (3),          guenon  3.84 (4),Italian Greyhound  3.78 (5)
330930172.png,Facial Expression 16.77 (1),         disgust  6.88 (2),           Angry  6.77 (3),         emotion  4.88 (4),             Sad  3.62 (5)
95114352.png,           Angry 13.15 (1),Facial Expression 11.42 (2),         disgust  5.07 (3),         emotion  3.88 (4),             Sad  1.96 (5)
260834610.png,Facial Expression  9.93 (1),         emotion  8.77 (2),           Angry  7.38 (3),           Happy  3.28 (4),             jay  3.22 (5)
401237576.png,Facial Expression  5.66 (1),        meatloaf  1.67 (2),           Angry  1.24 (3),      neck brace  0.94 (4),         ostrich  0.94 (5)
558207522.png,      Rottweiler  2.39 (1),           Angry  2.21 (2),          guenon  2.08 (3),        meatloaf  1.67 (4),         emotion  1.45 (5)
672735498.png,Facial Expression 21.12 (1),           Angry  7.41 (2),         emotion  3.34 (3),         disgust  2.45 (4),      bridegroom  2.26 (5)
741417647.png,Facial Expression 37.94 (1),         emotion  5.14 (2),      neck brace  3.02 (3),         disgust  2.46 (4),             Sad  1.95 (5)
741276527.png,Facial Expression 16.66 (1),           Angry 15.65 (2),         disgust  6.95 (3),             Sad  5.16 (4),         emotion  5.00 (5)
736328446.png,Facial Expression  7.96 (1),         emotion  3.59 (2),           indri  2.11 (3),         website  1.98 (4),             Sad  1.52 (5)
131448025.png,         emotion  3.53 (1),Facial Expression  2.67 (2),           Angry  1.72 (3),         website  1.47 (4),      bridegroom  1.36 (5)
407341410.png,           agama  5.55 (1),          langur  5.22 (2),           Angry  4.90 (3),Facial Expression  4.82 (4),    bullock cart  4.53 (5)
20080721.png,           Angry 34.75 (1),Facial Expression 18.61 (2),         disgust  6.53 (3),        meatloaf  3.55 (4),         emotion  3.28 (5)
145109918.png,Facial Expression 12.11 (1),           Angry  5.12 (2),            mask  3.47 (3),         disgust  3.06 (4),       Chow Chow  2.24 (5)
170414278.png,         emotion 12.84 (1),           Angry  7.55 (2),Facial Expression  4.88 (3),        feelings  2.78 (4),             Sad  2.23 (5)
673342783.png,Facial Expression  5.86 (1),           Angry  2.09 (2),         emotion  1.02 (3),    clothes iron  0.81 (4),        meatloaf  0.78 (5)
104125363.png,Facial Expression 22.00 (1),           Angry 10.23 (2),   baby pacifier  5.39 (3),        baby bib  3.76 (4),         disgust  3.65 (5)
528832123.png,Facial Expression 17.80 (1),          cougar  4.57 (2),           Angry  3.14 (3),         emotion  2.86 (4),           Happy  1.88 (5)
961775462.png,Facial Expression 24.95 (1),           Angry 13.78 (2),         emotion  5.31 (3),         disgust  1.84 (4),   howler monkey  1.05 (5)
168163819.png,Facial Expression  2.32 (1),         website  1.72 (2),         emotion  1.57 (3),           junco  1.57 (4),             Sad  1.41 (5)
757082445.png,Facial Expression 19.22 (1),         emotion  9.66 (2),             Sad  3.29 (3),         disgust  3.19 (4),        feelings  2.41 (5)
605220807.png,Facial Expression  8.13 (1),           Angry  5.41 (2),         website  2.52 (3),             Sad  2.33 (4),         disgust  2.29 (5)
775138859.png,           Angry 62.69 (1),English foxhound  3.77 (2),    punching bag  2.67 (3),         emotion  2.43 (4),Facial Expression  1.86 (5)
650328025.png,Facial Expression 23.02 (1),           Angry 17.11 (2),         emotion  6.49 (3),         disgust  3.27 (4),    electric fan  0.95 (5)
815947446.png,Facial Expression 25.70 (1),         emotion 13.98 (2),           Angry  3.65 (3),         disgust  3.43 (4),        feelings  2.88 (5)
825733232.png,Facial Expression 37.56 (1),         disgust 12.98 (2),           Angry  6.95 (3),         emotion  2.33 (4),        nematode  0.76 (5)
611156595.png,           Angry 26.92 (1),Facial Expression 24.91 (2),         disgust  8.47 (3),         emotion  4.39 (4),             Sad  2.58 (5)
516480415.png,Facial Expression  6.84 (1),         emotion  3.13 (2),     green mamba  2.12 (3),           Boxer  1.81 (4),           Angry  1.68 (5)
976671244.png,Facial Expression 19.62 (1),           indri 10.84 (2),         emotion  3.86 (3),           Angry  2.96 (4),         disgust  2.87 (5)
997625187.png,Facial Expression 24.69 (1),        baby bib 22.47 (2),   baby pacifier 11.66 (3),           Angry 11.30 (4),         disgust  3.67 (5)
193461035.png,Facial Expression  9.14 (1),      bridegroom  8.45 (2),         emotion  3.11 (3),           Angry  2.42 (4), baseball player  2.04 (5)
522750757.png,Facial Expression 21.56 (1),           Angry 15.30 (2),         disgust  5.20 (3),         emotion  4.05 (4),      neck brace  3.06 (5)
178177167.png,Facial Expression 18.02 (1),           Angry  9.20 (2),         disgust  5.85 (3),         emotion  4.08 (4),             Sad  2.26 (5)
450777326.png,Facial Expression  4.33 (1),      prayer rug  3.12 (2),         website  2.67 (3),      bridegroom  2.55 (4),        vestment  2.21 (5)
268858347.png,           Angry 47.81 (1),         disgust 17.86 (2),Facial Expression  4.88 (3),         emotion  2.20 (4),          weasel  1.91 (5)
681254292.png,Facial Expression 15.43 (1),         emotion  5.50 (2),         gorilla  2.68 (3),             jay  1.76 (4), baseball player  1.25 (5)
949942481.png,Facial Expression  7.11 (1),           Angry  4.59 (2),         emotion  2.87 (3),     Windsor tie  2.65 (4),        meatloaf  2.17 (5)
174999960.png,        meatloaf  4.05 (1),           Angry  3.16 (2),Facial Expression  1.95 (3),     green mamba  1.77 (4),          maraca  1.49 (5)
286858916.png,Facial Expression  8.61 (1),         disgust  8.08 (2),           Angry  6.01 (3),         emotion  3.88 (4),             Sad  3.53 (5)
423648222.png,Facial Expression 12.21 (1),         emotion  9.51 (2),           Angry  8.94 (3),             Sad  4.22 (4),         disgust  4.16 (5)
926233890.png,           indri  4.04 (1),         emotion  3.35 (2),Facial Expression  2.96 (3),           Angry  2.61 (4),         disgust  2.38 (5)
371037841.png,          bulbul 15.47 (1),Facial Expression 12.82 (2),         emotion  5.34 (3),         website  3.51 (4),             Sad  3.00 (5)
127061015.png,Facial Expression 19.91 (1),           Angry 18.70 (2),         disgust  6.56 (3),         emotion  4.17 (4),         jacamar  1.54 (5)
943650793.png,Facial Expression  6.83 (1),           Angry  5.00 (2),         disgust  4.21 (3),  French Bulldog  2.89 (4),         emotion  2.47 (5)
175383145.png,           Angry 20.09 (1),Facial Expression 18.28 (2),         emotion  8.91 (3),         disgust  3.08 (4),        feelings  2.40 (5)
6386590.png,           Angry 34.47 (1),Facial Expression 11.55 (2),           Boxer  7.34 (3),         disgust  4.52 (4),        meatloaf  3.36 (5)
262022020.png,Facial Expression 13.35 (1),           Angry 11.07 (2),         emotion  4.01 (3),         disgust  3.54 (4),        meatloaf  2.93 (5)
196312068.png,           Angry 27.66 (1),Facial Expression 13.91 (2),         emotion  5.53 (3),         hatchet  2.34 (4),       drumstick  1.97 (5)
459914355.png,Facial Expression 45.44 (1),         disgust  5.02 (2),           Angry  5.02 (3),         emotion  2.73 (4),     coffeemaker  0.81 (5)
410853983.png,Facial Expression 29.44 (1),        hair wig  7.93 (2),           Angry  5.36 (3),         emotion  3.20 (4),         thimble  3.20 (5)
174661065.png,           Angry 49.91 (1),Facial Expression 11.31 (2),         emotion  5.60 (3),         disgust  3.85 (4),            tick  1.10 (5)
840814932.png,         vulture  4.46 (1),Facial Expression  4.07 (2),  great grey owl  3.59 (3),         emotion  2.46 (4),          cornet  2.43 (5)
283245734.png,           Angry 24.33 (1),Facial Expression 18.66 (2),         emotion  7.19 (3),         disgust  5.43 (4),             Sad  1.53 (5)
61061004.png,         emotion  4.16 (1),           Angry  3.14 (2),         disgust  2.29 (3),Facial Expression  2.03 (4),           Happy  1.41 (5)
10245426.png,           Angry 26.31 (1),Facial Expression 23.58 (2),         emotion 13.87 (3),         disgust  3.45 (4),        feelings  1.61 (5)
244060312.png,        hair wig 18.70 (1),Facial Expression  9.25 (2),         emotion  6.46 (3),          maraca  4.88 (4),        plectrum  4.11 (5)
950148732.png,            mask  5.99 (1),          Kuvasz  2.38 (2),Facial Expression  2.24 (3),          dugong  2.07 (4),       grey wolf  1.89 (5)
203858740.png,           Angry  9.73 (1),         emotion  4.05 (2),Facial Expression  2.88 (3),         website  1.92 (4),      bridegroom  1.86 (5)
85534001.png,           Angry  7.98 (1),Facial Expression  6.83 (2),         emotion  2.85 (3),         disgust  2.29 (4),         Neutral  1.55 (5)
760006168.png,         emotion  8.45 (1),Facial Expression  7.34 (2),           Happy  3.16 (3),        feelings  2.21 (4),           Angry  1.64 (5)
507891395.png,         emotion  9.36 (1),       harmonica  8.38 (2),             Sad  5.01 (3),Facial Expression  4.15 (4),        feelings  3.84 (5)
598927627.png,           Angry 30.22 (1),         emotion  9.97 (2),Facial Expression  6.14 (3),         disgust  2.44 (4),      bridegroom  2.03 (5)
556471375.png,          guenon 14.50 (1),           Boxer  5.86 (2),           Angry  3.55 (3),Facial Expression  2.81 (4),         emotion  2.44 (5)
614699528.png,           Angry 18.98 (1),Facial Expression 17.27 (2),         emotion  6.55 (3),         disgust  4.58 (4),          muzzle  2.69 (5)
639102492.png,Facial Expression 27.88 (1),         emotion  4.62 (2),           Angry  2.72 (3),         disgust  2.12 (4),             Sad  1.43 (5)
71198073.png,           Angry 32.44 (1),        meatloaf  6.00 (2),Facial Expression  5.29 (3),         disgust  4.00 (4),         emotion  2.70 (5)
579756152.png,Facial Expression  7.51 (1),         emotion  6.04 (2),        feelings  2.85 (3),     face powder  2.56 (4),             Sad  1.57 (5)
8019482.png,Facial Expression 12.13 (1),           Angry  7.83 (2),         emotion  4.46 (3),         website  2.17 (4),         disgust  1.77 (5)
253195473.png,Facial Expression  4.38 (1),             Sad  3.63 (2),           Angry  3.06 (3),            newt  2.88 (4),         emotion  2.74 (5)
861186955.png,         disgust 16.36 (1),Facial Expression 14.22 (2),           Angry 11.25 (3),         emotion  4.61 (4),             Sad  4.34 (5)
274914737.png,Facial Expression  2.67 (1),         ocarina  1.75 (2),         emotion  1.43 (3),           Angry  1.38 (4),          muzzle  1.28 (5)
146490686.png,Facial Expression  5.14 (1),            mask  3.94 (2),           Happy  2.79 (3),balaclava ski mask  2.58 (4),      bridegroom  2.51 (5)
567066756.png,Facial Expression  4.02 (1),           Angry  2.60 (2),         disgust  2.56 (3),         emotion  1.68 (4),             Sad  1.65 (5)
163926074.png,      bridegroom  5.08 (1),         website  2.22 (2),         emotion  2.15 (3),        feelings  1.19 (4),             jay  1.19 (5)
271995428.png,Facial Expression  9.63 (1),           Angry  5.75 (2),         emotion  3.18 (3),           Happy  1.73 (4),         disgust  1.52 (5)
213765138.png,           Angry  8.58 (1),         emotion  3.47 (2),Facial Expression  3.47 (3),       Chow Chow  1.36 (4),           Boxer  1.34 (5)
749388643.png,Facial Expression 36.75 (1),           Angry 24.47 (2),         disgust  6.00 (3),         emotion  4.60 (4),             Sad  2.28 (5)
904971659.png,Facial Expression  8.99 (1),           Angry  5.20 (2),         gorilla  3.87 (3),Staffordshire Bull Terrier  3.81 (4),American Staffordshire Terrier  3.69 (5)
596093578.png,           Angry 37.41 (1),Facial Expression 23.77 (2),         disgust  8.22 (3),         emotion  5.73 (4),        meatloaf  1.43 (5)
142040693.png,Facial Expression 39.34 (1),           Angry  5.85 (2),         disgust  5.50 (3),         emotion  2.26 (4),             Sad  0.76 (5)
111963895.png,           Angry 12.65 (1),Facial Expression  7.67 (2),         emotion  2.82 (3),         disgust  2.49 (4),            newt  2.10 (5)
884069248.png,     Windsor tie 14.75 (1),Facial Expression 11.66 (2),      bridegroom  4.43 (3),         bow tie  3.09 (4),           Angry  2.56 (5)
754248094.png,Facial Expression 13.13 (1),           Angry 10.07 (2),         disgust  7.26 (3),             Sad  6.20 (4),        bolo tie  3.94 (5)
166619352.png,         website  5.56 (1),Facial Expression  4.47 (2),     stethoscope  1.83 (3),           goose  1.43 (4),     photocopier  1.41 (5)
359561087.png,         emotion  2.15 (1),             Sad  1.43 (2),           Angry  1.39 (3),        vestment  1.10 (4),         website  1.00 (5)
916783927.png,Facial Expression 19.67 (1),      bridegroom  7.23 (2),             Sad  6.59 (3),         emotion  6.19 (4),          bulbul  4.97 (5)
561437612.png,     Windsor tie  5.24 (1),      bridegroom  3.49 (2),         website  2.12 (3),Alaskan Malamute  1.90 (4),       partridge  1.81 (5)
273999222.png,           Angry 14.50 (1),Facial Expression  8.02 (2),         emotion  4.93 (3),        meatloaf  4.50 (4),         disgust  2.40 (5)
216056036.png,Facial Expression 11.62 (1),         emotion  5.24 (2),           Angry  3.18 (3),         disgust  2.22 (4),             Sad  1.37 (5)
571587547.png,           Angry  9.35 (1),           Boxer  3.44 (2),Facial Expression  3.33 (3),         emotion  2.26 (4),     Bullmastiff  1.81 (5)
547797484.png,Facial Expression 21.55 (1),         emotion 11.90 (2),           Happy  4.80 (3),           Angry  4.05 (4),        feelings  1.97 (5)
323712247.png,           Angry 19.47 (1),Facial Expression 17.19 (2),         emotion  8.91 (3),         disgust  1.87 (4),        feelings  1.70 (5)
27469354.png,Facial Expression  4.83 (1),      sunglasses  3.02 (2),      sunglasses  3.02 (3),         website  1.41 (4),     Windsor tie  1.41 (5)
579436310.png,Facial Expression  4.69 (1),        hair wig  3.77 (2),            mink  2.67 (3),         emotion  2.59 (4),          cougar  2.43 (5)
250711324.png,           Angry 23.27 (1),Facial Expression 19.00 (2),         disgust  8.30 (3),        baby bib  5.88 (4),         emotion  3.62 (5)
505536368.png,Facial Expression  9.85 (1),loupe magnifying glass  4.95 (2),            newt  4.88 (3),         emotion  2.69 (4),          muzzle  2.69 (5)
353931405.png,Facial Expression 16.42 (1),           Angry  7.64 (2),         disgust  7.29 (3),         emotion  3.09 (4),    king penguin  1.46 (5)
88683014.png,Facial Expression 13.02 (1),         emotion  6.25 (2),           Angry  3.09 (3),         disgust  2.61 (4), baseball player  2.09 (5)
847252400.png,Facial Expression  9.34 (1),         emotion  2.29 (2),         website  1.53 (3),     green mamba  1.48 (4),  cliff dwelling  1.41 (5)
474752472.png,           Angry 70.44 (1),English foxhound  4.72 (2),           Boxer  2.69 (3),         emotion  1.91 (4),Facial Expression  1.56 (5)
566943832.png,         emotion  6.67 (1),      bridegroom  3.57 (2),Facial Expression  2.38 (3),           Happy  1.82 (4),         toaster  1.56 (5)
478302122.png,Facial Expression 11.15 (1),         emotion  5.88 (2),           Angry  5.11 (3),           Happy  3.56 (4),         disgust  1.94 (5)
926014592.png,Facial Expression 13.91 (1),           Angry 12.29 (2),         emotion  8.19 (3),         disgust  4.31 (4),        meatloaf  2.42 (5)
879999905.png,           Angry 38.88 (1),         emotion  7.41 (2),Facial Expression  6.15 (3),         disgust  4.71 (4),      bridegroom  3.14 (5)
898915482.png,Facial Expression 31.34 (1),         emotion  5.20 (2),           Angry  4.51 (3),         disgust  2.91 (4),     face powder  1.94 (5)
394553984.png,Facial Expression  9.98 (1),         emotion  8.40 (2),        feelings  2.81 (3),       harmonica  2.77 (4),        lipstick  2.26 (5)
230993774.png,        meatloaf  1.86 (1),         emotion  1.70 (2),          gibbon  1.52 (3),Facial Expression  1.45 (4),           Angry  1.43 (5)
504201345.png,Facial Expression  4.38 (1),           Angry  1.51 (2),         emotion  0.89 (3),      guillotine  0.81 (4),        meatloaf  0.79 (5)
717779508.png,Facial Expression 14.11 (1),         emotion  3.86 (2),           daisy  2.10 (3),           Angry  1.85 (4),     breastplate  1.51 (5)
36907539.png,Facial Expression 13.23 (1),         emotion  8.55 (2),           Angry  7.08 (3),             Sad  4.64 (4),        feelings  3.97 (5)
636278542.png,Facial Expression  4.24 (1),         disgust  3.69 (2),           Angry  2.53 (3),             Sad  1.54 (4),         emotion  1.44 (5)
482876777.png,   baby pacifier 22.97 (1),        baby bib 18.75 (2),        bassinet 12.30 (3),Facial Expression  5.29 (4),          diaper  4.18 (5)
643819248.png,           Angry 13.00 (1),      Weimaraner  7.65 (2),         emotion  5.95 (3),         disgust  2.60 (4),Facial Expression  2.52 (5)
177935643.png,     Windsor tie 37.25 (1),            newt  5.28 (2),         emotion  2.07 (3),Facial Expression  1.97 (4),         bow tie  1.54 (5)
382472672.png,Facial Expression  6.28 (1),           Angry  2.28 (2),         emotion  2.21 (3),           indri  1.56 (4),         disgust  1.52 (5)
27111364.png,Facial Expression 27.16 (1),           Angry 23.95 (2),         emotion 16.72 (3),         disgust  6.35 (4),        feelings  3.00 (5)
278520704.png,           Angry 20.38 (1),Facial Expression 13.35 (2),         emotion  7.73 (3),   baby pacifier  4.01 (4),         disgust  2.93 (5)
280231305.png,Facial Expression  5.41 (1),     Windsor tie  3.38 (2),      bridegroom  2.59 (3),         disgust  2.05 (4),     green mamba  1.65 (5)
206343118.png,        baby bib 18.86 (1),   baby pacifier 10.25 (2),Facial Expression  7.98 (3),           Happy  5.94 (4),         emotion  5.66 (5)
908325533.png,Facial Expression 40.78 (1),      neck brace  5.60 (2),     face powder  3.97 (3),      shower cap  2.45 (4),         emotion  2.26 (5)
396407050.png,Facial Expression  7.66 (1),         emotion  7.43 (2),         website  2.95 (3),           Angry  2.69 (4),        feelings  2.61 (5)
846801897.png,           Angry 32.38 (1),Facial Expression 20.25 (2),         emotion  3.69 (3),            mask  3.46 (4),         disgust  3.41 (5)
452303191.png,             Sad 15.95 (1),Facial Expression 13.43 (2),         emotion 10.45 (3),           Angry  6.44 (4),         disgust  6.34 (5)
801208119.png,         emotion  8.74 (1),             Sad  6.40 (2),        feelings  3.70 (3),Facial Expression  2.58 (4),         disgust  2.07 (5)
783374525.png,Facial Expression 28.59 (1),           Angry 10.68 (2),         disgust  6.90 (3),         emotion  2.92 (4),        meatloaf  1.54 (5)
381587718.png,Facial Expression  4.25 (1),         emotion  4.25 (2),           Angry  2.75 (3),       barometer  2.66 (4),         website  2.28 (5)
925134364.png,             Sad 11.93 (1),         emotion 11.93 (2),Facial Expression  9.45 (3),           Angry  7.59 (4),         disgust  4.32 (5)
638009672.png,Facial Expression  7.33 (1),         emotion  3.63 (2),        baby bib  2.74 (3),         website  2.34 (4),           Angry  2.31 (5)
972328472.png,Facial Expression  7.12 (1),           Angry  6.59 (2),         emotion  4.39 (3),   howler monkey  1.83 (4),         website  1.67 (5)
298131624.png,           Angry 13.83 (1),Facial Expression 10.44 (2),         disgust  7.52 (3),         emotion  2.81 (4),      sunglasses  2.02 (5)
21538647.png,Facial Expression 15.25 (1),         emotion  4.95 (2),           Angry  3.68 (3),         disgust  3.62 (4),          bulbul  2.57 (5)
446974377.png,      bridegroom 12.16 (1),Facial Expression 10.73 (2),     Windsor tie  4.62 (3),     face powder  3.89 (4),           Boxer  3.17 (5)
199770327.png,Facial Expression 25.52 (1),           Angry 16.73 (2),         disgust  9.53 (3),         emotion  5.10 (4),             Sad  3.09 (5)
453586834.png,           Happy  6.98 (1),Facial Expression  5.03 (2),         emotion  3.85 (3),          maraca  1.66 (4),        feelings  1.21 (5)
517558845.png,     Windsor tie  5.07 (1),        grey fox  4.21 (2),      bridegroom  3.33 (3),     screwdriver  2.21 (4),Facial Expression  2.15 (5)
879439546.png,Facial Expression 10.30 (1),         disgust  6.45 (2),         emotion  5.68 (3),             Sad  4.50 (4),           Angry  3.04 (5)
542199561.png,Facial Expression  9.10 (1),           Angry  4.16 (2),         disgust  2.77 (3),         emotion  2.30 (4),        meatloaf  2.26 (5)
717042040.png,           Angry  7.52 (1),Facial Expression  4.49 (2),        meatloaf  4.09 (3),         emotion  2.81 (4),         disgust  1.87 (5)
528538083.png,Facial Expression  5.46 (1),         emotion  4.89 (2),      bridegroom  3.16 (3),       partridge  2.38 (4),         disgust  2.14 (5)
787669190.png,         emotion  3.93 (1),Facial Expression  3.87 (2),             Sad  2.58 (3),         disgust  2.31 (4),      sunglasses  1.83 (5)
840404768.png,     Windsor tie  3.76 (1),Facial Expression  2.98 (2),          weasel  1.89 (3),           tench  1.89 (4),Italian Greyhound  1.45 (5)
746354137.png,           Angry 19.69 (1),Facial Expression  7.36 (2),         disgust  4.26 (3),         emotion  2.93 (4),        hornbill  1.62 (5)
864582525.png,Facial Expression  8.92 (1),        baby bib  5.59 (2),           Angry  4.28 (3),         emotion  2.99 (4),   baby pacifier  2.77 (5)
123021272.png,         website  8.84 (1),     green mamba  3.57 (2),          weevil  2.04 (3),Italian Greyhound  1.69 (4),     Siamese cat  1.64 (5)
711608438.png,Facial Expression 17.77 (1),             Sad 11.46 (2),         disgust  8.66 (3),           Angry  7.88 (4),         emotion  6.04 (5)
70035392.png,Facial Expression 25.08 (1),           Angry 15.69 (2),         disgust  7.41 (3),         emotion  3.79 (4),             Sad  1.71 (5)
614161175.png,           Angry  7.90 (1),Facial Expression  4.23 (2),         hatchet  3.56 (3),         emotion  3.29 (4),        meatloaf  2.86 (5)
688137876.png,Facial Expression 15.48 (1),        baby bib  4.95 (2),           Angry  3.45 (3),         disgust  2.95 (4),   baby pacifier  2.45 (5)
433901396.png,Facial Expression  3.22 (1),         emotion  2.39 (2),         website  1.95 (3),      bridegroom  1.30 (4),           Happy  1.20 (5)
219534181.png,Facial Expression  7.89 (1),         emotion  3.55 (2),           Angry  3.09 (3),         disgust  2.30 (4),             Sad  1.63 (5)
177318626.png,         emotion 11.17 (1),      bridegroom  4.58 (2),Facial Expression  4.38 (3),           Angry  3.52 (4),        feelings  2.57 (5)
520986540.png,         emotion 19.39 (1),Facial Expression  8.73 (2),             Sad  7.83 (3),        feelings  5.64 (4),      bridegroom  2.35 (5)
334114520.png,           Angry 17.70 (1),Facial Expression  9.18 (2),         disgust  7.85 (3),         emotion  2.63 (4),             Sad  2.43 (5)
276417210.png,Facial Expression 10.98 (1),           Angry  8.29 (2),         emotion  4.51 (3),         disgust  1.66 (4),    punching bag  1.42 (5)
620297657.png,          muzzle  2.94 (1),   baby pacifier  2.60 (2),         Basenji  2.33 (3),         emotion  1.70 (4),Facial Expression  1.57 (5)
778284259.png,Facial Expression 28.42 (1),         emotion 14.28 (2),           Angry  3.09 (3),        feelings  2.03 (4),           Happy  1.96 (5)
895604301.png,           Angry 35.94 (1),Facial Expression  7.19 (2),         emotion  5.96 (3),         disgust  3.24 (4),        meatloaf  2.03 (5)
578252862.png,Facial Expression 11.81 (1),           Angry  6.63 (2),         emotion  2.52 (3),        meatloaf  2.52 (4),         disgust  2.05 (5)
633477345.png,    Egyptian Mau 32.78 (1),      shower cap  7.91 (2),     poke bonnet  4.30 (3),       tabby cat  1.33 (4),       armadillo  1.27 (5)
173409614.png,Facial Expression 19.72 (1),           Angry 17.12 (2),         disgust  4.68 (3),         emotion  3.76 (4),      neck brace  3.53 (5)
448964659.png,           Angry 29.34 (1),Facial Expression 15.95 (2),         emotion  5.96 (3),         disgust  3.73 (4),           Boxer  2.19 (5)
755132091.png,Facial Expression 12.63 (1),         emotion  7.09 (2),           Angry  6.98 (3),         disgust  1.79 (4),        Surprise  1.76 (5)
488113134.png,           Happy  2.80 (1),          baboon  2.40 (2),          wombat  2.25 (3),proboscis monkey  2.08 (4),Facial Expression  1.93 (5)
672154495.png,            newt  8.55 (1),     Windsor tie  6.36 (2),Facial Expression  4.95 (3),           Angry  3.00 (4),         emotion  2.23 (5)
937835459.png,Facial Expression 30.59 (1),           Angry  6.31 (2),          bulbul  4.21 (3),         emotion  3.95 (4),           indri  3.17 (5)
445171521.png,         emotion 14.62 (1),Facial Expression 11.03 (2),             Sad  9.89 (3),        feelings  7.70 (4),         disgust  1.92 (5)
788344649.png,         emotion 13.56 (1),Facial Expression  7.61 (2),             Sad  6.02 (3),        feelings  3.27 (4),           Angry  3.07 (5)
779920570.png,           Angry 34.25 (1),Facial Expression 10.78 (2),         emotion  7.41 (3),         disgust  3.55 (4),        feelings  1.73 (5)
29752591.png,         emotion  5.88 (1),Facial Expression  4.45 (2),      bridegroom  4.30 (3),        feelings  2.57 (4),     feather boa  2.53 (5)
118707681.png,Facial Expression  7.15 (1),             jay  5.07 (2),         gorilla  3.23 (3),        meatloaf  2.55 (4),           Angry  2.05 (5)
971865692.png,       saxophone  1.81 (1),            oboe  1.37 (2),     Windsor tie  1.19 (3),       pan flute  1.19 (4),         bassoon  1.05 (5)
646398852.png,Facial Expression 32.56 (1),         emotion 14.02 (2),         disgust  2.76 (3),        feelings  2.67 (4),           Angry  2.63 (5)
220807539.png,Facial Expression 12.41 (1),           Angry  7.30 (2),            mask  6.34 (3),         emotion  3.45 (4),          muzzle  3.24 (5)
721407853.png,           Angry 37.88 (1),Facial Expression 13.52 (2),         emotion  3.81 (3),         disgust  3.11 (4),    punching bag  1.36 (5)
993749968.png,Facial Expression  6.97 (1),         emotion  6.76 (2),             Sad  2.95 (3),        feelings  2.37 (4),         disgust  1.94 (5)
685985522.png,Facial Expression 10.48 (1),           Angry  7.43 (2),         disgust  5.97 (3),        hair wig  2.82 (4),      bridegroom  2.30 (5)
682061151.png,rotary dial telephone  4.98 (1),        payphone  4.68 (2),         website  3.82 (3),Facial Expression  1.78 (4),    mobile phone  1.62 (5)
199100517.png,Facial Expression  5.04 (1),     toy terrier  4.59 (2),         emotion  4.12 (3),         disgust  2.17 (4),           Angry  2.17 (5)
923414121.png,         emotion  3.00 (1),     green mamba  1.71 (2),         wallaby  1.63 (3),           Happy  1.60 (4),         website  1.51 (5)
119671280.png,Facial Expression 18.56 (1),         emotion  5.57 (2),           Angry  5.49 (3),         disgust  3.43 (4),             Sad  3.23 (5)
928761215.png,Facial Expression  9.79 (1),           Happy  5.66 (2),         emotion  5.57 (3),           Angry  5.00 (4),        lipstick  1.75 (5)
15149011.png,Facial Expression 23.61 (1),           Angry 16.75 (2),        baby bib 12.45 (3),   baby pacifier  6.26 (4),         disgust  5.70 (5)
772166009.png,         emotion  2.29 (1),        bolo tie  2.22 (2),           Happy  1.73 (3),      bridegroom  1.55 (4),Facial Expression  1.45 (5)
155295956.png,       harmonica  5.20 (1),          muzzle  3.15 (2),         emotion  3.01 (3),            newt  1.56 (4),         whistle  1.36 (5)
720642386.png,Facial Expression  8.27 (1),           Angry  7.64 (2),         disgust  5.50 (3),         emotion  4.36 (4),            newt  4.09 (5)
133772521.png,      harvestman 15.33 (1),         emotion  4.39 (2),          weasel  4.00 (3),        lacewing  3.07 (4),    stick insect  2.42 (5)
812221343.png,Facial Expression  4.77 (1),           Angry  2.25 (2),         emotion  2.02 (3),         ocarina  1.34 (4),       pan flute  1.15 (5)
35578675.png,           Angry 31.56 (1),Facial Expression 27.00 (2),         emotion  7.74 (3),         disgust  5.49 (4),        feelings  0.98 (5)
602713676.png,           Angry 24.36 (1),         emotion  4.30 (2),Facial Expression  3.80 (3),         disgust  2.34 (4),    punching bag  2.00 (5)
618367734.png,Facial Expression 16.73 (1),         disgust  4.72 (2),         emotion  3.35 (3),        meatloaf  2.73 (4),           Angry  2.69 (5)
653186143.png,           Angry 11.99 (1),Facial Expression  8.24 (2),         emotion  5.08 (3),         disgust  3.55 (4),   baby pacifier  3.28 (5)
284529254.png,Facial Expression 13.13 (1),           Angry  4.98 (2),         disgust  4.20 (3),         emotion  2.71 (4),      neck brace  1.01 (5)
498202751.png,           Angry 41.69 (1),Facial Expression 15.59 (2),         emotion  9.30 (3),         disgust  5.14 (4),        feelings  2.21 (5)
378703766.png,         disgust  3.78 (1),Facial Expression  3.60 (2),         emotion  2.81 (3),           Angry  2.64 (4),             Sad  2.44 (5)
643558571.png,           Angry  4.44 (1),         emotion  4.23 (2),Facial Expression  3.46 (3),         website  3.20 (4),           Boxer  3.00 (5)
274293890.png,Facial Expression  6.84 (1),        Papillon  4.15 (2),         emotion  3.28 (3),        cardigan  3.18 (4),     toy terrier  2.15 (5)
135972400.png,Facial Expression 24.41 (1),        baby bib  7.56 (2),   baby pacifier  6.27 (3),         disgust  5.89 (4),           Angry  5.62 (5)
851083362.png,     Pickelhaube 30.59 (1),Facial Expression  6.12 (2),     Windsor tie  3.65 (3),         emotion  2.15 (4),        bolo tie  1.84 (5)
428799641.png,         emotion  4.90 (1),           Happy  3.32 (2),Facial Expression  2.62 (3),        feelings  1.78 (4),           Angry  1.38 (5)
949588239.png,Facial Expression  5.59 (1),         disgust  3.14 (2),         emotion  3.09 (3),           Angry  2.72 (4),Granny Smith apple  1.96 (5)
671523506.png,Facial Expression  5.92 (1),           Angry  3.65 (2),         emotion  3.17 (3),          guenon  2.36 (4),        meatloaf  2.25 (5)
746214583.png,Facial Expression 20.08 (1),   baby pacifier 18.58 (2),        baby bib 11.99 (3),           Angry 10.75 (4),         emotion  3.23 (5)
300409768.png,           Angry 10.53 (1),Facial Expression  8.46 (2),  Boston Terrier  7.24 (3),         emotion  5.38 (4),        meatloaf  4.53 (5)
451888442.png,            mask 10.85 (1),     breastplate  8.19 (2),Facial Expression  5.63 (3),         cuirass  4.82 (4),         emotion  3.06 (5)
439424147.png,           Angry 36.34 (1),Facial Expression 20.72 (2),         emotion 10.58 (3),         disgust  5.24 (4),        feelings  2.05 (5)
43157592.png,Facial Expression 23.38 (1),           Angry  7.47 (2),         disgust  6.19 (3),         emotion  4.26 (4),             Sad  2.04 (5)
858883914.png,   baby pacifier 13.04 (1),Facial Expression  9.39 (2),           Angry  8.29 (3),         emotion  7.66 (4),         disgust  3.25 (5)
127872927.png,Facial Expression 21.52 (1),         emotion 13.04 (2),           Angry 10.00 (3),         disgust  5.52 (4),        feelings  5.27 (5)
575284413.png,Facial Expression 10.98 (1),         emotion  5.52 (2),           Happy  4.65 (3),           Angry  1.58 (4),        Surprise  1.53 (5)
241656396.png,           Angry 18.27 (1),Facial Expression 11.26 (2),         disgust  7.27 (3),         emotion  3.71 (4),        meatloaf  1.75 (5)
937365751.png,           Angry 12.96 (1),Facial Expression  7.05 (2),         emotion  4.34 (3),         disgust  3.71 (4),        meatloaf  2.47 (5)
592515412.png,    Ibizan Hound  4.11 (1),         emotion  2.04 (2),          borzoi  2.04 (3),Facial Expression  1.61 (4),       Dobermann  1.42 (5)
382334157.png,           Angry 12.66 (1),Facial Expression  4.45 (2),              ox  4.17 (3),         disgust  3.98 (4),         emotion  3.68 (5)
479744062.png,           Angry 21.55 (1),         emotion 19.31 (2),Facial Expression 13.91 (3),        feelings  3.05 (4),         disgust  2.74 (5)
722856923.png,Facial Expression  7.95 (1),           Angry  7.46 (2),         emotion  4.46 (3),         website  1.52 (4),         disgust  1.47 (5)
40953508.png,           Angry  9.02 (1),          orange  4.07 (2),Facial Expression  3.42 (3),         emotion  3.37 (4),         disgust  3.17 (5)
579041675.png,Facial Expression  4.22 (1),     Windsor tie  3.72 (2),         disgust  3.67 (3),      bridegroom  3.34 (4),         emotion  2.64 (5)
839950636.png,Facial Expression 11.03 (1),          baboon  4.67 (2),balaclava ski mask  3.93 (3),         emotion  3.31 (4),      shower cap  2.75 (5)
348522680.png,Facial Expression 14.82 (1),         emotion 11.19 (2),         disgust 10.67 (3),           Angry 10.35 (4),             Sad  8.19 (5)
963393706.png,     Pickelhaube 25.78 (1),military uniform  4.41 (2),gas mask or respirator  2.89 (3),military hat (bearskin or shako)  2.36 (4),Facial Expression  1.99 (5)
187992951.png,Facial Expression  6.17 (1),           Angry  4.18 (2),         disgust  2.87 (3),         emotion  1.97 (4),        hair wig  1.20 (5)
139353247.png,Facial Expression 13.34 (1),           Angry  5.65 (2),         emotion  4.68 (3),         disgust  2.93 (4),     poke bonnet  1.30 (5)
48690603.png,           Boxer  8.51 (1),Facial Expression  4.62 (2),         emotion  2.47 (3),           Angry  2.25 (4),  Boston Terrier  1.96 (5)
501148993.png,Facial Expression 23.75 (1),         emotion 14.19 (2),           Angry 14.19 (3),         disgust  3.12 (4),        feelings  1.67 (5)
225764684.png,Facial Expression  5.64 (1),           Angry  2.62 (2),      sunglasses  1.86 (3),      sunglasses  1.86 (4),         emotion  1.75 (5)
821434559.png,Facial Expression  6.94 (1),         emotion  4.02 (2),           Angry  3.66 (3),             Sad  2.36 (4),     Windsor tie  2.32 (5)
658494879.png,           Angry 12.41 (1),         emotion  8.13 (2),Facial Expression  7.65 (3),          baboon  2.64 (4),         disgust  2.52 (5)
323555007.png,Facial Expression  7.95 (1),           Angry  5.13 (2),         emotion  4.26 (3),      bridegroom  2.01 (4),         disgust  1.86 (5)
320319121.png,           Angry 11.12 (1),Facial Expression  6.64 (2),      bath towel  3.04 (3),         emotion  2.52 (4),         wallaby  1.65 (5)
741301759.png,         website  3.06 (1),         emotion  2.42 (2),Facial Expression  1.61 (3),      bridegroom  1.54 (4),     black stork  1.16 (5)
200269338.png,           Angry 17.19 (1),Facial Expression 12.77 (2),           Boxer  6.73 (3),         emotion  3.89 (4),         disgust  3.89 (5)
723523088.png,           Angry 17.69 (1),         emotion 11.24 (2),Facial Expression  7.85 (3),           Boxer  3.38 (4),           junco  2.67 (5)
725479392.png,Facial Expression  9.38 (1),           Angry  2.26 (2),         emotion  2.16 (3),           tiger  1.63 (4),      steel drum  1.53 (5)
453114390.png,           Angry 40.50 (1),Facial Expression 18.83 (2),         emotion  8.10 (3),         disgust  5.57 (4),        feelings  1.48 (5)
854297605.png,      bridegroom  2.55 (1),          guenon  1.75 (2),Facial Expression  1.54 (3),         website  1.43 (4),         emotion  1.41 (5)
625266240.png,Facial Expression 14.20 (1),         emotion  4.13 (2),         website  2.80 (3),           Angry  2.18 (4),     breastplate  1.75 (5)
876913489.png,Facial Expression 13.58 (1),             jay  6.21 (2),            mask  5.75 (3),           Angry  4.08 (4),      bridegroom  2.40 (5)
492331773.png,    punching bag  5.17 (1),         emotion  4.71 (2),           Boxer  4.56 (3),Facial Expression  3.72 (4),           Angry  3.19 (5)
412239414.png,Facial Expression  7.46 (1),      shower cap  3.87 (2),         emotion  3.47 (3),             Sad  3.06 (4),balaclava ski mask  2.88 (5)
212561886.png,Facial Expression 14.66 (1),      bridegroom  6.71 (2),         emotion  4.99 (3),           Angry  3.65 (4),     Windsor tie  2.93 (5)
769274093.png,Facial Expression 14.30 (1),           Angry  6.16 (2),         emotion  3.67 (3),         disgust  2.41 (4),          bulbul  2.06 (5)
68697311.png,Facial Expression 12.59 (1),         disgust 12.40 (2),         emotion  8.52 (3),             Sad  7.76 (4),           Angry  7.06 (5)
891954108.png,Facial Expression 26.44 (1),     face powder  5.05 (2),         emotion  2.58 (3),         disgust  1.74 (4),     poke bonnet  1.32 (5)
218774030.png,           Angry 13.73 (1),         emotion 10.53 (2),Facial Expression  5.82 (3),         disgust  4.19 (4),    punching bag  1.75 (5)
440750024.png,Facial Expression 12.71 (1),         emotion  3.21 (2),           Angry  3.07 (3),         disgust  1.15 (4),   howler monkey  1.01 (5)
550066156.png,         emotion  6.73 (1),Facial Expression  3.43 (2),      bridegroom  2.98 (3),             Sad  2.68 (4),             jay  2.59 (5)
442288192.png,   baby pacifier 19.31 (1),Facial Expression 11.00 (2),        baby bib  8.84 (3),           Angry  7.45 (4),         disgust  3.63 (5)
807582763.png,           Angry 23.06 (1),         emotion 18.83 (2),Facial Expression  7.96 (3),         disgust  3.76 (4),        feelings  2.93 (5)
627595996.png,           Angry 56.44 (1),Facial Expression 11.29 (2),         emotion  3.55 (3),         disgust  2.52 (4),     Bullmastiff  1.53 (5)
785318560.png,Facial Expression 25.78 (1),           Angry  8.50 (2),        baby bib  5.24 (3),         emotion  4.14 (4),         disgust  3.89 (5)
594636174.png,Facial Expression 23.23 (1),      neck brace 12.63 (2),         emotion  4.79 (3),      hair dryer  2.10 (4),           Happy  1.63 (5)
925720211.png,         vulture  2.20 (1),      prayer rug  1.69 (2),          baboon  1.61 (3),         emotion  1.45 (4),    Afghan Hound  1.45 (5)
182847932.png,Facial Expression 12.84 (1),        hair wig  4.44 (2),         emotion  2.91 (3),           Angry  2.45 (4),         website  1.94 (5)
587462321.png,Facial Expression  7.11 (1),           Angry  4.59 (2),         emotion  2.87 (3),     Windsor tie  2.65 (4),        meatloaf  2.17 (5)
932788241.png,Facial Expression  9.88 (1),         emotion  4.45 (2),           Angry  4.32 (3),           Happy  3.11 (4),         disgust  2.92 (5)
28439350.png,           Angry  7.15 (1),       Chow Chow  4.08 (2),         emotion  2.25 (3),        meatloaf  1.93 (4),Facial Expression  1.60 (5)
901911443.png,Facial Expression 11.70 (1),           Angry 10.48 (2),         disgust  5.44 (3),        meatloaf  5.36 (4),     Windsor tie  4.95 (5)
882464470.png,           Angry 14.56 (1),Facial Expression 12.46 (2),         disgust  5.70 (3),         emotion  3.51 (4),           modem  1.05 (5)
652372264.png,Facial Expression  2.82 (1),           Happy  2.41 (2),         website  2.23 (3),         emotion  1.97 (4),      bridegroom  1.25 (5)
929306947.png,rotary dial telephone 12.18 (1),      neck brace  7.74 (2),         website  3.77 (3),        payphone  3.49 (4),        bolo tie  2.22 (5)
877854609.png,          weasel  4.11 (1),         disgust  4.11 (2),Facial Expression  3.63 (3),         emotion  2.57 (4),             Sad  2.24 (5)
491460562.png,Facial Expression  2.54 (1),         disgust  2.24 (2),           Angry  2.07 (3),          beaker  1.64 (4),         emotion  1.52 (5)
156297928.png,Facial Expression  4.75 (1),      microphone  3.82 (2),          maraca  3.12 (3),       harmonica  2.75 (4),           Angry  2.21 (5)
586187552.png,Facial Expression  3.94 (1),         disgust  2.58 (2),      sunglasses  2.24 (3),      sunglasses  2.24 (4),          mitten  2.18 (5)
911084498.png,           Angry  7.25 (1),Facial Expression  6.81 (2),         emotion  3.94 (3),         disgust  1.92 (4),        meatloaf  1.64 (5)
629238472.png,Facial Expression 15.93 (1),           Angry  4.16 (2),         disgust  3.55 (3),     titi monkey  3.34 (4),         emotion  2.68 (5)
569819780.png,Facial Expression  5.71 (1),         ocarina  3.86 (2),           Angry  3.63 (3),         emotion  3.15 (4),          muzzle  2.57 (5)
266733365.png,           Angry  5.36 (1),Facial Expression  4.11 (2),         emotion  3.98 (3),           Happy  2.87 (4),     green mamba  1.91 (5)
311688540.png,Facial Expression  6.68 (1),         emotion  4.97 (2),             Sad  3.69 (3),'Geoffroy''s spider monkey  2.46 (4)',         disgust  2.38 (5)
469867575.png,Facial Expression  7.24 (1),           Angry  3.70 (2),          muzzle  3.53 (3),          baboon  3.47 (4),   howler monkey  3.26 (5)
500893207.png,         emotion 12.38 (1),Facial Expression  7.16 (2),      bridegroom  6.84 (3),           Angry  5.41 (4),   reflex camera  4.92 (5)
14261424.png,Facial Expression 10.12 (1),      bridegroom  6.63 (2),         emotion  4.22 (3),          bulbul  4.09 (4),           Angry  3.61 (5)
721258368.png,           Happy  2.80 (1),          baboon  2.40 (2),          wombat  2.25 (3),proboscis monkey  2.08 (4),Facial Expression  1.93 (5)
774335765.png,Facial Expression  4.76 (1),          guenon  3.95 (2),common squirrel monkey  3.38 (3),           Angry  2.36 (4),         emotion  2.14 (5)
854767916.png,Facial Expression 14.91 (1),           Angry 14.45 (2),         emotion  6.21 (3),          cougar  1.67 (4),         disgust  1.62 (5)
466599696.png,Facial Expression 28.31 (1),           Angry 14.70 (2),         disgust  4.48 (3),  Boston Terrier  2.55 (4),            mink  2.25 (5)
250546099.png,         emotion  8.89 (1),             Sad  5.56 (2),Facial Expression  5.39 (3),        feelings  2.93 (4),           abaya  2.55 (5)
107713209.png,Facial Expression 30.72 (1),         emotion  5.95 (2),           Angry  5.95 (3),         disgust  5.95 (4),        feelings  1.63 (5)
312590627.png,      sunglasses 17.53 (1),      sunglasses 17.53 (2),           Happy  3.45 (3),         emotion  2.03 (4),        feelings  1.37 (5)
67722718.png,           Angry 29.94 (1),Facial Expression  5.28 (2),        meatloaf  3.30 (3),         emotion  3.16 (4),         disgust  2.74 (5)
578350077.png,           Angry 11.09 (1),         emotion  3.96 (2),Facial Expression  3.13 (3),         disgust  2.81 (4),          orange  2.02 (5)
969874916.png,Facial Expression 32.78 (1),   baby pacifier 10.16 (2),        baby bib 10.16 (3),           Angry  6.98 (4),         emotion  4.11 (5)
742411814.png,Facial Expression  2.48 (1),           Happy  2.26 (2),         emotion  1.65 (3),           Angry  1.65 (4),         website  1.19 (5)
140253739.png,Facial Expression 20.70 (1),            newt  7.86 (2),           Angry  7.38 (3),         disgust  4.27 (4),         emotion  3.38 (5)
61944766.png,           Angry 38.22 (1),Facial Expression 22.81 (2),         emotion  9.22 (3),         disgust  4.71 (4),        feelings  1.37 (5)
328446619.png,   baby pacifier 15.72 (1),        baby bib 11.50 (2),Facial Expression  5.35 (3),         emotion  5.10 (4),        feelings  2.49 (5)
633032857.png,Facial Expression  6.11 (1),         disgust  3.77 (2),         emotion  2.89 (3),             Sad  2.43 (4),            slug  1.86 (5)
597397416.png,           Angry 29.72 (1),        baby bib 13.60 (2),Facial Expression 11.28 (3),         disgust  8.25 (4),   baby pacifier  5.85 (5)
731757868.png,Facial Expression 27.34 (1),           Angry 21.30 (2),         disgust 11.05 (3),         emotion  4.00 (4),        meatloaf  1.24 (5)
677723544.png,           Angry 24.30 (1),         emotion 16.70 (2),Facial Expression  6.54 (3),         disgust  3.85 (4),        feelings  2.86 (5)
988748737.png,           Angry 34.53 (1),Facial Expression 18.78 (2),         emotion 11.57 (3),         disgust  3.94 (4),        feelings  1.89 (5)
106244120.png,Facial Expression 23.53 (1),   baby pacifier 18.61 (2),        baby bib 13.41 (3),           Angry  8.52 (4),         emotion  3.67 (5)
857333124.png,         emotion  4.52 (1),Facial Expression  3.69 (2),           Angry  2.70 (3),American Staffordshire Terrier  2.17 (4),       harmonica  1.95 (5)
316440295.png,Facial Expression 22.23 (1),           Angry 13.07 (2),        meatloaf  6.68 (3),         emotion  3.10 (4),      bridegroom  2.92 (5)
92096576.png,Facial Expression 15.21 (1),           Angry  7.53 (2),         emotion  4.57 (3),         disgust  3.39 (4),       carbonara  1.90 (5)
949255730.png,        baby bib 14.71 (1),   baby pacifier 10.59 (2),Facial Expression  7.05 (3),           Angry  5.50 (4),         emotion  3.18 (5)
754320405.png,Facial Expression 32.03 (1),           Angry 17.41 (2),          bulbul  9.17 (3),         disgust  4.84 (4),         emotion  4.54 (5)
502500609.png,Facial Expression  2.08 (1),     white stork  2.04 (2),      shower cap  1.47 (3),         emotion  1.43 (4),           Happy  1.30 (5)
234815175.png,   howler monkey  7.48 (1),          baboon  6.29 (2),        marmoset  5.22 (3),    patas monkey  4.00 (4),'Geoffroy''s spider monkey  1.75 (5)'
467528522.png,           Angry 15.73 (1),         emotion  6.06 (2),   Japanese Chin  5.79 (3),Facial Expression  5.35 (4),         disgust  5.27 (5)
711973757.png,           Angry 40.84 (1),Facial Expression  6.56 (2),        meatloaf  6.56 (3),         emotion  5.27 (4), Tibetan Mastiff  2.41 (5)
126779346.png,Facial Expression 20.02 (1),           Angry  3.48 (2),         emotion  3.17 (3),           Happy  2.28 (4),         disgust  1.72 (5)
55498331.png,Facial Expression 16.33 (1),           Angry  7.36 (2),         disgust  6.10 (3),         emotion  2.66 (4),             Sad  2.24 (5)
111721571.png,      bridegroom  4.61 (1),English foxhound  3.77 (2),       damselfly  3.07 (3),         emotion  2.84 (4),         website  2.84 (5)
385708547.png,Facial Expression 27.61 (1),           Angry  9.70 (2),         emotion  8.04 (3),     face powder  3.05 (4),         disgust  1.53 (5)
141248694.png,           Angry 35.25 (1),Facial Expression 24.62 (2),         disgust 10.59 (3),         emotion  5.58 (4),        feelings  1.28 (5)
823877801.png,Facial Expression 33.16 (1),           Angry  7.16 (2),         disgust  4.55 (3),         emotion  2.99 (4),   baby pacifier  1.65 (5)
975668325.png,Facial Expression 19.61 (1),           Angry  4.66 (2),         emotion  4.51 (3),             jay  3.57 (4),         disgust  3.01 (5)
671825268.png,Facial Expression 14.98 (1),         disgust  9.09 (2),           Angry  7.19 (3),         emotion  4.43 (4),        meatloaf  2.77 (5)
174088835.png,         emotion 12.27 (1),Facial Expression 10.17 (2),   baby pacifier  9.12 (3),        baby bib  6.17 (4),        feelings  4.24 (5)
168153871.png,Facial Expression 15.32 (1),         emotion  8.87 (2),           Angry  8.87 (3),      bridegroom  5.55 (4),     Windsor tie  3.21 (5)
523904336.png,          weasel 22.62 (1),Facial Expression 11.03 (2),           Angry 10.86 (3),         disgust  7.01 (4),            newt  5.90 (5)
402805688.png,'Geoffroy''s spider monkey  8.73 (1)',Facial Expression  2.01 (2),          gibbon  1.89 (3),         emotion  1.24 (4),         website  1.24 (5)
84618793.png,         emotion  2.87 (1),Facial Expression  1.88 (2),          weasel  1.44 (3),           Happy  1.38 (4),           Angry  1.31 (5)
80528274.png,Facial Expression 37.78 (1),           Angry 12.66 (2),         disgust 11.70 (3),         emotion  3.92 (4),             Sad  2.17 (5)
548591961.png,Facial Expression 10.91 (1),        baby bib  9.18 (2),         emotion  5.40 (3),             Sad  4.84 (4),         disgust  4.07 (5)
618288159.png,Facial Expression  8.96 (1),         emotion  4.37 (2),           Happy  2.13 (3),         disgust  2.00 (4),           Angry  1.76 (5)
396681264.png,           Happy  2.80 (1),          baboon  2.40 (2),          wombat  2.25 (3),proboscis monkey  2.08 (4),Facial Expression  1.93 (5)
360186862.png,           Angry 24.92 (1),Facial Expression 11.77 (2),         emotion  9.16 (3),         disgust  5.31 (4),        meatloaf  4.54 (5)
63113025.png,Facial Expression 14.60 (1),         disgust  9.73 (2),           Angry  5.29 (3),         emotion  2.74 (4),             Sad  1.89 (5)
485218188.png,        meatloaf  6.29 (1),           Angry  5.81 (2),rotary dial telephone  3.26 (3),       harmonica  2.62 (4),    punching bag  2.42 (5)
443592870.png,         emotion  6.86 (1),Facial Expression  4.86 (2),             Sad  4.71 (3),              ox  2.56 (4),        feelings  1.87 (5)
590507045.png, Groenendael dog  7.57 (1),        vestment  3.41 (2),     Windsor tie  1.36 (3),          gibbon  1.27 (4),             Sad  1.24 (5)
833679518.png,Facial Expression  5.11 (1),           Angry  2.10 (2),         emotion  2.06 (3),         disgust  1.44 (4),             Sad  1.31 (5)
163956743.png,      sunglasses  5.38 (1),      sunglasses  5.38 (2),         website  1.92 (3),         emotion  1.64 (4),          weasel  1.28 (5)
721435076.png,        meatloaf 10.23 (1),         disgust  4.14 (2),Facial Expression  3.65 (3),           Angry  3.32 (4),           tench  2.84 (5)
215330010.png,           Angry 18.31 (1),rotary dial telephone 10.44 (2),       harmonica  7.88 (3),        payphone  6.13 (4),         emotion  5.59 (5)
62405830.png,         emotion 16.20 (1),Facial Expression  7.65 (2),           Angry  6.24 (3),        feelings  3.40 (4),             Sad  2.90 (5)
721703180.png,Facial Expression  5.68 (1),           Angry  5.51 (2),         emotion  4.16 (3),             Sad  1.93 (4),              ox  1.90 (5)
608681014.png,            mask  9.61 (1),balaclava ski mask  3.65 (2),       orangutan  2.88 (3),Facial Expression  1.67 (4),three-toed sloth  1.62 (5)
508495707.png,Facial Expression  4.58 (1),      bridegroom  4.37 (2),'Geoffroy''s spider monkey  3.05 (3)',         emotion  2.49 (4),           Angry  1.61 (5)
862760006.png,Facial Expression 15.78 (1),           Angry  7.57 (2),         disgust  6.58 (3),          weasel  6.18 (4),          Vizsla  3.99 (5)
968116646.png,Facial Expression 21.31 (1),           Angry 10.23 (2),         disgust  8.35 (3),         emotion  4.07 (4),             Sad  1.64 (5)
806140848.png,Facial Expression  5.12 (1),           Angry  3.99 (2),'Geoffroy''s spider monkey  2.35 (3)',         website  2.10 (4),         emotion  2.04 (5)
155677231.png,Facial Expression  2.92 (1),           indri  2.79 (2),     breastplate  1.30 (3),        cardigan  1.22 (4),        lipstick  1.16 (5)
639352463.png,Facial Expression 18.62 (1),           Angry 11.66 (2),         disgust  4.94 (3),         emotion  3.45 (4),             Sad  2.26 (5)
993045069.png,Facial Expression 16.88 (1),           Angry 11.06 (2),         emotion  9.32 (3),         disgust  7.15 (4),        feelings  4.01 (5)
664845750.png,      sunglasses  4.12 (1),      sunglasses  4.12 (2),Facial Expression  1.86 (3),     breastplate  0.96 (4),     toy terrier  0.95 (5)
256318724.png,   baby pacifier 12.21 (1),        baby bib 10.45 (2),        bassinet  6.54 (3),Facial Expression  6.14 (4),          diaper  4.03 (5)
902134071.png,           Angry 12.41 (1),Facial Expression  5.18 (2),         emotion  4.86 (3),      bridegroom  3.73 (4),           Boxer  2.60 (5)
507397946.png,           Angry 16.25 (1),         emotion  5.80 (2),Facial Expression  4.73 (3),         disgust  2.91 (4),          weasel  1.71 (5)
926231968.png,           Angry 14.94 (1),Facial Expression 12.20 (2),         emotion  6.33 (3),         disgust  3.96 (4),    punching bag  1.79 (5)
341252218.png,Facial Expression 14.89 (1),      bridegroom  6.51 (2),           Angry  4.40 (3),         emotion  4.27 (4), baseball player  2.32 (5)
730950775.png,Facial Expression 15.87 (1),           Angry 11.26 (2),         emotion  9.62 (3),         disgust  2.63 (4), baseball player  2.05 (5)
691575939.png,           Angry 13.43 (1),         emotion  9.38 (2),Facial Expression  5.02 (3),         disgust  2.41 (4),      neck brace  1.76 (5)
100730703.png,     Windsor tie  1.02 (1),        vestment  0.95 (2),       pan flute  0.95 (3),            tick  0.93 (4),        meatloaf  0.91 (5)
375593982.png,           Angry 28.81 (1),Facial Expression 13.82 (2),         emotion  3.08 (3),         disgust  3.04 (4),        meatloaf  2.09 (5)
617150396.png,        vestment  1.92 (1),     Windsor tie  1.59 (2),        meatloaf  1.57 (3),           Happy  1.54 (4),Facial Expression  1.47 (5)
333209675.png,           Angry  8.91 (1),Facial Expression  5.49 (2),     screwdriver  3.89 (3),         disgust  3.38 (4),         emotion  2.40 (5)
756161273.png,           Angry 13.76 (1),Facial Expression  9.02 (2),           modem  3.42 (3),         disgust  2.63 (4),         emotion  1.41 (5)
554954690.png,           Angry  9.60 (1),Facial Expression  6.80 (2),         emotion  6.60 (3),        plectrum  1.98 (4),         disgust  1.95 (5)
205250427.png,Facial Expression 29.38 (1),           Angry 25.12 (2),         disgust  7.08 (3),         emotion  5.52 (4),        feelings  1.09 (5)
849127077.png,   baby pacifier 12.07 (1),Facial Expression  6.07 (2),           Angry  4.88 (3),         emotion  4.80 (4),        baby bib  3.05 (5)
921905713.png,Facial Expression  6.40 (1),         emotion  3.22 (2),           Happy  2.47 (3),           Angry  2.39 (4),         ocarina  2.14 (5)
64388352.png,Facial Expression  7.95 (1),           Angry  4.82 (2),         disgust  3.58 (3),            newt  2.17 (4),         emotion  2.11 (5)
