Weightlifting247.jpg,     power clean 45.16 (1),  clean and jerk 30.08 (2),   power lifting 14.66 (3),        Deadlift  5.48 (4), olympic lifting  2.25 (5)
Weightlifting419.jpg,    punching bag 12.18 (1),  Dumbbell squat 11.80 (2),Dumbbell shoulder press 10.75 (3),        dumbbell 10.58 (4),             gym  7.62 (5)
Weightlifting375.jpg, olympic lifting 48.78 (1),  clean and jerk 24.53 (2),     power clean 12.73 (3),   power lifting  3.88 (4),Dumbbell romanian deadlift  3.59 (5)
Weightlifting500.jpeg,     power clean 51.75 (1), olympic lifting 19.06 (2),  clean and jerk 12.70 (3),   power lifting  7.94 (4),        Deadlift  5.81 (5)
Weightlifting203.JPG,  clean and jerk 45.22 (1),     power clean 24.20 (2),   power lifting  7.98 (3),        Deadlift  7.50 (4), olympic lifting  3.54 (5)
Weightlifting176.jpg, olympic lifting 31.56 (1),   power lifting 27.86 (2),     power clean 17.72 (3),        Deadlift  6.93 (4),    Floor crunch  6.82 (5)
Weightlifting131.jpg,         barbell 56.50 (1),  Dumbbell press  8.95 (2),Dumbbell romanian deadlift  5.51 (3),Hammer pulley curls 2h  4.79 (4),Dumbbell shoulder press  4.50 (5)
Weightlifting296.jpg,     power clean 52.62 (1),   power lifting 21.95 (2),        Deadlift 10.37 (3),  clean and jerk  9.45 (4),  Overhead press  1.38 (5)
Weightlifting307.JPG,  clean and jerk 42.56 (1),     power clean 39.97 (2),   power lifting  7.05 (3), olympic lifting  5.08 (4),        Deadlift  2.90 (5)
Weightlifting408.jpg,     power clean 29.94 (1),  clean and jerk 10.51 (2),Overhead tricep extension  9.72 (3),  Dumbbell squat  9.56 (4),Dumbbell shoulder press  8.58 (5)
Weightlifting422.jpg, olympic lifting 61.28 (1),  clean and jerk 19.28 (2),     power clean 10.48 (3),   power lifting  5.79 (4),        Deadlift  1.40 (5)
Weightlifting125.jpg,Dumbbell romanian deadlift 52.44 (1),   power lifting  7.92 (2),Julian tricep extension  4.58 (3),        Deadlift  4.51 (4),Overhead tricep extension  3.74 (5)
Weightlifting83.jpg,     power clean 53.38 (1),  clean and jerk 24.44 (2), olympic lifting  4.12 (3),   power lifting  3.93 (4),  Overhead press  3.16 (5)
Weightlifting470.jpg,Dumbbell shoulder press 24.47 (1),  Dumbbell squat 12.49 (2),  clean and jerk  8.45 (3),         barbell  7.70 (4),        dumbbell  6.09 (5)
Weightlifting407.jpg, olympic lifting 62.75 (1),  clean and jerk 23.81 (2),     power clean  8.76 (3),   power lifting  1.72 (4),        Deadlift  0.63 (5)
Weightlifting344.jpg,Dumbbell shoulder press 39.38 (1), Tricep pulldown 15.19 (2),    Lat pulldown 13.41 (3),Overhead tricep extension  7.88 (4),  Dumbbell squat  7.17 (5)
Weightlifting392.jpg, olympic lifting 72.56 (1),  clean and jerk 18.06 (2),     power clean  4.57 (3),   power lifting  1.63 (4),gymnastic horizontal bar  0.69 (5)
Weightlifting28.jpg,   Hand grippers 67.00 (1),      binoculars  9.96 (2),          muzzle  3.44 (3),        knee pad  3.04 (4),Hammer pulley curls 2h  2.40 (5)
Weightlifting306.jpg, olympic lifting 68.69 (1),  clean and jerk 14.19 (2),     power clean  8.47 (3),   power lifting  2.21 (4),        Deadlift  1.86 (5)
Weightlifting370.jpg,   power lifting 54.69 (1),     power clean 36.44 (2),        Deadlift  4.09 (3),  clean and jerk  1.81 (4), olympic lifting  1.29 (5)
Weightlifting50.jpg,         website 42.44 (1),      chain mail 10.23 (2),    picket fence  4.91 (3),        corn cob  1.99 (4),   digital clock  1.72 (5)
Weightlifting244.jpg,        dumbbell 36.44 (1),Dumbbell incline press 19.50 (2),  Dumbbell press 18.05 (3),         barbell  7.40 (4),Dumbbell shoulder press  5.95 (5)
Weightlifting246.JPG,  clean and jerk 54.97 (1),     power clean 25.97 (2),   power lifting  8.84 (3),        Deadlift  5.28 (4), olympic lifting  2.07 (5)
Weightlifting271.jpg, olympic lifting 89.25 (1),gymnastic horizontal bar  2.49 (2),Julian tricep extension  1.06 (3),  clean and jerk  0.89 (4),  Hamstring curl  0.80 (5)
Weightlifting520.jpg,        Deadlift 27.30 (1),   power lifting 17.34 (2),     power clean 15.30 (3),         barbell 13.52 (4),Dumbbell romanian deadlift  5.55 (5)
Weightlifting288.jpg,     power clean 37.31 (1),   power lifting 26.03 (2),  clean and jerk 11.73 (3), olympic lifting 11.55 (4),        Deadlift  8.32 (5)
Weightlifting34.jpg,        Deadlift 23.42 (1),     power clean 19.72 (2),    Floor crunch 11.97 (3),Dumbbell romanian deadlift 11.24 (4),   power lifting  4.47 (5)
Weightlifting503.jpg, olympic lifting 73.25 (1),  clean and jerk 13.13 (2),     power clean  6.50 (3),   power lifting  2.39 (4),  Overhead press  0.92 (5)
Weightlifting280.jpg, olympic lifting 32.84 (1),     power clean 29.88 (2),   power lifting 18.12 (3),  clean and jerk 13.27 (4),Dumbbell romanian deadlift  3.15 (5)
Weightlifting329.jpg,     power clean 32.94 (1),  clean and jerk 32.94 (2),   power lifting 10.20 (3),        Deadlift  4.46 (4),         barbell  4.06 (5)
Weightlifting295.jpg,        Deadlift 34.44 (1),   power lifting 23.67 (2),Dumbbell romanian deadlift  7.56 (3),         barbell  7.56 (4),     power clean  7.45 (5)
Weightlifting513.jpg, olympic lifting 78.62 (1),  clean and jerk 14.54 (2),Dumbbell romanian deadlift  1.79 (3),     power clean  1.71 (4),        Deadlift  0.94 (5)
Weightlifting459.jpg, olympic lifting 66.00 (1),  clean and jerk 27.52 (2),     power clean  3.72 (3),   power lifting  0.79 (4),Dumbbell romanian deadlift  0.67 (5)
Weightlifting98.jpg,  Dumbbell squat 16.50 (1),        Deadlift 14.11 (2),         barbell 12.66 (3),     power clean 11.52 (4),Dumbbell romanian deadlift  7.10 (5)
Weightlifting197.jpg,  clean and jerk 45.53 (1),     power clean 21.52 (2),   power lifting  9.11 (3),Dumbbell romanian deadlift  8.83 (4), olympic lifting  3.40 (5)
Weightlifting438.jpg,  clean and jerk 37.81 (1),     power clean 32.34 (2), olympic lifting 11.01 (3),Dumbbell romanian deadlift  7.11 (4),   power lifting  6.57 (5)
Weightlifting104.jpg,     power clean 52.84 (1),        Deadlift 25.75 (2),   power lifting  6.02 (3), olympic lifting  5.84 (4),  clean and jerk  3.95 (5)
Weightlifting145.jpg,         sneaker 88.62 (1),    slip-on shoe  3.03 (2),          sandal  2.40 (3),    Floor crunch  0.67 (4),        knee pad  0.49 (5)
Weightlifting5.jpg,  clean and jerk 31.20 (1), olympic lifting 27.53 (2),     power clean 23.92 (3),   power lifting  6.64 (4),  Overhead press  3.85 (5)
Weightlifting464.jpg,     power clean 43.66 (1),        Deadlift 18.78 (2),   power lifting 13.30 (3),  clean and jerk  5.91 (4),  Dumbbell squat  5.91 (5)
Weightlifting451.jpg,  Dumbbell squat 62.56 (1),Dumbbell shoulder press  4.60 (2),   power lifting  4.32 (3),  clean and jerk  4.19 (4),     power clean  3.81 (5)
Weightlifting536.jpg,        Deadlift 27.48 (1),  Dumbbell squat 12.80 (2),     power clean 11.11 (3),   power lifting 10.60 (4),Dumbbell romanian deadlift  7.29 (5)
Weightlifting490.jpg, olympic lifting 76.12 (1),  clean and jerk 18.66 (2),     power clean  2.73 (3),   power lifting  1.12 (4),Dumbbell romanian deadlift  0.81 (5)
Weightlifting58.jpg,   Hand grippers 68.12 (1),balaclava ski mask 13.62 (2),        knee pad  2.68 (3),          mitten  1.25 (4), Forearm curl in  1.23 (5)
Weightlifting91.jpg,         barbell 51.28 (1),Dumbbell incline press 13.59 (2),  Dumbbell press 11.09 (3),        dumbbell  5.32 (4),  Overhead press  4.14 (5)
Weightlifting18.jpg,         barbell 18.19 (1),Hammer pulley curls 2h 17.62 (2),  Dumbbell press 13.94 (3),Dumbbell incline press  9.29 (4),  Overhead press  5.91 (5)
Weightlifting165.jpg,  clean and jerk 38.31 (1),     power clean 36.56 (2),  Overhead press  6.06 (3),Overhead tricep extension  3.10 (4),   power lifting  3.00 (5)
Weightlifting221.jpg,        dumbbell 34.97 (1),Dumbbell incline press 12.87 (2),Dumbbell shoulder press 11.17 (3),  Dumbbell squat  7.92 (4),  Dumbbell press  7.68 (5)
Weightlifting507.jpg, olympic lifting 53.47 (1),  clean and jerk 19.38 (2),     power clean  8.87 (3),   power lifting  4.82 (4),Dumbbell romanian deadlift  3.07 (5)
Weightlifting4.JPG, olympic lifting 52.97 (1),     power clean 17.20 (2),  clean and jerk  9.50 (3),Dumbbell romanian deadlift  7.51 (4),   power lifting  6.84 (5)
Weightlifting94.jpg,   power lifting 33.66 (1),  clean and jerk 21.06 (2),     power clean 14.94 (3),        Deadlift  7.63 (4),  Dumbbell squat  3.28 (5)
Weightlifting526.jpg,  Dumbbell squat 33.00 (1),     power clean 15.60 (2),Overhead tricep extension  5.65 (3),        Deadlift  5.65 (4),Dumbbell shoulder press  5.31 (5)
Weightlifting6.jpg,     power clean 39.22 (1),   power lifting 17.39 (2),        Deadlift 13.77 (3),  clean and jerk 10.89 (4),         barbell  7.48 (5)
Weightlifting238.jpg,Hammer pulley curls 2h 51.84 (1),   Pulley crunch  8.08 (2),Seated pulley row  7.13 (3),           chain  6.60 (4),combination lock  3.82 (5)
Weightlifting524.jpg,  Dumbbell squat 53.66 (1),             gym  7.04 (2),        Deadlift  4.69 (3),           squat  4.07 (4),           Squat  4.07 (5)
Weightlifting161.jpg, olympic lifting 55.81 (1),  clean and jerk 24.02 (2),Dumbbell romanian deadlift 10.01 (3),     power clean  5.36 (4),gymnastic horizontal bar  1.63 (5)
Weightlifting105.jpg, olympic lifting 18.61 (1),   power lifting 17.22 (2),  clean and jerk 15.67 (3),     power clean  8.26 (4),         barbell  8.13 (5)
Weightlifting184.jpg,     power clean 43.44 (1),  clean and jerk 38.34 (2),   power lifting  7.43 (3),        Deadlift  4.65 (4), olympic lifting  3.10 (5)
Weightlifting328.jpg,  clean and jerk 64.38 (1),     power clean 13.91 (2),  Overhead press  7.00 (3),Overhead tricep extension  2.66 (4),        Deadlift  1.97 (5)
Weightlifting250.jpg, olympic lifting 45.03 (1),   power lifting 21.95 (2),  Dumbbell squat  9.45 (3),  clean and jerk  5.05 (4),     power clean  3.64 (5)
Weightlifting286.jpg, olympic lifting 67.50 (1),gymnastic horizontal bar 16.03 (2),  clean and jerk  7.11 (3),         barbell  1.11 (4),     power clean  1.06 (5)
Weightlifting19.jpg, olympic lifting 68.00 (1),  clean and jerk 22.06 (2),     power clean  3.66 (3),  Overhead press  1.96 (4),   power lifting  1.50 (5)
Weightlifting560.png, olympic lifting  8.34 (1),  clean and jerk  6.30 (2),gymnastic horizontal bar  3.76 (3),             fig  3.59 (4),         website  2.24 (5)
Weightlifting217.jpg,     power clean 39.12 (1),        Deadlift 16.83 (2),   power lifting 12.12 (3),  Overhead press  8.73 (4),      Benchpress  7.23 (5)
Weightlifting340.jpg,Dumbbell shoulder press 30.50 (1),Julian tricep extension 24.12 (2),Overhead tricep extension 12.71 (3), olympic lifting  4.90 (4),         barbell  4.75 (5)
Weightlifting374.jpg, olympic lifting 34.31 (1),  clean and jerk 16.47 (2),gymnastic horizontal bar 15.71 (3),     power clean  7.30 (4),   parallel bars  3.56 (5)
Weightlifting532.jpg,  Dumbbell squat 25.09 (1),Dumbbell shoulder press 17.25 (2),Dumbbell romanian deadlift 11.31 (3),  clean and jerk  7.54 (4),Overhead tricep extension  6.25 (5)
Weightlifting69.jpg, olympic lifting 98.62 (1),  clean and jerk  0.56 (2),gymnastic horizontal bar  0.32 (3),   power lifting  0.20 (4),     power clean  0.06 (5)
Weightlifting284.jpg,          abacus 23.92 (1),Dumbbell incline press 18.34 (2),typewriter keyboard 11.66 (3),  Dumbbell press 11.48 (4),        dumbbell  6.44 (5)
Weightlifting57.jpg,   Hand grippers 65.25 (1),        knee pad  6.66 (2),hand-held computer  3.51 (3), Forearm curl in  2.91 (4),product packet / packaging  2.65 (5)
Weightlifting265.jpg,Dumbbell shoulder press 43.09 (1),Overhead tricep extension 12.16 (2),    Lat pulldown  7.97 (3),  Dumbbell squat  5.74 (4),Julian tricep extension  5.57 (5)
Weightlifting62.jpg,  Dumbbell squat 23.72 (1),Dumbbell shoulder press 23.72 (2),      Bicep curl  8.33 (3), Tricep pulldown  7.82 (4),        dumbbell  5.91 (5)
Weightlifting63.jpeg,      neck brace 33.53 (1),        knee pad 17.11 (2),       seat belt 12.52 (3),        lens cap  9.75 (4),          buckle  7.36 (5)
Weightlifting395.jpg, olympic lifting 46.09 (1),  clean and jerk 22.81 (2),Dumbbell romanian deadlift 11.29 (3),   power lifting  6.85 (4),     power clean  6.05 (5)
Weightlifting262.jpg,        dumbbell 14.20 (1),Dumbbell incline press 13.33 (2),             gym 13.13 (3),Dumbbell shoulder press 10.55 (4), Tricep pulldown  9.30 (5)
Weightlifting15.jpg,  clean and jerk 34.28 (1),Dumbbell romanian deadlift 17.50 (2), olympic lifting 10.79 (3),   power lifting  6.54 (4),     power clean  5.87 (5)
Weightlifting93.jpg, olympic lifting 28.16 (1),  clean and jerk 21.92 (2),     power clean 15.55 (3),Dumbbell romanian deadlift 13.30 (4),   power lifting 10.69 (5)
Weightlifting200.jpg,         barbell 24.98 (1),  Dumbbell press 13.59 (2),        dumbbell 11.80 (3),  Dumbbell squat  8.91 (4),Dumbbell romanian deadlift  8.24 (5)
Weightlifting30.jpg,  clean and jerk 45.28 (1),     power clean 25.00 (2),   power lifting 17.45 (3),        Deadlift  5.75 (4), olympic lifting  2.55 (5)
Weightlifting309.jpg,   power lifting 12.70 (1),        dumbbell 12.30 (2), olympic lifting 11.20 (3),Overhead tricep extension 10.86 (4),Dumbbell incline press 10.04 (5)
Weightlifting423.jpg, olympic lifting 76.38 (1),     power clean  9.70 (2),  clean and jerk  8.30 (3),      scoreboard  1.21 (4),   power lifting  1.04 (5)
Weightlifting212.jpg,Dumbbell incline press 19.11 (1),  Dumbbell press 13.13 (2),        dumbbell 11.06 (3),         barbell 11.06 (4),Dumbbell shoulder press 10.39 (5)
Weightlifting214.jpg,      Benchpress 25.39 (1),  Overhead press 16.14 (2),Dumbbell shoulder press  9.79 (3),Dumbbell incline press  7.75 (4), Tricep pulldown  5.75 (5)
Weightlifting285.jpg,Dumbbell shoulder press 22.88 (1),   power lifting  9.54 (2),Overhead tricep extension  7.20 (3),Dumbbell incline press  6.87 (4),             gym  6.26 (5)
Weightlifting410.jpg,  clean and jerk 61.56 (1),     power clean 14.86 (2),   power lifting  9.45 (3), olympic lifting  3.81 (4),  Dumbbell squat  3.21 (5)
Weightlifting379.jpg,        Deadlift 31.34 (1),     power clean 14.58 (2),  Dumbbell squat 11.90 (3),Dumbbell romanian deadlift 11.01 (4),  clean and jerk  7.33 (5)
Weightlifting60.jpg,         sneaker 82.38 (1),    slip-on shoe 11.15 (2),          sandal  2.82 (3),           clogs  0.77 (4),        knee pad  0.45 (5)
Weightlifting137.jpeg,      disc brake 24.38 (1),     hockey puck  9.25 (2),        dumbbell  8.97 (3),      binoculars  7.21 (4),        lens cap  4.65 (5)
Weightlifting404.JPG,  clean and jerk 40.59 (1),     power clean 23.14 (2), olympic lifting 11.45 (3),   power lifting 10.59 (4),  Overhead press  4.35 (5)
Weightlifting144.jpg,     power clean 17.52 (1),        Deadlift 17.23 (2),   power lifting 12.23 (3),  Overhead press  9.23 (4),  clean and jerk  8.41 (5)
Weightlifting528.jpg, olympic lifting 34.91 (1),  clean and jerk 13.88 (2),Dumbbell romanian deadlift 10.64 (3),  Overhead press  9.25 (4),Dumbbell shoulder press  5.97 (5)
Weightlifting111.jpg,   baby pacifier  8.27 (1),     stethoscope  3.73 (2),   Pulley crunch  3.67 (3),  Hamstring curl  3.14 (4),    balance beam  2.86 (5)
Weightlifting389.jpg,  Dumbbell squat 55.91 (1),  Hamstring curl 14.82 (2),Dumbbell shoulder press  3.01 (3),Hanging leg raise  2.57 (4),     power clean  2.20 (5)
Weightlifting362.jpg,     power clean 53.75 (1),        Deadlift 20.09 (2),  clean and jerk  8.51 (3), olympic lifting  4.77 (4),   power lifting  4.21 (5)
Weightlifting313.jpg, olympic lifting 87.06 (1),  clean and jerk  5.65 (2),gymnastic horizontal bar  2.93 (3),     power clean  1.55 (4),         barbell  0.83 (5)
Weightlifting183.jpg,  clean and jerk 31.16 (1),Dumbbell romanian deadlift 20.77 (2),     power clean 19.50 (3),        Deadlift 13.83 (4), olympic lifting  8.93 (5)
Weightlifting450.jpg,Dumbbell shoulder press 38.66 (1),Overhead tricep extension  8.49 (2),        dumbbell  6.93 (3),      Bicep curl  6.82 (4),  Dumbbell squat  6.12 (5)
Weightlifting261.jpg,     power clean 33.59 (1),   power lifting 24.58 (2),  clean and jerk 11.07 (3),  Overhead press  9.62 (4),        Deadlift  6.61 (5)
Weightlifting317.jpg,Dumbbell shoulder press 33.62 (1), Tricep pulldown 19.45 (2),Dumbbell incline press  8.77 (3),  Dumbbell squat  6.52 (4),    Lat pulldown  5.57 (5)
Weightlifting485.jpg, olympic lifting 59.28 (1),  clean and jerk 13.87 (2),   power lifting 13.23 (3),     power clean  7.20 (4),      Benchpress  1.94 (5)
Weightlifting456.jpg, olympic lifting 73.38 (1),  clean and jerk 21.69 (2),     power clean  2.36 (3),   power lifting  0.85 (4),Dumbbell romanian deadlift  0.57 (5)
Weightlifting287.jpg,Dumbbell shoulder press 22.86 (1),      Bicep curl 15.00 (2),Overhead tricep extension 10.63 (3), Tricep pulldown  8.95 (4),Dumbbell incline press  6.16 (5)
Weightlifting351.jpg,  clean and jerk 40.84 (1), olympic lifting 40.84 (2),     power clean  8.30 (3),   power lifting  4.51 (4),        Deadlift  1.71 (5)
Weightlifting415.jpg,  clean and jerk 40.91 (1),     power clean 33.88 (2),   power lifting 10.66 (3),        Deadlift  8.30 (4), olympic lifting  1.64 (5)
Weightlifting343.jpg, olympic lifting 39.62 (1),  clean and jerk 25.19 (2),     power clean 20.23 (3),   power lifting  6.57 (4),Dumbbell romanian deadlift  3.15 (5)
Weightlifting185.jpg,  Overhead press 27.73 (1),      Benchpress  9.73 (2),gymnastic horizontal bar  9.14 (3),Overhead tricep extension  8.46 (4),   power lifting  6.59 (5)
Weightlifting569.png,     power clean 41.00 (1),  Dumbbell squat 18.47 (2),        Deadlift 10.53 (3),  clean and jerk  5.55 (4),   power lifting  4.06 (5)
Weightlifting293.jpg,  clean and jerk 39.12 (1), olympic lifting 24.50 (2),     power clean 14.41 (3),        Deadlift  6.39 (4),Dumbbell romanian deadlift  6.29 (5)
Weightlifting13.jpg,   ballpoint pen 20.73 (1),     screwdriver 16.16 (2),    fountain pen 15.17 (3),           screw 13.39 (4),         barbell  5.85 (5)
Weightlifting319.jpg,  clean and jerk 62.00 (1),     power clean 14.50 (2), olympic lifting  7.29 (3),   power lifting  6.54 (4),        Deadlift  2.06 (5)
Weightlifting290.jpg,         T-shirt 41.09 (1),           Shrug 11.95 (2),   Oblique twist  3.48 (3),      sweatshirt  3.27 (4),bulletproof vest  3.07 (5)
Weightlifting326.jpg,     power clean 20.94 (1),        Deadlift 20.28 (2),   power lifting 19.67 (3),  clean and jerk 17.62 (4),Dumbbell romanian deadlift  6.09 (5)
Weightlifting211.jpg,  Overhead press 23.42 (1),Overhead tricep extension 15.12 (2),Julian tricep extension  7.61 (3),  clean and jerk  7.49 (4),Dumbbell shoulder press  7.38 (5)
Weightlifting439.jpg,  Dumbbell squat 33.44 (1),Dumbbell shoulder press 11.55 (2),     power clean  8.58 (3),   power lifting  7.23 (4),        Deadlift  6.90 (5)
Weightlifting564.png, olympic lifting 90.56 (1),  clean and jerk  5.88 (2),     power clean  2.06 (3),   power lifting  0.85 (4),gymnastic horizontal bar  0.14 (5)
Weightlifting365.jpg, olympic lifting 57.53 (1),     power clean 18.67 (2),  clean and jerk  8.96 (3),gymnastic horizontal bar  3.79 (4),Dumbbell romanian deadlift  3.10 (5)
Weightlifting556.png,  clean and jerk 21.73 (1), olympic lifting 18.89 (2),         barbell 12.38 (3),  Overhead press  8.12 (4),   power lifting  6.23 (5)
Weightlifting353.jpg, olympic lifting 69.06 (1),  clean and jerk 19.17 (2),     power clean  7.28 (3),gymnastic horizontal bar  1.17 (4),   power lifting  0.90 (5)
Weightlifting318.jpg,   power lifting 27.38 (1),     power clean 22.69 (2),Dumbbell romanian deadlift 12.34 (3),        Deadlift 10.89 (4),         barbell  4.13 (5)
Weightlifting274.jpg,Dumbbell shoulder press 29.39 (1),    Lat pulldown 26.34 (2), Tricep pulldown 12.26 (3),Overhead tricep extension  8.69 (4),  Overhead press  7.91 (5)
Weightlifting124.jpg,Dumbbell incline press 22.69 (1),         barbell 20.66 (2),        dumbbell 15.59 (3),  Dumbbell press 12.34 (4),Dumbbell shoulder press  6.61 (5)
Weightlifting26.jpg,Overhead tricep extension 14.97 (1),Dumbbell shoulder press 14.52 (2),  Dumbbell squat  8.95 (3),        dumbbell  8.02 (4),      Bicep curl  7.77 (5)
Weightlifting316.jpg, olympic lifting 77.88 (1),  clean and jerk  6.20 (2),     power clean  4.98 (3),Dumbbell romanian deadlift  3.37 (4),   power lifting  1.86 (5)
Weightlifting237.jpg,     power clean 37.28 (1),  clean and jerk 23.33 (2), olympic lifting 20.91 (3),   power lifting 10.35 (4),        Deadlift  3.47 (5)
Weightlifting2.jpg,  clean and jerk 55.19 (1),     power clean 26.88 (2),   power lifting  6.90 (3),Dumbbell romanian deadlift  5.21 (4), olympic lifting  2.97 (5)
Weightlifting142.jpg,Dumbbell incline press 24.80 (1),  Overhead press 22.23 (2),  Dumbbell press 22.23 (3),      Benchpress 11.90 (4),Dumbbell shoulder press  5.04 (5)
Weightlifting539.jpg, olympic lifting 46.09 (1),  clean and jerk 14.97 (2),     power clean 13.62 (3),Dumbbell romanian deadlift 11.30 (4),   power lifting  4.57 (5)
Weightlifting504.jpg, olympic lifting 90.75 (1),  clean and jerk  4.38 (2),     power clean  1.38 (3),Dumbbell romanian deadlift  1.14 (4),   power lifting  0.98 (5)
Weightlifting232.jpg,  clean and jerk 43.09 (1),     power clean 31.52 (2), olympic lifting 12.34 (3),   power lifting  5.74 (4),  Overhead press  1.95 (5)
Weightlifting382.jpg, olympic lifting 88.81 (1),  clean and jerk  4.86 (2),     power clean  2.81 (3),   power lifting  0.99 (4),        Deadlift  0.99 (5)
Weightlifting222.jpg,  Dumbbell squat 17.22 (1),   power lifting 11.65 (2),         barbell 10.61 (3),  Overhead press  9.36 (4),     power clean  9.22 (5)
Weightlifting463.jpg, olympic lifting 66.12 (1),  clean and jerk 11.14 (2),     power clean  9.53 (3),Dumbbell romanian deadlift  4.10 (4),   power lifting  3.97 (5)
Weightlifting501.jpg, olympic lifting 84.12 (1),  clean and jerk 10.53 (2),     power clean  2.75 (3),   power lifting  0.85 (4),gymnastic horizontal bar  0.53 (5)
Weightlifting198.jpg,  clean and jerk 34.72 (1),     power clean 26.20 (2),        Deadlift 14.48 (3),Dumbbell romanian deadlift  8.38 (4),   power lifting  7.63 (5)
Weightlifting525.jpg,  Dumbbell squat 25.56 (1),   power lifting 17.56 (2), olympic lifting 16.77 (3),      Benchpress  9.70 (4),     power clean  8.30 (5)
Weightlifting356.jpg, olympic lifting 77.94 (1),  clean and jerk 10.71 (2),gymnastic horizontal bar  3.59 (3),     power clean  1.75 (4),   power lifting  0.94 (5)
Weightlifting297.jpg,     power clean 47.78 (1),  clean and jerk 24.03 (2),        Deadlift 12.66 (3),   power lifting  6.37 (4),         barbell  2.42 (5)
Weightlifting402.jpg,  Dumbbell squat 41.66 (1),     power clean 18.19 (2),        Deadlift 13.10 (3),  clean and jerk 10.53 (4),   power lifting  4.67 (5)
Weightlifting75.jpg,  Dumbbell squat 57.19 (1),     power clean 10.25 (2),Dumbbell shoulder press  6.62 (3), olympic lifting  2.63 (4),      Benchpress  2.32 (5)
Weightlifting352.jpg,  Dumbbell squat 33.88 (1),     power clean 12.09 (2),Dumbbell shoulder press 11.17 (3),Overhead tricep extension  8.05 (4),      Bicep curl  4.73 (5)
Weightlifting417.jpg, olympic lifting 92.00 (1),  clean and jerk  5.19 (2),     power clean  0.96 (3),gymnastic horizontal bar  0.53 (4),   power lifting  0.43 (5)
Weightlifting171.jpg,  clean and jerk 56.84 (1),     power clean 29.50 (2),Dumbbell romanian deadlift  4.74 (3), olympic lifting  3.06 (4),   power lifting  2.79 (5)
Weightlifting455.jpg, olympic lifting 85.38 (1),  clean and jerk  8.72 (2),Dumbbell romanian deadlift  1.98 (3),   power lifting  1.61 (4),     power clean  0.99 (5)
Weightlifting258.jpg, olympic lifting 24.78 (1),  clean and jerk 20.86 (2),   power lifting 15.50 (3),     power clean 10.33 (4),         barbell  8.30 (5)
Weightlifting264.jpg,  clean and jerk 50.34 (1),     power clean 40.47 (2),        Deadlift  2.88 (3),   power lifting  2.67 (4),         barbell  0.78 (5)
Weightlifting194.jpg,  Overhead press 26.59 (1),Dumbbell incline press 21.69 (2),  Dumbbell press 17.16 (3),      Benchpress 14.67 (4),Dumbbell shoulder press  8.77 (5)
Weightlifting308.jpg,  Dumbbell squat 25.27 (1), Tricep pulldown 11.94 (2),Dumbbell shoulder press  8.20 (3),   power lifting  7.02 (4),Dumbbell romanian deadlift  6.29 (5)
Weightlifting449.jpg, olympic lifting 90.31 (1),  clean and jerk  6.75 (2),     power clean  1.65 (3),   power lifting  0.78 (4),        Deadlift  0.14 (5)
Weightlifting84.jpg,  Dumbbell squat 40.91 (1),  clean and jerk 20.56 (2),Dumbbell shoulder press  9.71 (3),     power clean  5.36 (4),  Overhead press  3.41 (5)
Weightlifting372.jpg,     power clean 44.34 (1), olympic lifting 12.31 (2),   power lifting 10.20 (3),  clean and jerk  6.49 (4),    punching bag  5.13 (5)
Weightlifting25.jpg,  clean and jerk 50.44 (1),     power clean 17.44 (2),   power lifting  8.50 (3),        Deadlift  7.73 (4),Dumbbell romanian deadlift  7.26 (5)
Weightlifting437.jpg,  clean and jerk 16.61 (1),  Overhead press 14.89 (2),     power clean 12.15 (3),         barbell 11.96 (4),   power lifting 10.73 (5)
Weightlifting448.jpg,     power clean 46.06 (1),  clean and jerk 25.44 (2), olympic lifting  9.96 (3),   power lifting  9.80 (4),        Deadlift  3.96 (5)
Weightlifting505.jpg,     power clean 24.47 (1),  clean and jerk 20.94 (2),   power lifting 12.30 (3),  Overhead press  6.69 (4),Dumbbell romanian deadlift  6.00 (5)
Weightlifting46.jpg,  clean and jerk 49.62 (1),     power clean 36.28 (2),   power lifting  6.82 (3), olympic lifting  4.91 (4),        Deadlift  1.32 (5)
Weightlifting59.jpeg,         sneaker 52.59 (1),    slip-on shoe 41.62 (2),           clogs  2.35 (3),      shoe store  0.84 (4),          sandal  0.75 (5)
Weightlifting354.jpg, olympic lifting 66.38 (1),  clean and jerk 24.81 (2),   power lifting  2.31 (3),     power clean  1.97 (4),         barbell  1.77 (5)
Weightlifting495.jpg,         barbell 25.52 (1),Dumbbell shoulder press 21.16 (2),  clean and jerk  9.10 (3),Dumbbell romanian deadlift  4.87 (4),  Overhead press  4.72 (5)
Weightlifting70.jpg, olympic lifting 91.56 (1),   power lifting  3.78 (2),  Overhead press  1.79 (3),        Deadlift  0.93 (4),  clean and jerk  0.64 (5)
Weightlifting77.jpg,Dumbbell romanian deadlift 22.17 (1),  Dumbbell squat 18.97 (2),  clean and jerk 14.10 (3),   power lifting 10.00 (4),        Deadlift  9.84 (5)
Weightlifting90.jpg,   power lifting 15.23 (1),           vespa 10.31 (2),      disc brake  5.43 (3),Dumbbell romanian deadlift  4.65 (4),        Deadlift  4.65 (5)
Weightlifting555.png,Overhead tricep extension 15.21 (1),Dumbbell shoulder press 13.63 (2),     power clean 13.21 (3),        Deadlift  9.52 (4),Julian tricep extension  8.27 (5)
Weightlifting80.jpg, Tricep pulldown 18.88 (1),    Lat pulldown 11.45 (2),Dumbbell shoulder press  9.34 (3),         barbell  9.34 (4),        Deadlift  5.32 (5)
Weightlifting268.jpg,Dumbbell incline press 27.39 (1), olympic lifting 13.56 (2),  Dumbbell press 10.39 (3),  Overhead press  9.47 (4),  Dumbbell squat  7.85 (5)
Weightlifting330.jpg,     power clean 46.94 (1),        Deadlift 20.17 (2),Dumbbell romanian deadlift 16.22 (3),  clean and jerk  6.35 (4),   power lifting  3.85 (5)
Weightlifting411.jpg,  clean and jerk 48.72 (1), olympic lifting 17.38 (2),     power clean 13.95 (3),Dumbbell romanian deadlift  7.71 (4),        Deadlift  6.49 (5)
Weightlifting155.jpeg,  clean and jerk 41.12 (1),     power clean 37.44 (2), olympic lifting 15.60 (3),   power lifting  3.12 (4),        Deadlift  1.70 (5)
Weightlifting241.jpg, olympic lifting 70.50 (1),     power clean 10.64 (2),  clean and jerk  9.11 (3),   power lifting  4.23 (4),        Deadlift  3.80 (5)
Weightlifting359.jpg,     power clean 35.53 (1),  clean and jerk 28.55 (2),        Deadlift 11.53 (3),   power lifting 10.66 (4), olympic lifting  8.98 (5)
Weightlifting88.jpg, olympic lifting 73.94 (1),  clean and jerk 10.32 (2),     power clean  4.23 (3),   power lifting  3.25 (4),Dumbbell romanian deadlift  3.25 (5)
Weightlifting173.jpg,  clean and jerk 20.30 (1),   power lifting 20.30 (2),     power clean 17.09 (3),        Deadlift  9.01 (4),         barbell  6.91 (5)
Weightlifting102.jpg,          Snatch 10.34 (1),     power clean  7.11 (2),      neck brace  5.62 (3), Forearm curl in  5.45 (4),Forearm curl back  5.36 (5)
Weightlifting321.jpg,         barbell 41.09 (1),Dumbbell romanian deadlift 11.41 (2),        dumbbell  9.46 (3), olympic lifting  5.65 (4),        Deadlift  4.98 (5)
Weightlifting339.JPG,  clean and jerk 37.19 (1),     power clean 34.94 (2),   power lifting  9.55 (3), olympic lifting  9.26 (4),        Deadlift  7.55 (5)
Weightlifting195.jpg,     power clean 53.62 (1),  clean and jerk 23.42 (2),        Deadlift 10.39 (3),   power lifting  6.40 (4), olympic lifting  2.11 (5)
Weightlifting119.jpg,   power lifting 22.44 (1),  Overhead press 13.41 (2),     power clean 12.78 (3),      Benchpress 10.77 (4),  clean and jerk  9.06 (5)
Weightlifting492.jpg,  Dumbbell squat 31.77 (1),  Hamstring curl 21.16 (2),    Floor crunch 10.64 (3),Hanging leg raise  3.91 (4),     power clean  3.30 (5)
Weightlifting388.jpg, olympic lifting 59.88 (1),gymnastic horizontal bar 28.27 (2),  clean and jerk  4.14 (3),   parallel bars  2.55 (4),     power clean  1.20 (5)
Weightlifting235.jpg,        dumbbell 22.23 (1),Dumbbell incline press 21.20 (2),  Dumbbell press 16.27 (3),         barbell 13.27 (4),Hammer pulley curls 2h  8.98 (5)
Weightlifting162.jpg,Dumbbell shoulder press 50.44 (1),        dumbbell  7.61 (2),Dumbbell incline press  6.41 (3), Tricep pulldown  5.57 (4),  Dumbbell press  4.62 (5)
Weightlifting487.jpg,  Dumbbell squat 36.31 (1),        Deadlift 16.88 (2),  clean and jerk 10.40 (3),     power clean  9.92 (4),Dumbbell shoulder press  4.33 (5)
Weightlifting39.jpg,     power clean 47.19 (1),  clean and jerk 20.95 (2),   power lifting 14.86 (3),        Deadlift 12.52 (4), olympic lifting  2.42 (5)
Weightlifting400.jpg,      Bicep curl 22.59 (1),Dumbbell shoulder press 17.88 (2),        dumbbell 13.71 (3),  Dumbbell squat  6.08 (4),Dumbbell romanian deadlift  6.08 (5)
Weightlifting396.jpg,     power clean 33.59 (1),        Deadlift 24.58 (2),  clean and jerk 15.15 (3),   power lifting  8.77 (4),  Overhead press  3.65 (5)
Weightlifting399.jpg,Dumbbell shoulder press 24.64 (1),  Overhead press 24.64 (2),    Lat pulldown 16.67 (3),  Dumbbell squat  8.13 (4),  Dumbbell press  7.17 (5)
Weightlifting139.jpg,        tool kit 23.97 (1),  Dumbbell press 15.00 (2),         barbell  9.69 (3),Dumbbell incline press  6.87 (4),  Overhead press  5.97 (5)
Weightlifting33.jpg,Dumbbell romanian deadlift 58.59 (1),   power lifting 17.33 (2),        Deadlift 13.28 (3), olympic lifting  2.62 (4),         barbell  2.07 (5)
Weightlifting432.jpg,     power clean 54.09 (1), olympic lifting 19.00 (2),  clean and jerk 15.75 (3),   power lifting  4.88 (4),        Deadlift  4.88 (5)
Weightlifting16.jpg,       harmonica 21.80 (1),  Hamstring curl  9.82 (2),         website  7.07 (3),         hamster  3.09 (4),Hammer pulley curls 2h  2.37 (5)
Weightlifting17.jpeg,          crutch 24.86 (1),      safety pin 23.72 (2),         barbell 11.56 (3),     screwdriver  3.11 (4),        scabbard  2.83 (5)
Weightlifting245.jpeg, olympic lifting 67.06 (1),   power lifting  6.14 (2),  clean and jerk  4.71 (3),  Overhead press  3.84 (4),Dumbbell romanian deadlift  3.84 (5)
Weightlifting416.jpg,  Dumbbell squat 44.41 (1),Dumbbell shoulder press 13.13 (2),     power clean  8.89 (3),  clean and jerk  6.71 (4),        Deadlift  6.50 (5)
Weightlifting468.jpg,        Deadlift 45.56 (1),Dumbbell romanian deadlift 19.28 (2),     power clean 10.32 (3),   power lifting  4.44 (4),         barbell  4.04 (5)
Weightlifting249.jpg, olympic lifting 51.22 (1),Dumbbell romanian deadlift 24.19 (2),  clean and jerk 11.42 (3),     power clean  6.72 (4),   power lifting  2.71 (5)
Weightlifting204.jpg,  clean and jerk 40.91 (1),     power clean 35.56 (2),   power lifting 11.01 (3), olympic lifting  6.08 (4),        Deadlift  3.86 (5)
Weightlifting279.jpg,Dumbbell shoulder press 34.81 (1),  Dumbbell squat 21.45 (2),        dumbbell 15.21 (3),  Dumbbell press  5.18 (4),Dumbbell incline press  4.03 (5)
Weightlifting110.jpg,   power lifting 69.06 (1), olympic lifting  4.41 (2),         barbell  4.28 (3),        Deadlift  4.15 (4),  Overhead press  3.38 (5)
Weightlifting315.jpg,         barbell 33.25 (1),        Deadlift 11.67 (2),Dumbbell romanian deadlift  9.98 (3),   power lifting  6.65 (4),        dumbbell  4.29 (5)
Weightlifting475.jpg,   power lifting 22.45 (1),  clean and jerk 18.33 (2),     power clean 16.16 (3),  Dumbbell squat 10.44 (4),        Deadlift  5.95 (5)
Weightlifting87.jpg,     power clean 42.03 (1),  clean and jerk 33.78 (2),   power lifting 10.14 (3),        Deadlift  5.52 (4), olympic lifting  3.73 (5)
Weightlifting132.jpg, olympic lifting 37.09 (1),  clean and jerk 27.12 (2),     power clean 26.30 (3),   power lifting  4.16 (4),        Deadlift  2.90 (5)
Weightlifting140.jpg,     power clean 42.12 (1),  clean and jerk 36.03 (2),   power lifting  9.25 (3),        Deadlift  6.07 (4), olympic lifting  1.46 (5)
Weightlifting506.jpg,  Dumbbell squat 51.41 (1),Dumbbell shoulder press 12.59 (2),  clean and jerk  9.08 (3),         barbell  4.29 (4),Overhead tricep extension  3.23 (5)
Weightlifting199.jpg,  clean and jerk 56.19 (1), olympic lifting 24.19 (2),     power clean  5.07 (3),Dumbbell romanian deadlift  4.07 (4),   power lifting  1.96 (5)
Weightlifting535.jpg,Dumbbell shoulder press 15.91 (1),  Dumbbell squat 15.41 (2),     power clean 10.76 (3),         barbell  9.35 (4),  clean and jerk  9.05 (5)
Weightlifting476.jpg,     power clean 28.52 (1),  clean and jerk 20.55 (2),   power lifting 14.12 (3),  Dumbbell squat  8.98 (4),        Deadlift  8.98 (5)
Weightlifting541.jpg,Dumbbell incline press 25.34 (1),Dumbbell shoulder press 16.11 (2),             gym  9.33 (3),  Dumbbell squat  7.15 (4),  Dumbbell press  6.51 (5)
Weightlifting202.JPG,  clean and jerk 50.53 (1), olympic lifting 34.75 (2),     power clean  6.53 (3),gymnastic horizontal bar  4.21 (4),Dumbbell romanian deadlift  2.05 (5)
Weightlifting223.jpg,     power clean 38.91 (1),        Deadlift 17.53 (2),  clean and jerk 13.87 (3),  Dumbbell squat  6.45 (4),   power lifting  5.88 (5)
Weightlifting41.jpg,  clean and jerk 36.78 (1), olympic lifting 26.48 (2),     power clean 13.74 (3),Dumbbell romanian deadlift 12.52 (4),   power lifting  6.29 (5)
Weightlifting114.JPG,     power clean 66.69 (1),  clean and jerk 16.88 (2),   power lifting  9.46 (3),        Deadlift  4.40 (4), olympic lifting  1.20 (5)
Weightlifting301.jpg,  clean and jerk 49.22 (1),     power clean 27.17 (2),   power lifting  9.70 (3), olympic lifting  5.52 (4),        Deadlift  4.30 (5)
Weightlifting397.jpg, olympic lifting 64.19 (1),     power clean 13.24 (2),  clean and jerk 11.88 (3),   power lifting  6.06 (4),Dumbbell romanian deadlift  2.23 (5)
Weightlifting413.jpg, olympic lifting 89.06 (1),  clean and jerk  3.85 (2),     power clean  3.62 (3),   power lifting  1.53 (4),gymnastic horizontal bar  0.73 (5)
Weightlifting355.jpg, olympic lifting 69.75 (1),   power lifting 10.87 (2),        Deadlift  5.91 (3),  clean and jerk  4.06 (4),Dumbbell romanian deadlift  2.97 (5)
Weightlifting54.jpg,   power lifting 26.39 (1),     power clean 26.00 (2),  clean and jerk 15.76 (3),        Deadlift  7.93 (4),             gym  5.89 (5)
Weightlifting138.jpg,  clean and jerk 51.19 (1),     power clean 32.03 (2), olympic lifting  7.85 (3),   power lifting  2.55 (4),        Deadlift  2.43 (5)
Weightlifting338.jpg,     power clean 34.84 (1),  clean and jerk 26.70 (2),   power lifting 10.62 (3),        Deadlift  8.41 (4),  Overhead press  5.10 (5)
Weightlifting187.jpg,Dumbbell incline press 28.81 (1),   power lifting 11.11 (2),             gym  8.38 (3),Dumbbell shoulder press  8.00 (4),         barbell  6.13 (5)
Weightlifting147.jpg,        Deadlift 43.72 (1),     power clean 26.52 (2),  clean and jerk 11.06 (3),Dumbbell romanian deadlift  6.81 (4),         barbell  3.27 (5)
Weightlifting40.jpg,        backpack 87.75 (1),   messenger bag  9.70 (2),          tripod  0.43 (3), Polaroid camera  0.27 (4),   reflex camera  0.24 (5)
Weightlifting454.jpg,  Dumbbell squat 43.44 (1),  clean and jerk 18.67 (2),     power clean 12.65 (3),        Deadlift  8.55 (4), olympic lifting  3.10 (5)
Weightlifting563.png,Dumbbell shoulder press 27.88 (1),Overhead tricep extension 17.17 (2), Tricep pulldown 10.75 (3),  Overhead press  9.63 (4),Dumbbell incline press  9.20 (5)
Weightlifting190.jpg,Dumbbell shoulder press 33.56 (1), Tricep pulldown  7.49 (2),Overhead tricep extension  7.04 (3),        dumbbell  6.61 (4),Dumbbell incline press  6.02 (5)
Weightlifting369.jpg, olympic lifting 85.69 (1),  clean and jerk  6.61 (2),     power clean  2.43 (3),   power lifting  1.17 (4),Dumbbell romanian deadlift  0.87 (5)
Weightlifting445.jpg,  Dumbbell squat 48.25 (1),        Deadlift 11.82 (2),  clean and jerk  9.80 (3),         barbell  6.74 (4),     power clean  6.53 (5)
Weightlifting272.jpg,     power clean 46.03 (1),  clean and jerk 22.78 (2),        Deadlift 11.10 (3),   power lifting  8.65 (4), olympic lifting  6.43 (5)
Weightlifting444.jpg,  clean and jerk 52.34 (1),     power clean 27.59 (2), olympic lifting 11.32 (3),   power lifting  3.24 (4),        Deadlift  2.45 (5)
Weightlifting334.jpg,        Deadlift 15.84 (1),  Dumbbell squat 13.55 (2),Dumbbell shoulder press 13.34 (3),     power clean  7.97 (4),         barbell  7.72 (5)
Weightlifting458.jpg,  clean and jerk 33.22 (1),     power clean 17.23 (2),   power lifting 13.02 (3),         barbell 10.13 (4), olympic lifting  8.95 (5)
Weightlifting267.jpg, olympic lifting 53.56 (1),  clean and jerk 26.52 (2),     power clean 11.41 (3),Julian tricep extension  2.25 (4),Dumbbell shoulder press  1.36 (5)
Weightlifting38.jpeg,   Hand grippers 38.53 (1),           Shrug 11.39 (2), Forearm curl in  8.73 (3),       seat belt  5.91 (4),Forearm curl back  5.64 (5)
Weightlifting278.jpg,  clean and jerk 34.44 (1),   power lifting 21.55 (2), olympic lifting 16.53 (3),     power clean 16.27 (4),  Overhead press  3.30 (5)
Weightlifting153.jpg,             gym 70.50 (1),      barbershop  6.06 (2),    Floor crunch  2.86 (3),           stage  2.69 (4),   power lifting  1.71 (5)
Weightlifting224.jpg,  clean and jerk 30.81 (1),   power lifting 22.53 (2),     power clean 15.73 (3),        Deadlift  9.25 (4),         barbell  3.68 (5)
Weightlifting348.jpg,     hockey puck 43.59 (1),        dumbbell 15.54 (2),Dumbbell romanian deadlift  7.81 (3),  weighing scale  7.46 (4),            gong  3.63 (5)
Weightlifting79.jpg,        Deadlift 18.09 (1),  Hamstring curl 11.68 (2),         barbell  8.81 (3),   power lifting  7.66 (4),  Dumbbell squat  5.18 (5)
Weightlifting333.jpg,         barbell 33.28 (1),Dumbbell shoulder press 10.30 (2),    Lat pulldown  8.02 (3), Tricep pulldown  7.30 (4),Overhead tricep extension  7.08 (5)
Weightlifting436.jpg, olympic lifting 67.56 (1),  clean and jerk 13.94 (2),     power clean  8.46 (3),   power lifting  3.11 (4),Dumbbell romanian deadlift  2.54 (5)
Weightlifting530.jpg,     power clean 26.75 (1),Dumbbell romanian deadlift 25.12 (2),        Deadlift 22.19 (3),  clean and jerk 11.88 (4), olympic lifting  5.27 (5)
Weightlifting567.png,Dumbbell shoulder press 34.81 (1),  Dumbbell squat 10.29 (2),  clean and jerk  8.02 (3), Tricep pulldown  4.94 (4),        Deadlift  4.94 (5)
Weightlifting107.jpg,  clean and jerk 18.47 (1),  Overhead press 11.73 (2),Dumbbell shoulder press  9.88 (3),  Dumbbell squat  9.43 (4),   power lifting  8.33 (5)
Weightlifting517.jpg, olympic lifting 44.81 (1),  clean and jerk 25.53 (2),Dumbbell romanian deadlift 11.88 (3),     power clean  7.43 (4),   power lifting  5.88 (5)
Weightlifting540.jpg,  clean and jerk 37.81 (1),     power clean 31.86 (2), olympic lifting 13.70 (3),   power lifting 10.34 (4),        Deadlift  2.78 (5)
Weightlifting67.jpg,     power clean 42.12 (1),  clean and jerk 22.55 (2),   power lifting 11.70 (3),  Dumbbell squat  8.30 (4),        Deadlift  7.09 (5)
Weightlifting430.jpg,     power clean 31.38 (1),        Deadlift 21.23 (2), olympic lifting 20.27 (3),Dumbbell romanian deadlift  8.31 (4),  clean and jerk  5.89 (5)
Weightlifting229.jpg,gymnastic horizontal bar  1.87 (1),         website  1.08 (2),   Oblique twist  1.07 (3),  spiral or coil  1.05 (4),       barometer  0.93 (5)
Weightlifting167.jpg,        dumbbell 23.81 (1),Dumbbell shoulder press 17.70 (2),Dumbbell incline press 11.42 (3),  Dumbbell press 10.24 (4),  Dumbbell squat  6.51 (5)
Weightlifting519.jpg,  clean and jerk 42.53 (1),     power clean 39.97 (2),        Deadlift  7.39 (3),   power lifting  4.55 (4), olympic lifting  3.03 (5)
Weightlifting493.jpg,Dumbbell shoulder press 64.25 (1),Dumbbell incline press  5.03 (2),  Dumbbell squat  4.38 (3),Overhead tricep extension  4.30 (4), Tricep pulldown  3.57 (5)
Weightlifting85.jpg,  clean and jerk 34.81 (1), olympic lifting 30.72 (2),   power lifting 18.34 (3),     power clean  9.67 (4),  Overhead press  1.65 (5)
Weightlifting209.jpeg,         barbell 36.78 (1),        dumbbell 15.58 (2),   power lifting 12.12 (3),  Dumbbell press  9.30 (4),Dumbbell romanian deadlift  5.38 (5)
Weightlifting8.jpg,  clean and jerk 43.38 (1), olympic lifting 20.81 (2),     power clean 15.95 (3),   power lifting  9.84 (4),         barbell  5.52 (5)
Weightlifting425.jpg,  Dumbbell squat 27.08 (1),        Deadlift 21.42 (2),         barbell 10.60 (3),   power lifting  8.52 (4),     power clean  7.88 (5)
Weightlifting302.jpg,     power clean 44.03 (1),        Deadlift 18.94 (2),   power lifting 10.96 (3),  clean and jerk  6.34 (4),  Dumbbell squat  4.79 (5)
Weightlifting1.jpg,     power clean 45.41 (1),  clean and jerk 34.81 (2),   power lifting 10.45 (3), olympic lifting  5.59 (4),        Deadlift  2.56 (5)
Weightlifting550.png,   power lifting 18.22 (1),    Lat pulldown 17.39 (2),Dumbbell shoulder press 11.95 (3),  Overhead press 11.06 (4),         barbell  8.22 (5)
Weightlifting151.jpg, olympic lifting 50.19 (1),   power lifting 22.62 (2),             gym 14.16 (3),        Deadlift  3.47 (4),  Dumbbell squat  1.56 (5)
Weightlifting158.jpg, olympic lifting 73.06 (1),     power clean 15.08 (2),  clean and jerk  7.95 (3),   power lifting  1.64 (4),        Deadlift  0.69 (5)
Weightlifting431.jpg, olympic lifting 39.34 (1),     power clean 27.05 (2),  clean and jerk 20.41 (3),Dumbbell romanian deadlift  5.32 (4),   power lifting  4.21 (5)
Weightlifting562.png, olympic lifting 58.19 (1),  clean and jerk 21.75 (2),gymnastic horizontal bar  8.52 (3),     power clean  5.95 (4),   power lifting  3.78 (5)
Weightlifting509.jpg, olympic lifting 92.88 (1),  clean and jerk  5.08 (2),     power clean  0.72 (3),   power lifting  0.58 (4),         barbell  0.19 (5)
Weightlifting127.jpg,     power clean 38.34 (1),        Deadlift 30.81 (2),  clean and jerk  8.83 (3),   power lifting  5.35 (4),Dumbbell romanian deadlift  4.44 (5)
Weightlifting42.jpg, olympic lifting 75.75 (1),   power lifting 11.98 (2),gymnastic horizontal bar  2.85 (3),  clean and jerk  1.24 (4),        Deadlift  0.91 (5)
Weightlifting471.jpg,  Hamstring curl 20.14 (1),Hanging leg raise 13.84 (2),  Dumbbell squat 10.28 (3),    Floor crunch  8.94 (4),      Calf raise  7.41 (5)
Weightlifting566.png,gymnastic horizontal bar 62.16 (1), olympic lifting 18.66 (2),  clean and jerk  7.08 (3),   parallel bars  2.33 (4),Dumbbell romanian deadlift  2.12 (5)
Weightlifting71.jpg,     power clean 44.72 (1),  clean and jerk 27.12 (2),   power lifting 15.21 (3),        Deadlift  4.86 (4), olympic lifting  3.09 (5)
Weightlifting255.jpg,         barbell 43.22 (1),Hammer pulley curls 2h  9.05 (2),  Dumbbell press  7.39 (3),Dumbbell incline press  7.16 (4),        dumbbell  5.58 (5)
Weightlifting117.jpg, olympic lifting 22.91 (1),          Snatch 18.41 (2),  clean and jerk 11.52 (3),           Boxer 10.48 (4),      basketball  6.88 (5)
Weightlifting216.jpg,         barbell 50.53 (1),Dumbbell shoulder press  9.34 (2),        dumbbell  8.77 (3),Dumbbell incline press  7.63 (4),  Dumbbell press  7.63 (5)
Weightlifting522.jpg, olympic lifting 95.19 (1),  clean and jerk  2.27 (2),     power clean  1.06 (3),gymnastic horizontal bar  0.43 (4),   power lifting  0.23 (5)
Weightlifting168.jpg,     power clean 40.88 (1),  clean and jerk 35.50 (2),   power lifting  7.21 (3),        Deadlift  6.17 (4),  Overhead press  2.27 (5)
Weightlifting337.jpg, olympic lifting 86.25 (1),  clean and jerk  8.95 (2),     power clean  2.09 (3),   power lifting  1.42 (4),Dumbbell romanian deadlift  0.47 (5)
Weightlifting207.jpg,  clean and jerk 60.44 (1),     power clean 21.91 (2),   power lifting  4.25 (3), olympic lifting  3.87 (4),        Deadlift  3.26 (5)
Weightlifting385.jpg,     power clean 26.38 (1),        Deadlift 21.17 (2),   power lifting 15.73 (3),Dumbbell romanian deadlift 14.11 (4),  clean and jerk  6.46 (5)
Weightlifting275.jpg,     power clean 54.75 (1),  clean and jerk 28.39 (2),   power lifting  8.39 (3), olympic lifting  2.90 (4),        Deadlift  2.90 (5)
Weightlifting186.jpg,Dumbbell shoulder press 39.41 (1),Overhead tricep extension 11.65 (2),  Dumbbell squat 11.29 (3), Tricep pulldown  7.76 (4),Forearm curl back  5.01 (5)
Weightlifting27.jpeg,       seat belt 54.97 (1),      neck brace  6.88 (2),balaclava ski mask  4.24 (3),Forearm curl back  3.30 (4),     Windsor tie  2.82 (5)
Weightlifting533.jpg,     power clean 23.47 (1),        Deadlift 14.91 (2),  clean and jerk 14.23 (3),   power lifting 11.80 (4),  Dumbbell squat  9.48 (5)
Weightlifting383.jpg,  clean and jerk 52.59 (1), olympic lifting 18.17 (2),     power clean  9.00 (3),Dumbbell romanian deadlift  6.28 (4),  Dumbbell squat  4.97 (5)
Weightlifting106.jpg,   power lifting 36.41 (1),     power clean 27.05 (2),  clean and jerk  8.52 (3),        Deadlift  8.52 (4), olympic lifting  4.48 (5)
Weightlifting206.jpeg,  Overhead press 43.38 (1),Dumbbell incline press 14.09 (2),      Benchpress 13.44 (3),    Lat pulldown 12.62 (4),  Dumbbell press  9.53 (5)
Weightlifting130.jpg,Dumbbell incline press 29.55 (1),  Dumbbell press 19.67 (2),  Overhead press 11.21 (3),Dumbbell shoulder press  9.74 (4),        dumbbell  7.24 (5)
Weightlifting81.jpg,  clean and jerk 70.81 (1),     power clean 13.52 (2), olympic lifting  9.59 (3),   power lifting  3.06 (4),Dumbbell romanian deadlift  1.45 (5)
Weightlifting442.jpg,  clean and jerk 31.59 (1),     power clean 27.03 (2),   power lifting 11.62 (3), olympic lifting 10.09 (4),         barbell  7.50 (5)
Weightlifting281.jpg, olympic lifting 47.94 (1),  clean and jerk 39.12 (2),     power clean  7.13 (3),   power lifting  1.69 (4),  Overhead press  1.13 (5)
Weightlifting112.jpg,  Overhead press 33.44 (1),Dumbbell incline press 19.95 (2),  Dumbbell press 16.05 (3),      Benchpress 11.55 (4),Dumbbell shoulder press  6.79 (5)
Weightlifting342.jpg,   power lifting 24.64 (1),     power clean 13.61 (2),Dumbbell romanian deadlift  9.07 (3),      Benchpress  8.66 (4),        Deadlift  7.88 (5)
Weightlifting452.jpg,     power clean 26.05 (1),  Dumbbell squat 20.94 (2),  clean and jerk 17.91 (3),   power lifting 12.50 (4),        Deadlift 10.05 (5)
Weightlifting215.jpg, olympic lifting 71.31 (1),  clean and jerk 12.41 (2),gymnastic horizontal bar 10.28 (3),     power clean  1.50 (4),   power lifting  0.97 (5)
Weightlifting373.jpg,  clean and jerk 33.09 (1),     power clean 13.59 (2), olympic lifting 11.98 (3),Overhead tricep extension 10.41 (4),  Dumbbell squat 10.25 (5)
Weightlifting48.jpg,     power clean 44.62 (1),        Deadlift 13.82 (2),   power lifting 13.61 (3),  clean and jerk 10.59 (4), olympic lifting  9.50 (5)
Weightlifting544.png,      neck brace 29.86 (1),       seat belt 10.48 (2),          muzzle  5.19 (3),   messenger bag  4.23 (4),         holster  3.30 (5)
Weightlifting234.jpeg,     power clean 56.34 (1),  clean and jerk 17.45 (2),   power lifting 14.93 (3), olympic lifting  2.63 (4),        Deadlift  2.25 (5)
Weightlifting7.jpg,Dumbbell shoulder press 24.84 (1),  Dumbbell squat 14.15 (2),Dumbbell incline press 11.02 (3),Overhead tricep extension 10.68 (4),Julian tricep extension  9.58 (5)
Weightlifting546.png,   digital watch 32.69 (1),       seat belt 11.12 (2),        dumbbell  5.42 (3),      Bicep curl  5.09 (4), Forearm curl in  3.50 (5)
Weightlifting371.jpg, olympic lifting 46.84 (1),  clean and jerk 44.03 (2),     power clean  4.64 (3),  Overhead press  1.15 (4),   power lifting  0.96 (5)
Weightlifting270.jpg,         barbell 35.59 (1),  Overhead press 19.97 (2),        Deadlift 10.86 (3),     power clean  6.90 (4),    Lat pulldown  4.82 (5)
Weightlifting406.jpg,  clean and jerk 43.03 (1),     power clean 24.53 (2),   power lifting  6.30 (3),  Overhead press  6.30 (4),        Deadlift  4.40 (5)
Weightlifting123.jpg,        dumbbell 23.73 (1),  Dumbbell press 23.73 (2),Dumbbell incline press 19.06 (3),         barbell  8.08 (4),Dumbbell shoulder press  7.70 (5)
Weightlifting420.jpg,        dumbbell 24.05 (1),  Dumbbell press 22.95 (2),Dumbbell incline press 22.23 (3),Dumbbell shoulder press  5.71 (4),  Overhead press  4.45 (5)
Weightlifting136.jpg,             gym 25.47 (1), olympic lifting 13.63 (2),   power lifting 10.29 (3),Julian tricep extension  6.34 (4),Dumbbell romanian deadlift  4.94 (5)
Weightlifting405.jpg,     power clean 47.19 (1),        Deadlift 26.05 (2),  clean and jerk  5.81 (3),Dumbbell romanian deadlift  5.21 (4),   power lifting  4.32 (5)
Weightlifting21.jpg,     power clean 42.22 (1),  clean and jerk 28.12 (2),   power lifting 17.05 (3), olympic lifting  7.22 (4),        Deadlift  3.36 (5)
Weightlifting537.jpg,  clean and jerk 44.03 (1), olympic lifting 22.84 (2),     power clean 12.82 (3),Dumbbell romanian deadlift  6.86 (4),   power lifting  6.45 (5)
Weightlifting109.jpeg,Dumbbell shoulder press 16.34 (1),Dumbbell romanian deadlift 13.99 (2),        dumbbell  8.75 (3),     power clean  6.92 (4),   power lifting  5.74 (5)
Weightlifting380.jpg, olympic lifting 72.06 (1),  clean and jerk 14.87 (2),     power clean  5.14 (3),Dumbbell romanian deadlift  4.40 (4),   power lifting  1.43 (5)
Weightlifting143.jpg,     power clean 32.75 (1),  clean and jerk 27.16 (2),        Deadlift 15.47 (3), olympic lifting  9.68 (4),   power lifting  9.09 (5)
Weightlifting426.jpg, olympic lifting 66.69 (1),Julian tricep extension  9.45 (2),  clean and jerk  5.64 (3),Overhead tricep extension  5.39 (4),Dumbbell romanian deadlift  3.82 (5)
Weightlifting314.jpg,     power clean 18.00 (1),   power lifting 13.80 (2),Overhead tricep extension  9.94 (3),Dumbbell shoulder press  9.48 (4),  Dumbbell squat  6.52 (5)
Weightlifting65.JPG,     power clean 53.56 (1),  clean and jerk 26.92 (2),   power lifting 12.72 (3),        Deadlift  3.94 (4), olympic lifting  1.34 (5)
Weightlifting527.jpg,  Overhead press 21.12 (1), olympic lifting 13.63 (2),   power lifting 10.95 (3),Dumbbell shoulder press  8.14 (4),  Dumbbell squat  7.65 (5)
Weightlifting440.jpg,     power clean 60.09 (1),   power lifting 12.59 (2),  clean and jerk 10.95 (3),        Deadlift 10.12 (4), olympic lifting  3.29 (5)
Weightlifting149.jpg,  clean and jerk 36.06 (1),     power clean 20.88 (2),        Deadlift  9.86 (3),         barbell  7.55 (4), olympic lifting  5.70 (5)
Weightlifting269.jpg,  clean and jerk 39.78 (1), olympic lifting 19.70 (2),Dumbbell romanian deadlift 15.10 (3),        Deadlift  9.30 (4),     power clean  8.47 (5)
Weightlifting553.png,     power clean 44.09 (1),  clean and jerk 15.00 (2),        Deadlift 12.43 (3),   power lifting 10.98 (4), olympic lifting  9.53 (5)
Weightlifting76.jpg,     power clean 28.30 (1), olympic lifting 19.45 (2),   power lifting 13.16 (3),Dumbbell romanian deadlift 12.56 (4),        Deadlift 12.56 (5)
Weightlifting35.jpg,       seat belt 42.34 (1),      neck brace 17.38 (2),         holster 10.88 (3),   messenger bag  8.88 (4),        scabbard  5.06 (5)
Weightlifting300.jpg, olympic lifting 54.44 (1),  clean and jerk 16.88 (2),     power clean  5.56 (3),gymnastic horizontal bar  4.47 (4),Dumbbell romanian deadlift  2.63 (5)
Weightlifting435.jpg, olympic lifting 87.62 (1),  clean and jerk  7.42 (2),     power clean  1.79 (3),   power lifting  1.14 (4),Julian tricep extension  0.61 (5)
Weightlifting571.png,  Overhead press 23.80 (1),Dumbbell shoulder press 11.23 (2),Dumbbell incline press  9.77 (3),         barbell  9.46 (4), olympic lifting  8.48 (5)
Weightlifting45.jpg,Dumbbell incline press 26.88 (1),    Lat pulldown 22.30 (2),  Overhead press 15.55 (3),Dumbbell shoulder press 13.30 (4),  Dumbbell press 11.38 (5)
Weightlifting472.jpg,  clean and jerk 37.34 (1), olympic lifting 31.95 (2),     power clean 13.74 (3),        Deadlift  5.82 (4),   power lifting  5.14 (5)
Weightlifting73.jpg,  Dumbbell squat 36.78 (1),        Deadlift 12.71 (2),Dumbbell shoulder press  8.47 (3),Dumbbell romanian deadlift  5.14 (4),     power clean  4.82 (5)
Weightlifting335.jpg,  Dumbbell squat 23.81 (1),   power lifting  9.92 (2),Dumbbell shoulder press  7.86 (3),     power clean  7.73 (4),Overhead tricep extension  7.50 (5)
Weightlifting361.jpg,             gym 15.30 (1),Dumbbell romanian deadlift 13.09 (2),Dumbbell incline press 10.04 (3), olympic lifting  9.73 (4),        Deadlift  8.45 (5)
Weightlifting24.jpg,     power clean 48.72 (1),  clean and jerk 35.66 (2), olympic lifting  6.39 (3),   power lifting  4.98 (4),        Deadlift  1.86 (5)
Weightlifting82.jpg,     power clean 43.25 (1),   power lifting 24.64 (2),        Deadlift 16.94 (3),  clean and jerk 11.29 (4),Dumbbell romanian deadlift  1.62 (5)
Weightlifting294.jpg,Dumbbell shoulder press 43.53 (1),Overhead tricep extension 14.36 (2),Dumbbell incline press 10.51 (3),  Dumbbell squat  6.68 (4),    Lat pulldown  5.12 (5)
Weightlifting291.jpg,   power lifting 48.03 (1),  clean and jerk 12.15 (2),        Deadlift 11.59 (3), olympic lifting  8.48 (4),      Benchpress  2.97 (5)
Weightlifting134.jpg, olympic lifting 87.31 (1),   power lifting  4.21 (2),  clean and jerk  3.38 (3),  Overhead press  1.53 (4),     power clean  1.02 (5)
Weightlifting552.png,     power clean 54.78 (1),  clean and jerk 30.25 (2),   power lifting  6.05 (3),        Deadlift  5.25 (4), olympic lifting  1.25 (5)
Weightlifting55.jpg,         sneaker 83.69 (1),    slip-on shoe 10.48 (2),    clothes iron  0.77 (3),      shoe store  0.76 (4),           clogs  0.26 (5)
Weightlifting559.png,     power clean 32.09 (1),  clean and jerk 25.78 (2),        Deadlift  9.64 (3),  Overhead press  6.84 (4),         barbell  5.24 (5)
Weightlifting242.jpg,  clean and jerk 38.03 (1),     power clean 32.03 (2),        Deadlift 14.21 (3),   power lifting  5.39 (4), olympic lifting  4.76 (5)
Weightlifting122.jpg,     power clean 26.08 (1),  clean and jerk 20.31 (2),        Deadlift 13.12 (3),   power lifting  7.02 (4),  Dumbbell squat  6.70 (5)
Weightlifting434.jpg, olympic lifting 86.50 (1),  clean and jerk  3.05 (2),   power lifting  2.13 (3),         barbell  1.77 (4),     power clean  1.63 (5)
Weightlifting43.jpg,     screwdriver 47.41 (1),   ballpoint pen 12.18 (2),           screw  7.74 (3),      microphone  3.49 (4),      metal nail  2.72 (5)
Weightlifting305.jpg,  Dumbbell squat 30.73 (1),        dumbbell  8.95 (2),Dumbbell shoulder press  8.67 (3),             gym  6.97 (4),Dumbbell incline press  5.68 (5)
Weightlifting150.jpg,  clean and jerk 38.75 (1),     power clean 32.12 (2), olympic lifting 12.98 (3),   power lifting 11.45 (4),        Deadlift  1.93 (5)
Weightlifting157.jpg,  clean and jerk 71.69 (1), olympic lifting 19.91 (2),     power clean  6.07 (3),   power lifting  0.50 (4),Dumbbell romanian deadlift  0.38 (5)
Weightlifting549.png, olympic lifting 47.31 (1),  clean and jerk 31.52 (2),     power clean 11.23 (3),   power lifting  4.91 (4),  Overhead press  1.89 (5)
Weightlifting219.jpg,  clean and jerk 38.84 (1),   power lifting 33.22 (2),        Deadlift 12.23 (3),     power clean  9.52 (4), olympic lifting  1.29 (5)
Weightlifting298.jpg,Dumbbell romanian deadlift 29.81 (1), olympic lifting 28.91 (2),   power lifting 14.54 (3),  clean and jerk 10.63 (4),     power clean  7.66 (5)
Weightlifting32.jpg,  Dumbbell squat 36.91 (1),Overhead tricep extension 12.56 (2),  Hamstring curl  9.19 (3),Dumbbell shoulder press  8.50 (4),  clean and jerk  6.41 (5)
Weightlifting484.jpg, olympic lifting 81.00 (1),  clean and jerk 14.52 (2),     power clean  1.79 (3),Dumbbell romanian deadlift  1.07 (4),   power lifting  0.46 (5)
Weightlifting66.jpg,  Dumbbell squat 16.44 (1),Dumbbell shoulder press 13.84 (2),Overhead tricep extension 12.80 (3),Dumbbell romanian deadlift  8.13 (4),Julian tricep extension  7.77 (5)
Weightlifting44.jpg,       seat belt 17.98 (1),        knee pad 12.55 (2),      neck brace 10.91 (3),    swimming cap  7.26 (4),          racket  5.40 (5)
Weightlifting64.jpg,   power lifting 41.69 (1),         barbell  9.60 (2),        Deadlift  6.80 (3),  Overhead press  6.29 (4),     power clean  5.91 (5)
Weightlifting557.png,     power clean 27.44 (1),  clean and jerk 18.28 (2),  Overhead press 10.25 (3),   power lifting  6.12 (4),      Benchpress  5.66 (5)
Weightlifting516.jpg, olympic lifting 59.09 (1),  clean and jerk 31.61 (2),     power clean  4.55 (3),gymnastic horizontal bar  1.08 (4),   power lifting  0.63 (5)
Weightlifting22.jpg,             gym 21.89 (1),Dumbbell incline press 15.27 (2),   power lifting 13.27 (3),  Dumbbell press  8.98 (4),         barbell  8.57 (5)
Weightlifting154.jpg,     power clean 68.50 (1),  clean and jerk 13.91 (2),   power lifting 13.49 (3),        Deadlift  2.38 (4), olympic lifting  0.99 (5)
Weightlifting51.jpg,Dumbbell shoulder press 30.47 (1), Tricep pulldown 13.73 (2),  Dumbbell squat 11.38 (3),      Bicep curl  6.90 (4),Dumbbell incline press  6.38 (5)
Weightlifting273.jpg,  clean and jerk 45.16 (1),     power clean 33.00 (2),        Deadlift  7.60 (3), olympic lifting  6.71 (4),   power lifting  4.61 (5)
Weightlifting409.jpg, olympic lifting 87.19 (1),  clean and jerk  9.63 (2),     power clean  1.43 (3),   power lifting  0.80 (4),        Deadlift  0.22 (5)
Weightlifting479.jpg,  Dumbbell squat 17.91 (1),        Deadlift 11.56 (2),     power clean  8.73 (3),   power lifting  7.35 (4),Dumbbell shoulder press  6.79 (5)
Weightlifting494.jpg,        Deadlift 26.05 (1),  clean and jerk 13.94 (2),Dumbbell romanian deadlift 12.89 (3),   power lifting 12.50 (4),     power clean  9.89 (5)
Weightlifting521.jpg,Dumbbell romanian deadlift 12.35 (1),Dumbbell shoulder press 10.73 (2),      Benchpress  8.49 (3),  Overhead press  8.36 (4),   power lifting  6.82 (5)
Weightlifting523.jpg,     power clean 28.94 (1),  clean and jerk 23.62 (2),   power lifting 11.88 (3),        Deadlift 10.16 (4),  Dumbbell squat 10.00 (5)
Weightlifting325.jpg,     power clean 54.59 (1),  clean and jerk 21.73 (2), olympic lifting 10.59 (3),   power lifting  7.16 (4),         barbell  2.08 (5)
Weightlifting414.jpg,  Overhead press 18.00 (1),Dumbbell shoulder press 14.91 (2),  clean and jerk 11.98 (3),         barbell 10.09 (4), olympic lifting  9.78 (5)
Weightlifting499.jpg,   power lifting 29.94 (1),        Deadlift 18.16 (2),     power clean 16.27 (3), olympic lifting  8.18 (4),         barbell  4.89 (5)
Weightlifting428.jpeg,Dumbbell shoulder press 37.12 (1),Dumbbell incline press 15.48 (2),  Dumbbell press 10.47 (3),    Lat pulldown  6.45 (4), Tricep pulldown  6.45 (5)
Weightlifting515.JPG,Dumbbell incline press 49.16 (1),Dumbbell shoulder press 18.67 (2),Overhead tricep extension 13.44 (3),    Lat pulldown  4.95 (4), Tricep pulldown  4.87 (5)
Weightlifting236.jpg,Dumbbell shoulder press 31.50 (1),Dumbbell incline press 15.60 (2),  Overhead press 13.98 (3),  Dumbbell press  9.91 (4),  Dumbbell squat  8.61 (5)
Weightlifting543.png,         barbell 17.41 (1),  Overhead press 11.96 (2),Dumbbell shoulder press  9.76 (3), olympic lifting  9.02 (4),Overhead tricep extension  6.40 (5)
Weightlifting277.jpg,     power clean 40.69 (1),  clean and jerk 34.78 (2),   power lifting 13.00 (3),        Deadlift  6.14 (4), olympic lifting  1.65 (5)
Weightlifting469.jpg,  clean and jerk 41.66 (1),     power clean 26.91 (2),   power lifting  9.74 (3), olympic lifting  8.20 (4),  Dumbbell squat  3.31 (5)
Weightlifting443.jpg,     power clean 51.94 (1),  clean and jerk 16.09 (2),        Deadlift 15.84 (3),   power lifting  7.37 (4),Dumbbell romanian deadlift  2.47 (5)
Weightlifting178.JPG,  clean and jerk 68.50 (1),Dumbbell romanian deadlift 10.51 (2), olympic lifting 10.03 (3),     power clean  6.08 (4),   power lifting  2.07 (5)
Weightlifting384.jpg,     power clean 40.25 (1),  clean and jerk 26.81 (2),        Deadlift  9.55 (3),   power lifting  5.11 (4), olympic lifting  4.66 (5)
Weightlifting14.JPG,  clean and jerk 47.84 (1),     power clean 43.56 (2),   power lifting  3.31 (3), olympic lifting  2.46 (4),  Overhead press  1.04 (5)
Weightlifting23.jpg,Dumbbell incline press 23.52 (1),         barbell 17.48 (2),        dumbbell 16.94 (3),  Dumbbell press 12.98 (4),Dumbbell shoulder press 10.44 (5)
Weightlifting205.jpg,     power clean 53.03 (1),        Deadlift 21.42 (2),   power lifting 13.83 (3),  clean and jerk  5.95 (4),Dumbbell romanian deadlift  2.44 (5)
Weightlifting491.jpg, olympic lifting 72.88 (1),  clean and jerk 22.22 (2),     power clean  2.00 (3),   power lifting  1.49 (4),gymnastic horizontal bar  0.41 (5)
Weightlifting263.jpg,        Deadlift 29.20 (1),         barbell 17.44 (2),     power clean 14.69 (3),   power lifting  9.19 (4),        dumbbell  5.16 (5)
Weightlifting529.jpg,        Deadlift 25.88 (1),     power clean 18.06 (2),Dumbbell romanian deadlift 15.45 (3),   power lifting  9.22 (4),         barbell  6.05 (5)
Weightlifting304.jpg,  clean and jerk 34.75 (1),     power clean 14.94 (2), olympic lifting 14.04 (3),Dumbbell romanian deadlift  8.91 (4),   power lifting  7.63 (5)
Weightlifting74.jpg,  Dumbbell squat 33.97 (1),  Hamstring curl  9.28 (2),        dumbbell  6.28 (3),      Bicep curl  4.46 (4),Dumbbell shoulder press  4.32 (5)
Weightlifting20.jpg, olympic lifting 85.44 (1),gymnastic horizontal bar  5.82 (2),  clean and jerk  3.06 (3),          Snatch  0.62 (4),        envelope  0.46 (5)
Weightlifting320.jpg,        dumbbell 50.88 (1),             gym  6.27 (2),     power clean  5.80 (3),         barbell  4.66 (4),Dumbbell romanian deadlift  4.18 (5)
Weightlifting86.jpg, olympic lifting 61.00 (1),  clean and jerk 14.04 (2),   power lifting  6.04 (3),  Overhead press  3.72 (4),Julian tricep extension  2.68 (5)
Weightlifting36.jpg,           chain 33.50 (1),      neck brace 18.22 (2),      chain mail 10.54 (3),        bolo tie  6.70 (4),      safety pin  3.88 (5)
Weightlifting538.jpeg,   power lifting 26.86 (1), olympic lifting 16.55 (2),        Deadlift  8.72 (3),     power clean  7.93 (4),  Dumbbell squat  7.93 (5)
Weightlifting172.jpg,  clean and jerk 21.61 (1),   power lifting 19.67 (2),     power clean 16.05 (3),        Deadlift 10.37 (4),  Dumbbell squat  7.70 (5)
Weightlifting226.jpg,     power clean 25.44 (1),  Overhead press 15.20 (2),             gym 14.50 (3),   power lifting 13.20 (4),        Deadlift  8.13 (5)
Weightlifting311.jpg,   power lifting 46.25 (1),        Deadlift 10.65 (2), olympic lifting  9.70 (3),     power clean  8.16 (4),         barbell  5.61 (5)
Weightlifting363.jpg,  clean and jerk 19.62 (1),Dumbbell shoulder press 14.13 (2),Overhead tricep extension 11.91 (3),   power lifting  9.27 (4), olympic lifting  8.19 (5)
Weightlifting511.jpg,  Dumbbell squat 46.66 (1),Dumbbell shoulder press 18.56 (2),     power clean  4.77 (3),  Dumbbell press  3.23 (4),Overhead tricep extension  2.80 (5)
Weightlifting534.jpeg,  Overhead press 28.38 (1),Dumbbell shoulder press 24.27 (2),         barbell 16.17 (3),Overhead tricep extension  6.85 (4),    Lat pulldown  3.61 (5)
Weightlifting394.jpg,   power lifting 18.39 (1),     power clean 16.75 (2),  clean and jerk 15.25 (3),  Dumbbell squat 11.70 (4),             gym  8.04 (5)
Weightlifting252.jpg,     power clean 53.03 (1),   power lifting 22.47 (2),  clean and jerk 11.48 (3),        Deadlift  7.64 (4), olympic lifting  3.79 (5)
Weightlifting248.jpg,     power clean 61.44 (1),   power lifting 14.60 (2),  clean and jerk 13.30 (3), olympic lifting  6.38 (4),        Deadlift  2.87 (5)
Weightlifting11.jpg, olympic lifting 30.66 (1),   power lifting 26.22 (2),  Overhead press 15.41 (3),gymnastic horizontal bar  8.38 (4),    Lat pulldown  4.42 (5)
Weightlifting378.jpg, olympic lifting 49.75 (1),  clean and jerk 38.75 (2),     power clean  4.15 (3),   power lifting  2.19 (4),Dumbbell romanian deadlift  1.29 (5)
Weightlifting56.jpg,       seat belt 84.75 (1),   messenger bag  3.04 (2),      neck brace  0.69 (3),         snorkel  0.56 (4),         holster  0.54 (5)
Weightlifting424.jpg,    Lat pulldown 41.00 (1),Dumbbell shoulder press 19.98 (2), Tricep pulldown 11.39 (3),  Overhead press  9.59 (4),Dumbbell incline press  5.38 (5)
Weightlifting47.jpg,         syringe 13.06 (1),           screw 12.66 (2),         lighter  6.57 (3),   ballpoint pen  6.46 (4),         barbell  4.51 (5)
Weightlifting201.jpg,  Overhead press 40.34 (1),         barbell 19.36 (2),    Lat pulldown  6.79 (3),  Dumbbell press  3.93 (4),     power clean  3.87 (5)
Weightlifting182.jpg,gymnastic horizontal bar  1.87 (1),         website  1.08 (2),   Oblique twist  1.07 (3),  spiral or coil  1.05 (4),       barometer  0.93 (5)
Weightlifting113.jpg,  Overhead press 22.41 (1),  Dumbbell press 21.70 (2),Dumbbell incline press 19.16 (3),Dumbbell shoulder press 12.18 (4),    Lat pulldown 11.80 (5)
Weightlifting31.jpg,  clean and jerk 37.56 (1),     power clean 20.11 (2),   power lifting 14.48 (3),             gym  9.95 (4),  Overhead press  4.93 (5)
Weightlifting213.jpeg, olympic lifting 54.88 (1),  clean and jerk 16.48 (2),   power lifting 14.32 (3),     power clean  4.65 (4),gymnastic horizontal bar  2.53 (5)
Weightlifting52.jpg,   power lifting 18.22 (1),    Lat pulldown 13.12 (2),         barbell 10.54 (3), Tricep pulldown  9.60 (4),Dumbbell shoulder press  8.61 (5)
Weightlifting398.jpg,        Deadlift 46.88 (1),Dumbbell romanian deadlift 13.43 (2),     power clean 12.23 (3),  clean and jerk  8.27 (4),  Dumbbell squat  5.78 (5)
Weightlifting78.jpg,     power clean 38.00 (1),  clean and jerk 26.12 (2),   power lifting 17.94 (3),        Deadlift  8.09 (4), olympic lifting  4.13 (5)
Weightlifting310.jpg,Dumbbell shoulder press 29.78 (1),        dumbbell 10.13 (2),Overhead tricep extension  7.77 (3), Tricep pulldown  6.75 (4),  Dumbbell squat  6.65 (5)
Weightlifting96.jpg,     power clean 37.06 (1),        Deadlift 16.72 (2),  Overhead press 14.08 (3),         barbell 10.30 (4),  clean and jerk  8.66 (5)
Weightlifting283.jpg,  clean and jerk 48.81 (1),     power clean 26.12 (2),   power lifting 10.23 (3), olympic lifting  7.26 (4),        Deadlift  2.55 (5)
Weightlifting95.jpg,   power lifting 16.88 (1),Overhead tricep extension 15.37 (2),  Dumbbell squat 11.24 (3), Tricep pulldown  9.32 (4),Dumbbell shoulder press  7.04 (5)
Weightlifting121.jpg, olympic lifting 52.84 (1),  clean and jerk 32.53 (2),     power clean  8.10 (3),   power lifting  1.67 (4),  Overhead press  1.34 (5)
Weightlifting457.jpg,  Dumbbell squat 29.34 (1),Dumbbell shoulder press 16.98 (2),Dumbbell romanian deadlift  8.41 (3),        dumbbell  7.30 (4),   power lifting  5.02 (5)
Weightlifting118.jpg,     power clean 45.03 (1),  Overhead press 12.31 (2),   power lifting  6.00 (3),        Deadlift  5.64 (4),  Dumbbell squat  4.75 (5)
Weightlifting108.jpg,Dumbbell shoulder press 35.03 (1),        dumbbell 14.83 (2),  Dumbbell squat 13.30 (3),Overhead tricep extension 11.55 (4),  clean and jerk  3.58 (5)
Weightlifting531.jpg,     power clean 23.36 (1),   power lifting 21.61 (2),        Deadlift 17.92 (3),  clean and jerk 15.09 (4), olympic lifting  6.80 (5)
Weightlifting97.jpg,     power clean 38.12 (1),  Dumbbell squat 15.89 (2),  clean and jerk 11.45 (3),   power lifting  6.95 (4), olympic lifting  6.42 (5)
Weightlifting367.jpeg,  clean and jerk 37.47 (1), olympic lifting 34.09 (2),     power clean 14.00 (3),Dumbbell romanian deadlift  5.40 (4),   power lifting  2.89 (5)
Weightlifting502.jpg,        Deadlift 31.00 (1),  Dumbbell squat 17.12 (2),     power clean 14.20 (3),  clean and jerk  6.30 (4),   power lifting  5.14 (5)
Weightlifting152.jpeg,  clean and jerk 39.69 (1),     power clean 22.28 (2), olympic lifting 13.52 (3),Dumbbell romanian deadlift  8.72 (4),   power lifting  4.67 (5)
Weightlifting508.jpg,   power lifting 36.56 (1), olympic lifting 23.98 (2),     power clean 16.23 (3),        Deadlift  8.03 (4),  clean and jerk  6.46 (5)
Weightlifting441.jpg,Dumbbell shoulder press 30.30 (1),  Dumbbell squat 11.51 (2),Dumbbell incline press 10.00 (3), Tricep pulldown  8.29 (4),  Dumbbell press  5.70 (5)
Weightlifting10.jpg,Dumbbell incline press 20.47 (1),Dumbbell shoulder press 13.43 (2), Tricep pulldown  8.53 (3),  Dumbbell squat  8.41 (4),   power lifting  8.02 (5)
Weightlifting332.jpg,     power clean 33.66 (1),Dumbbell romanian deadlift 25.42 (2),        Deadlift  9.80 (3),   power lifting  9.64 (4),  clean and jerk  7.39 (5)
Weightlifting545.png,        knee pad 17.83 (1),        lens cap  8.42 (2),      neck brace  7.79 (3),       seat belt  6.36 (4),        dumbbell  5.79 (5)
Weightlifting230.jpg,  Dumbbell squat 17.11 (1),Dumbbell shoulder press 13.54 (2),      Bicep curl  6.91 (3),Overhead tricep extension  6.60 (4),     power clean  5.38 (5)
Weightlifting148.jpg,     power clean 33.47 (1),  clean and jerk 32.94 (2),   power lifting 10.37 (3),        Deadlift 10.05 (4), olympic lifting  7.59 (5)
Weightlifting547.png,          buckle 11.34 (1),        knee pad 10.98 (2),       harmonica  6.77 (3),        lens cap  5.19 (4),         holster  5.11 (5)
Weightlifting174.jpg, olympic lifting 78.44 (1),  clean and jerk 11.84 (2),     power clean  6.24 (3),   power lifting  1.50 (4),gymnastic horizontal bar  0.76 (5)
Weightlifting364.jpg,  Dumbbell squat 75.75 (1),Dumbbell shoulder press 11.09 (2),  clean and jerk  2.55 (3),     power clean  1.43 (4),        Deadlift  1.11 (5)
Weightlifting324.jpg,     power clean 31.67 (1), Tricep pulldown  9.97 (2),  Overhead press  9.80 (3),    Lat pulldown  9.51 (4),Dumbbell shoulder press  8.52 (5)
Weightlifting558.png,  clean and jerk 75.88 (1),     power clean 18.30 (2),        Deadlift  1.99 (3),   power lifting  1.13 (4),  Overhead press  0.66 (5)
Weightlifting551.png,        dumbbell 35.16 (1),Dumbbell romanian deadlift 15.60 (2),  clean and jerk  8.22 (3), olympic lifting  8.09 (4),  Dumbbell squat  4.83 (5)
Weightlifting53.jpg,  clean and jerk 41.97 (1),     power clean 19.22 (2),   power lifting 11.84 (3),        Deadlift 11.29 (4), olympic lifting  3.45 (5)
Weightlifting188.jpg,     power clean 55.47 (1),  clean and jerk 25.39 (2),        Deadlift  6.73 (3),   power lifting  2.81 (4),  Dumbbell squat  2.36 (5)
Weightlifting391.jpg, olympic lifting 67.62 (1),     power clean  9.74 (2),  clean and jerk  8.47 (3),gymnastic horizontal bar  3.37 (4),Dumbbell romanian deadlift  2.88 (5)
Weightlifting366.jpg,Overhead tricep extension 15.02 (1),Julian tricep extension 12.45 (2),Dumbbell romanian deadlift 12.45 (3),Dumbbell shoulder press 12.27 (4),  Dumbbell squat  8.97 (5)
Weightlifting427.jpg,        Deadlift 27.42 (1),     power clean 19.75 (2),  clean and jerk 13.37 (3),         barbell 10.09 (4),   power lifting  6.82 (5)
Weightlifting512.jpg,  clean and jerk 47.66 (1),     power clean 33.28 (2),Overhead tricep extension  3.09 (3),        Deadlift  2.45 (4),   power lifting  2.23 (5)
Weightlifting345.jpg,        Deadlift 31.03 (1),   power lifting 21.66 (2),     power clean 19.72 (3),  clean and jerk 15.11 (4),         barbell  2.55 (5)
Weightlifting170.jpeg,        dumbbell 28.48 (1),  Dumbbell press 21.52 (2),         barbell 18.39 (3),Dumbbell incline press 11.34 (4),Dumbbell shoulder press  4.65 (5)
Weightlifting256.jpg,  Dumbbell press 36.16 (1),        dumbbell 16.30 (2),Dumbbell incline press 13.52 (3),Dumbbell shoulder press  8.33 (4),         barbell  5.55 (5)
Weightlifting101.jpg, olympic lifting 79.56 (1),  clean and jerk 10.77 (2),     power clean  5.09 (3),   power lifting  1.87 (4),        Deadlift  1.05 (5)
Weightlifting92.jpg,  clean and jerk 43.62 (1), olympic lifting 18.19 (2),   power lifting 12.70 (3),     power clean  8.07 (4),             gym  6.90 (5)
Weightlifting100.jpg,  clean and jerk 60.66 (1),     power clean 12.91 (2), olympic lifting  7.59 (3),   power lifting  5.14 (4),Overhead tricep extension  3.37 (5)
Weightlifting496.jpg, olympic lifting 52.69 (1),  clean and jerk 24.14 (2),     power clean  8.21 (3),Dumbbell romanian deadlift  4.75 (4),   power lifting  3.70 (5)
Weightlifting357.jpg,  clean and jerk 45.97 (1),     power clean 40.56 (2),   power lifting  4.08 (3), olympic lifting  2.76 (4),        Deadlift  2.12 (5)
Weightlifting156.jpg,   power lifting 40.50 (1),  clean and jerk 25.75 (2),     power clean 21.02 (3), olympic lifting  8.90 (4),        Deadlift  1.39 (5)
Weightlifting116.jpeg,   Hand grippers 57.19 (1),balaclava ski mask 38.69 (2),bulletproof vest  0.80 (3),           Shrug  0.69 (4),          mitten  0.36 (5)
Weightlifting312.jpg,     power clean 29.22 (1),  clean and jerk 21.73 (2),   power lifting 13.38 (3),        Deadlift 12.00 (4), olympic lifting  9.20 (5)
Weightlifting254.jpg,   power lifting 46.59 (1),     power clean 24.94 (2),        Deadlift 13.15 (3),  clean and jerk  4.99 (4),         barbell  4.47 (5)
Weightlifting103.jpg,     power clean 24.31 (1),        Deadlift 22.12 (2),   power lifting 17.23 (3), olympic lifting 11.48 (4),  clean and jerk  8.02 (5)
Weightlifting115.jpg,Dumbbell shoulder press 23.03 (1),             gym 12.52 (2),Dumbbell incline press 10.23 (3),Overhead tricep extension  7.71 (4),  Dumbbell press  6.10 (5)
Weightlifting418.jpg,Dumbbell shoulder press 34.38 (1),  Dumbbell squat 11.70 (2),Overhead tricep extension  9.25 (3),     power clean  6.46 (4),         barbell  5.03 (5)
Weightlifting465.jpg,Overhead tricep extension 27.70 (1),Dumbbell shoulder press 15.06 (2),Julian tricep extension 11.73 (3), Tricep pulldown 11.20 (4),  Dumbbell squat  6.19 (5)
Weightlifting477.jpg, olympic lifting 92.50 (1),  clean and jerk  5.73 (2),Dumbbell romanian deadlift  0.59 (3),     power clean  0.45 (4),   power lifting  0.14 (5)
Weightlifting208.jpg,        Deadlift 33.69 (1),   power lifting 14.05 (2),Dumbbell romanian deadlift  7.52 (3),  Hamstring curl  6.33 (4),         barbell  6.14 (5)
Weightlifting191.jpg,Dumbbell incline press 22.02 (1),         barbell 13.77 (2),Hammer pulley curls 2h  6.82 (3),        dumbbell  6.71 (4),  Dumbbell press  5.48 (5)
Weightlifting542.png,  Overhead press 31.08 (1),   power lifting 16.64 (2),Dumbbell incline press 15.38 (3),Dumbbell shoulder press  9.19 (4),  Dumbbell press  7.73 (5)
Weightlifting233.jpg,Dumbbell shoulder press 25.47 (1),Dumbbell incline press 19.84 (2),  Dumbbell press  9.23 (3),             gym  8.95 (4),        dumbbell  7.65 (5)
Weightlifting570.png,        Deadlift 22.77 (1),   power lifting 16.92 (2),     power clean 10.92 (3),  clean and jerk 10.76 (4),         barbell 10.76 (5)
Weightlifting429.jpg,     power clean 65.31 (1),  clean and jerk 14.33 (2), olympic lifting  8.56 (3),   power lifting  4.17 (4),        Deadlift  4.04 (5)
Weightlifting61.jpg,   power lifting 36.94 (1), olympic lifting 23.48 (2),  clean and jerk 17.19 (3),        Deadlift  8.38 (4),         barbell  4.08 (5)
Weightlifting381.jpg,  clean and jerk 26.66 (1), olympic lifting 26.25 (2),   power lifting  5.86 (3),Dumbbell romanian deadlift  4.86 (4),Seated pulley row  3.04 (5)
Weightlifting299.jpg,     power clean 15.62 (1),         barbell 15.15 (2),  Dumbbell squat 13.16 (3),        dumbbell 11.26 (4), olympic lifting  9.93 (5)
Weightlifting347.jpg,  clean and jerk 32.41 (1),     power clean 29.50 (2),   power lifting 15.78 (3), olympic lifting 10.84 (4),        Deadlift  6.79 (5)
Weightlifting336.jpg,  clean and jerk 68.38 (1), olympic lifting 13.26 (2),     power clean  6.88 (3),   power lifting  3.68 (4),Dumbbell romanian deadlift  1.58 (5)
Weightlifting331.jpg, olympic lifting 21.59 (1),   power lifting 20.28 (2),  clean and jerk 19.67 (3),     power clean  8.72 (4),        Deadlift  7.23 (5)
Weightlifting251.jpg,   power lifting 60.00 (1),     power clean 25.00 (2),  clean and jerk  5.94 (3),        Deadlift  3.44 (4),Dumbbell romanian deadlift  2.60 (5)
Weightlifting482.jpg,        Deadlift 36.78 (1),     power clean 32.97 (2),   power lifting 10.70 (3),  clean and jerk  6.91 (4),  Dumbbell squat  3.07 (5)
Weightlifting548.png, olympic lifting 44.25 (1),gymnastic horizontal bar 22.23 (2),  clean and jerk 20.25 (3),     power clean  4.59 (4),Julian tricep extension  1.49 (5)
Weightlifting189.jpeg,        knee pad 59.91 (1),   Hand grippers 10.74 (2),      neck brace  3.33 (3),    punching bag  3.17 (4),balaclava ski mask  3.12 (5)
Weightlifting181.jpg,Dumbbell shoulder press 14.19 (1), olympic lifting 12.52 (2),      Bicep curl 11.57 (3),Overhead tricep extension 11.57 (4),  clean and jerk  7.71 (5)
Weightlifting360.jpg,Dumbbell shoulder press 21.92 (1),Dumbbell incline press 18.45 (2),  Overhead press 12.30 (3),Overhead tricep extension 10.69 (4), Tricep pulldown  5.54 (5)
Weightlifting141.jpg,Dumbbell shoulder press 24.84 (1),  Dumbbell squat 14.15 (2),Dumbbell incline press 11.02 (3),Overhead tricep extension 10.68 (4),Julian tricep extension  9.58 (5)
Weightlifting327.jpg, olympic lifting 78.44 (1),          Snatch  7.30 (2),Dumbbell romanian deadlift  4.09 (3),   power lifting  3.50 (4),  clean and jerk  2.00 (5)
Weightlifting453.jpg,  Dumbbell squat 32.31 (1),Dumbbell shoulder press 27.20 (2),        dumbbell  8.97 (3),  Dumbbell press  3.68 (4),  clean and jerk  3.10 (5)
Weightlifting292.jpg,  clean and jerk 58.53 (1), olympic lifting 21.88 (2),     power clean 10.34 (3),   power lifting  2.78 (4),Dumbbell romanian deadlift  1.63 (5)
Weightlifting561.png,  clean and jerk 39.84 (1),     power clean 20.67 (2),   power lifting 10.56 (3),        Deadlift  9.92 (4),Dumbbell romanian deadlift  7.15 (5)
Weightlifting192.jpg,  clean and jerk 42.59 (1),     power clean 25.83 (2), olympic lifting 13.83 (3),   power lifting 12.40 (4),Dumbbell romanian deadlift  1.55 (5)
Weightlifting358.jpg,  Dumbbell squat 39.34 (1),  Hamstring curl 13.60 (2),     power clean 10.11 (3),Dumbbell romanian deadlift  5.08 (4),  clean and jerk  4.48 (5)
Weightlifting401.jpg,  clean and jerk 56.88 (1),     power clean 19.05 (2),   power lifting 14.38 (3), olympic lifting  4.60 (4),        Deadlift  2.70 (5)
Weightlifting386.jpg,  clean and jerk 32.16 (1),     power clean 30.69 (2),   power lifting 11.46 (3),        Deadlift  7.64 (4),  Dumbbell squat  4.09 (5)
Weightlifting565.png,Dumbbell shoulder press 22.50 (1),Overhead tricep extension 16.20 (2), Tricep pulldown 15.71 (3),  Dumbbell squat  8.80 (4),Dumbbell incline press  6.76 (5)
Weightlifting489.jpg,     power clean 53.66 (1),        Deadlift 17.98 (2),  clean and jerk  7.73 (3),  Dumbbell squat  7.38 (4),   power lifting  4.34 (5)
Weightlifting390.jpg,  Dumbbell squat 41.12 (1),Dumbbell shoulder press 17.98 (2),      Bicep curl  6.41 (3),Dumbbell incline press  6.21 (4),        dumbbell  5.07 (5)
Weightlifting133.jpg,             gym 26.98 (1),Dumbbell incline press  7.38 (2), olympic lifting  7.04 (3),   power lifting  6.51 (4),Dumbbell shoulder press  6.31 (5)
Weightlifting49.jpg,          buckle 27.83 (1),      neck brace  8.89 (2),         holster  7.85 (3),        knee pad  6.02 (4),          muzzle  5.65 (5)
Weightlifting376.jpeg,Dumbbell shoulder press  4.64 (1),Forearm curl back  3.39 (2),          Snatch  3.34 (3),           Shrug  3.24 (4),             gym  3.00 (5)
Weightlifting210.jpg,         barbell 57.44 (1),Dumbbell romanian deadlift  9.38 (2),        Deadlift  5.60 (3),        dumbbell  5.26 (4),  Dumbbell press  3.19 (5)
Weightlifting498.jpg,  clean and jerk 24.98 (1),  Dumbbell squat 21.38 (2),Dumbbell romanian deadlift 12.76 (3),Dumbbell shoulder press 12.56 (4),        Deadlift  6.12 (5)
Weightlifting218.jpg,     power clean 42.09 (1), olympic lifting 25.52 (2),  clean and jerk 17.83 (3),   power lifting  6.66 (4),        Deadlift  4.87 (5)
Weightlifting120.jpg,        Deadlift 26.27 (1),     power clean 25.86 (2),   power lifting 19.84 (3),  clean and jerk  6.75 (4),  Dumbbell squat  4.86 (5)
Weightlifting12.jpg,     power clean 24.31 (1), olympic lifting 17.52 (2),  clean and jerk 17.23 (3),  Dumbbell squat  9.67 (4),  Overhead press  5.68 (5)
Weightlifting227.jpg,        Deadlift 40.00 (1),   power lifting 22.44 (2),Dumbbell romanian deadlift 11.64 (3),     power clean  6.74 (4), olympic lifting  5.67 (5)
Weightlifting483.jpeg,Dumbbell shoulder press 31.38 (1),      Bicep curl 15.77 (2),        dumbbell 12.29 (3),Overhead tricep extension  8.71 (4),  Dumbbell squat  7.34 (5)
Weightlifting303.jpg,  clean and jerk 42.31 (1),     power clean 28.17 (2), olympic lifting 11.39 (3),Dumbbell romanian deadlift  7.47 (4),        Deadlift  5.55 (5)
Weightlifting243.jpg,  clean and jerk 29.08 (1),   power lifting 24.47 (2),     power clean 12.50 (3),Dumbbell romanian deadlift  7.70 (4),  Dumbbell squat  7.01 (5)
Weightlifting231.jpg, olympic lifting 70.19 (1),  clean and jerk 20.75 (2),     power clean  5.09 (3),   power lifting  1.02 (4),gymnastic horizontal bar  0.60 (5)
Weightlifting350.jpg, olympic lifting 42.12 (1),  clean and jerk 16.50 (2),Dumbbell romanian deadlift  9.26 (3),     power clean  8.30 (4),   power lifting  6.88 (5)
Weightlifting68.jpg,     power clean 55.47 (1),   power lifting 25.00 (2),        Deadlift  7.39 (3),  clean and jerk  3.49 (4), olympic lifting  2.81 (5)
Weightlifting259.jpg,  clean and jerk 40.84 (1),     power clean 30.34 (2), olympic lifting 22.56 (3),   power lifting  3.52 (4),        Deadlift  1.20 (5)
Weightlifting126.jpg,    Lat pulldown 24.05 (1), Tricep pulldown 22.23 (2),   power lifting 14.82 (3),Dumbbell shoulder press 10.34 (4),Dumbbell incline press  6.17 (5)
Weightlifting403.jpg, olympic lifting 61.53 (1),  clean and jerk 23.70 (2),     power clean  7.34 (3),   power lifting  3.81 (4),         barbell  1.26 (5)
Weightlifting225.jpg, olympic lifting 34.28 (1),  clean and jerk 33.22 (2),     power clean 13.43 (3),   power lifting  5.18 (4),  Overhead press  5.02 (5)
Weightlifting467.jpg,  clean and jerk 28.17 (1),   power lifting 26.47 (2), olympic lifting 15.55 (3),     power clean 12.89 (4),        Deadlift 10.52 (5)
Weightlifting180.jpg, olympic lifting 46.94 (1),   power lifting 21.48 (2),Dumbbell romanian deadlift 13.02 (3),     power clean  7.20 (4),        Deadlift  7.09 (5)
Weightlifting474.jpg,  Dumbbell squat 39.28 (1),  clean and jerk 16.38 (2),     power clean 12.37 (3),        Deadlift 10.74 (4),   power lifting  3.95 (5)
Weightlifting282.jpg,     power clean 34.56 (1),  clean and jerk 24.52 (2),   power lifting 23.39 (3), olympic lifting  7.02 (4),        Deadlift  3.64 (5)
Weightlifting260.jpg, olympic lifting 81.56 (1),  clean and jerk  8.20 (2),   power lifting  2.04 (3),  Overhead press  2.04 (4),gymnastic horizontal bar  1.61 (5)
Weightlifting169.jpg, olympic lifting 36.88 (1),   power lifting 27.83 (2),  clean and jerk 15.60 (3),     power clean  7.73 (4),  Overhead press  3.48 (5)
Weightlifting446.jpg,  clean and jerk 25.09 (1),     power clean 22.14 (2),  Dumbbell squat 16.45 (3), olympic lifting 10.45 (4),   power lifting  7.30 (5)
Weightlifting9.jpg,  Dumbbell press 28.66 (1),Dumbbell incline press 20.64 (2),  Overhead press 17.94 (3),Dumbbell shoulder press 16.08 (4),        dumbbell  5.22 (5)
Weightlifting462.jpg, olympic lifting 61.66 (1),  clean and jerk 19.39 (2),     power clean 12.52 (3),   power lifting  3.12 (4),Dumbbell romanian deadlift  1.50 (5)
Weightlifting289.jpg, olympic lifting 62.78 (1),  clean and jerk 30.61 (2),     power clean  3.71 (3),Dumbbell romanian deadlift  1.60 (4),   power lifting  0.60 (5)
Weightlifting323.jpg,     power clean 31.86 (1),   power lifting 19.94 (2),  clean and jerk 14.59 (3),        Deadlift 14.59 (4),         barbell 11.36 (5)
Weightlifting497.jpg,     power clean 48.88 (1),  clean and jerk 15.62 (2),        Deadlift  9.78 (3),   power lifting  6.93 (4),  Dumbbell squat  4.14 (5)
Weightlifting228.jpg,         barbell 26.53 (1),        Deadlift 18.53 (2),   power lifting 14.43 (3), olympic lifting 10.23 (4),Dumbbell romanian deadlift  8.09 (5)
Weightlifting349.jpg,Overhead tricep extension 22.47 (1),Dumbbell shoulder press 13.00 (2),        Deadlift  7.77 (3),Dumbbell incline press  6.96 (4),    Lat pulldown  5.86 (5)
Weightlifting421.jpg, olympic lifting 41.34 (1),  clean and jerk 28.86 (2),     power clean 15.45 (3),   power lifting  7.77 (4),        Deadlift  2.60 (5)
Weightlifting129.jpg, olympic lifting 62.59 (1),  clean and jerk 15.10 (2),     power clean  8.08 (3),   power lifting  4.98 (4),        Deadlift  4.13 (5)
Weightlifting481.jpg,        Deadlift 24.86 (1),         barbell 19.34 (2),   power lifting 18.17 (3),     power clean 16.30 (4),  clean and jerk  5.90 (5)
Weightlifting29.jpg,      neck brace 32.69 (1),   messenger bag 13.00 (2),       seat belt 11.30 (3),         snorkel  9.81 (4),     pencil case  5.02 (5)
Weightlifting89.jpg,     power clean 25.39 (1),  clean and jerk 23.84 (2),Dumbbell romanian deadlift 16.91 (3),   power lifting 14.02 (4),        Deadlift  9.95 (5)
Weightlifting518.jpg, olympic lifting 79.25 (1),  clean and jerk 12.16 (2),   power lifting  2.98 (3),  Overhead press  2.21 (4),     power clean  1.22 (5)
Weightlifting341.jpg, olympic lifting 85.44 (1),  clean and jerk  8.33 (2),   power lifting  1.00 (3),Dumbbell romanian deadlift  0.49 (4),     power clean  0.48 (5)
Weightlifting175.jpg, olympic lifting 75.75 (1),   power lifting 17.44 (2),        Deadlift  1.62 (3),     power clean  1.60 (4),  clean and jerk  1.24 (5)
Weightlifting412.jpg,     power clean 25.81 (1),        Deadlift 14.26 (2),  clean and jerk  9.80 (3),   power lifting  9.35 (4),         barbell  8.52 (5)
Weightlifting128.jpg, olympic lifting 56.84 (1),  clean and jerk 17.89 (2),     power clean 12.68 (3),   power lifting  5.90 (4),  Overhead press  2.01 (5)
Weightlifting3.jpg,  Overhead press 30.72 (1),    Lat pulldown 25.08 (2),     power clean  6.86 (3),Dumbbell shoulder press  5.09 (4),   power lifting  4.09 (5)
Weightlifting447.jpg, olympic lifting 81.50 (1),  clean and jerk  7.82 (2),     power clean  3.75 (3),gymnastic horizontal bar  3.36 (4),   power lifting  1.64 (5)
Weightlifting266.jpg,         sneaker 65.25 (1),    Floor crunch  4.23 (2),    slip-on shoe  2.10 (3),  Hamstring curl  1.69 (4),             gym  1.61 (5)
Weightlifting72.JPG,  clean and jerk 46.84 (1),     power clean 41.34 (2),   power lifting  4.57 (3),        Deadlift  2.90 (4), olympic lifting  2.33 (5)
Weightlifting473.jpg,        Deadlift 28.94 (1),   power lifting 11.51 (2),  Dumbbell squat  8.69 (3),         barbell  6.55 (4),Dumbbell romanian deadlift  6.46 (5)
Weightlifting193.jpg, olympic lifting 35.53 (1),  clean and jerk 34.44 (2),     power clean 15.05 (3),   power lifting  7.00 (4),        Deadlift  3.69 (5)
Weightlifting461.jpg,     power clean 33.66 (1),  clean and jerk 33.66 (2),        Deadlift 11.99 (3), olympic lifting  7.75 (4),   power lifting  3.55 (5)
Weightlifting253.jpg, olympic lifting 81.12 (1),   power lifting 10.15 (2),        Deadlift  3.05 (3),  clean and jerk  2.82 (4),     power clean  1.71 (5)
Weightlifting387.jpg,Dumbbell shoulder press 37.78 (1),Dumbbell incline press 16.50 (2), Tricep pulldown  8.98 (3),    Lat pulldown  6.99 (4),        dumbbell  6.07 (5)
Weightlifting478.jpg,     power clean 32.66 (1),  clean and jerk 23.14 (2), olympic lifting 15.91 (3),   power lifting 12.59 (4),        Deadlift 10.43 (5)
Weightlifting510.jpg,Dumbbell shoulder press 43.72 (1),Overhead tricep extension 10.55 (2),Dumbbell incline press  9.76 (3),  Overhead press  6.20 (4), Tricep pulldown  4.83 (5)
Weightlifting37.jpg,    Lat pulldown 30.44 (1),  Overhead press 29.50 (2),  Dumbbell press 14.16 (3),Dumbbell incline press  9.43 (4), Tricep pulldown  6.59 (5)
Weightlifting99.jpg,Dumbbell shoulder press 15.19 (1),  clean and jerk 12.59 (2),        dumbbell  6.74 (3),      Bicep curl  5.77 (4),   power lifting  5.17 (5)
Weightlifting486.jpg,  clean and jerk 40.03 (1), olympic lifting 34.22 (2),     power clean 11.47 (3),   power lifting  4.78 (4),Dumbbell romanian deadlift  2.56 (5)
Weightlifting146.jpg,Dumbbell incline press 28.83 (1),Dumbbell shoulder press 28.39 (2),      Benchpress  9.22 (3), Tricep pulldown  6.05 (4),  Dumbbell press  5.86 (5)
Weightlifting480.jpg,Dumbbell shoulder press 17.00 (1),        dumbbell 15.23 (2),      Bicep curl 12.83 (3),             gym  6.76 (4), Tricep pulldown  6.26 (5)
Weightlifting572.png, olympic lifting 65.88 (1),  clean and jerk 23.86 (2),     power clean  4.92 (3),gymnastic horizontal bar  1.87 (4),         barbell  0.70 (5)
Weightlifting460.jpg,Dumbbell shoulder press 32.12 (1),        dumbbell 17.47 (2),  Dumbbell squat 15.41 (3),Dumbbell romanian deadlift  8.38 (4),  Dumbbell press  4.48 (5)
Weightlifting166.jpg,        Deadlift 42.12 (1),Dumbbell romanian deadlift 23.28 (2),  Dumbbell squat 14.34 (3),     power clean  3.92 (4),   power lifting  3.35 (5)
Weightlifting240.jpg,Dumbbell romanian deadlift 45.78 (1),  clean and jerk 24.12 (2),        Deadlift  9.59 (3),     power clean  6.29 (4), olympic lifting  5.38 (5)
Weightlifting220.jpg,   power lifting 51.84 (1),        Deadlift 15.80 (2), olympic lifting  8.73 (3),  clean and jerk  8.73 (4),     power clean  8.47 (5)
Weightlifting488.jpg,Dumbbell shoulder press 18.97 (1),  Dumbbell squat 14.77 (2),Dumbbell romanian deadlift 14.77 (3),        dumbbell 13.04 (4),      Bicep curl  7.91 (5)
Weightlifting514.jpg,  clean and jerk 38.59 (1),     power clean 16.59 (2),Overhead tricep extension  7.60 (3),  Dumbbell squat  7.25 (4),Dumbbell shoulder press  6.50 (5)
Weightlifting163.jpg,   Hand grippers 32.03 (1),Overhead tricep extension 27.39 (2), Forearm curl in 10.56 (3),Julian tricep extension  4.91 (4),Forearm curl back  3.77 (5)
Weightlifting164.jpg,   Hand grippers 35.22 (1),balaclava ski mask 18.56 (2),        knee pad 14.91 (3),           Shrug  2.55 (4),      neck brace  2.55 (5)
Weightlifting377.jpg,  clean and jerk 59.09 (1), olympic lifting 22.78 (2),     power clean 14.94 (3),   power lifting  1.84 (4),        Deadlift  0.34 (5)
Weightlifting196.jpg,     power clean 34.03 (1),   power lifting 33.50 (2), olympic lifting 10.38 (3),  clean and jerk  6.30 (4),  Overhead press  5.22 (5)
Weightlifting393.jpg,Dumbbell shoulder press 25.14 (1),      Bicep curl 20.52 (2),Dumbbell incline press 13.24 (3),        dumbbell  9.70 (4), Tricep pulldown  8.69 (5)
Weightlifting322.jpg,Dumbbell romanian deadlift 64.38 (1),     power clean  9.88 (2),        Deadlift  8.45 (3),  clean and jerk  7.34 (4),   power lifting  4.66 (5)
Weightlifting160.jpg,      Benchpress 16.53 (1),Overhead tricep extension 13.70 (2),Julian tricep extension 10.51 (3),   power lifting 10.02 (4),  Overhead press  8.31 (5)
Weightlifting177.jpg,    swimming cap 29.42 (1),     poke bonnet 21.52 (2),        knee pad 14.56 (3),        lens cap 10.01 (4),   music speaker  1.54 (5)
Weightlifting257.jpg,     power clean 51.31 (1),   power lifting 18.59 (2),  clean and jerk  7.88 (3),  Overhead press  6.73 (4), olympic lifting  3.18 (5)
Weightlifting179.jpg,    slip-on shoe 57.81 (1),         sneaker 39.12 (2),           clogs  1.16 (3),          sandal  0.52 (4),      shoe store  0.48 (5)
Weightlifting239.jpeg,  Overhead press 35.56 (1),Dumbbell incline press 16.80 (2),  Dumbbell press 15.78 (3),      Benchpress 14.82 (4),    Lat pulldown  5.63 (5)
Weightlifting554.png,gymnastic horizontal bar  1.87 (1),         website  1.08 (2),   Oblique twist  1.07 (3),  spiral or coil  1.05 (4),       barometer  0.93 (5)
Weightlifting135.jpg, olympic lifting 74.88 (1),gymnastic horizontal bar  9.22 (2),  clean and jerk  8.13 (3),     power clean  3.67 (4),Dumbbell romanian deadlift  1.37 (5)
Weightlifting346.jpg,     power clean 39.22 (1), olympic lifting 15.84 (2),Dumbbell romanian deadlift 15.12 (3),   power lifting  9.92 (4),        Deadlift  9.76 (5)
Weightlifting159.jpeg,  Dumbbell press 15.72 (1),        tool kit 14.77 (2),         barbell 12.05 (3),   power lifting  8.96 (4),        dumbbell  8.96 (5)
Weightlifting466.jpg,     power clean 35.72 (1),        Deadlift 20.67 (2),Dumbbell romanian deadlift 12.15 (3),  clean and jerk  7.61 (4),  Dumbbell squat  7.14 (5)
Weightlifting433.jpg,  Dumbbell squat 45.09 (1),  clean and jerk 18.22 (2),     power clean 14.87 (3),   power lifting  5.56 (4),        Deadlift  4.68 (5)
Weightlifting276.jpg,  clean and jerk 21.98 (1),Dumbbell shoulder press 12.93 (2),  Overhead press 11.41 (3),     power clean 11.23 (4),        Deadlift  6.92 (5)
Weightlifting568.png,Dumbbell shoulder press 32.38 (1),        dumbbell 10.51 (2), Tricep pulldown  7.45 (3),Dumbbell incline press  7.11 (4),  Dumbbell press  4.89 (5)
Weightlifting368.jpg, olympic lifting 67.50 (1),  clean and jerk 11.91 (2),     power clean 10.19 (3),Dumbbell romanian deadlift  4.89 (4),   power lifting  2.70 (5)
