992120122.png,      shower cap  4.27 (1),Facial Expression  3.12 (2),           indri  2.59 (3),    handkerchief  1.96 (4),    electric fan  1.28 (5)
193068259.png,Facial Expression 12.18 (1),         emotion  6.03 (2),           Angry  4.48 (3),        feelings  3.71 (4),             Sad  3.60 (5)
857233342.png,Facial Expression  6.52 (1),            newt  3.83 (2),         emotion  2.63 (3),         disgust  2.36 (4),           Angry  2.18 (5)
179664285.png,           Boxer  6.96 (1),            mask  6.85 (2),Facial Expression  5.59 (3),loupe magnifying glass  5.59 (4),      sunglasses  3.45 (5)
799509995.png,Facial Expression 14.43 (1),         emotion  6.40 (2),             Sad  3.32 (3),         disgust  2.67 (4),           Angry  2.39 (5)
870224034.png,           abaya  3.01 (1),         cuirass  2.70 (2),     breastplate  2.31 (3),         website  1.54 (4),      chain mail  1.42 (5)
874993048.png,         emotion  6.91 (1),Facial Expression  4.33 (2),             Sad  4.19 (3),        feelings  3.88 (4),         website  2.14 (5)
416483977.png,          bulbul 52.69 (1),      bridegroom 13.95 (2),Facial Expression  5.46 (3),           Angry  1.92 (4),         emotion  1.62 (5)
630337927.png,    mobile phone  4.07 (1),rotary dial telephone  3.43 (2),            iPod  3.12 (3),        payphone  2.43 (4),    electric fan  1.80 (5)
679780163.png,Facial Expression 17.64 (1),           indri 10.70 (2),           abaya  7.13 (3),         emotion  4.46 (4),white-headed capuchin  3.31 (5)
878240565.png,Facial Expression  5.73 (1),         website  2.97 (2),         emotion  2.67 (3),      bridegroom  2.14 (4),      hair spray  1.54 (5)
449521702.png,      shower cap  5.53 (1),     poke bonnet  3.74 (2),    swimming cap  2.41 (3),Facial Expression  2.10 (4),         emotion  1.85 (5)
520909846.png,Facial Expression  4.55 (1),         emotion  4.48 (2),             Sad  2.98 (3),        feelings  2.94 (4),         website  2.89 (5)
57614655.png,         emotion  3.49 (1),         website  2.51 (2),        feelings  2.18 (3),             Sad  1.87 (4),             jay  1.65 (5)
214457883.png,           indri  3.39 (1),             Sad  2.64 (2),         website  1.65 (3),        feelings  1.58 (4),         emotion  1.55 (5)
99453870.png,   Gordon Setter  4.09 (1),military hat (bearskin or shako)  1.65 (2),           indri  1.27 (3),     toy terrier  1.27 (4),         website  1.19 (5)
264262593.png,Facial Expression 13.87 (1),         emotion  9.39 (2),           Angry  9.24 (3),           Happy  3.14 (4),         disgust  3.09 (5)
61000507.png,   baby pacifier 25.05 (1),Facial Expression 14.72 (2),        baby bib  7.40 (3),           Angry  5.01 (4),         disgust  4.63 (5)
197477245.png,         emotion 23.66 (1),Facial Expression 16.27 (2),          bulbul  5.80 (3),        feelings  4.51 (4),      bridegroom  4.11 (5)
367039268.png,Facial Expression 13.49 (1),         emotion  4.88 (2),           Angry  3.30 (3),         disgust  3.06 (4),             Sad  2.13 (5)
601862215.png,Facial Expression  9.45 (1),           Angry  7.83 (2),         emotion  3.76 (3),         disgust  2.28 (4),             jay  2.21 (5)
482190008.png,          bulbul  5.57 (1),      shower cap  4.62 (2),Facial Expression  2.68 (3),black-and-white colobus  2.55 (4),         website  2.36 (5)
398879553.png,      bridegroom  2.80 (1),         website  2.67 (2),     Windsor tie  2.67 (3),         bow tie  1.83 (4),         emotion  1.32 (5)
696467455.png,         emotion  6.98 (1),        feelings  4.04 (2),Facial Expression  4.04 (3),         website  3.92 (4),           daisy  1.97 (5)
832216731.png,         emotion 19.41 (1),        feelings 14.43 (2),             Sad 10.72 (3),Facial Expression  4.47 (4),         website  2.98 (5)
514275993.png,Facial Expression  5.29 (1),      bridegroom  3.99 (2),        bolo tie  1.83 (3),         emotion  1.61 (4),            newt  1.45 (5)
449168449.png,           Angry  8.09 (1),  Boston Terrier  5.92 (2),Facial Expression  4.98 (3),            newt  4.83 (4),     Windsor tie  2.63 (5)
708248573.png,Facial Expression 21.08 (1),         emotion 11.82 (2),           Angry  9.80 (3),             Sad  9.50 (4),         disgust  8.79 (5)
157837099.png,Facial Expression  7.08 (1),         emotion  5.18 (2),             Sad  3.73 (3),       harmonica  3.04 (4),         disgust  1.96 (5)
156897299.png,Facial Expression  2.71 (1),         website  1.48 (2),         emotion  1.28 (3),      bath towel  1.28 (4),     face powder  1.05 (5)
22294671.png,Facial Expression  4.11 (1),         disgust  3.01 (2),         emotion  2.46 (3),           Angry  2.38 (4),             Sad  1.61 (5)
534481679.png,Facial Expression 11.92 (1),           Angry  6.28 (2),     Windsor tie  4.53 (3),         emotion  3.87 (4),            newt  2.97 (5)
781284107.png,         disgust 14.30 (1),Facial Expression  6.76 (2),             Sad  5.60 (3),           Angry  4.57 (4),         emotion  4.50 (5)
839600699.png,Facial Expression  7.72 (1),          bulbul  2.84 (2),          maraca  2.59 (3),         emotion  1.72 (4),       pan flute  1.67 (5)
390056061.png,         disgust  7.05 (1),     St. Bernard  6.22 (2),           Angry  4.28 (3),Facial Expression  3.96 (4),             Sad  3.18 (5)
329333925.png,Facial Expression 33.03 (1),           Angry 11.41 (2),         emotion 10.90 (3),         disgust  4.14 (4),             Sad  3.22 (5)
197247758.png,     Pickelhaube  8.63 (1),Facial Expression  6.31 (2),         vulture  4.77 (3),           tench  2.47 (4),      chiffonier  2.18 (5)
79171754.png,Facial Expression 59.53 (1),           Angry  5.54 (2),         emotion  5.37 (3),         disgust  4.25 (4),        feelings  0.89 (5)
38547783.png,           Angry  3.26 (1),         emotion  3.06 (2),Facial Expression  2.20 (3),         disgust  1.51 (4),      bridegroom  1.34 (5)
871318679.png,      bridegroom  4.23 (1),Facial Expression  3.25 (2),         website  2.82 (3),         emotion  1.74 (4),     Windsor tie  1.33 (5)
228697145.png,Facial Expression  4.84 (1),         emotion  2.28 (2),Miniature Pinscher  2.25 (3),     toy terrier  2.14 (4),     poke bonnet  1.64 (5)
280979703.png,         emotion 21.28 (1),             Sad 13.95 (2),        feelings  8.73 (3),Facial Expression  6.19 (4),         website  1.98 (5)
220762389.png,         emotion  7.53 (1),Facial Expression  5.42 (2),         website  4.29 (3),             Sad  4.16 (4),      bridegroom  3.73 (5)
410555527.png,Facial Expression 12.85 (1),         emotion  5.70 (2),           Angry  4.38 (3),      bridegroom  2.91 (4),           Happy  2.65 (5)
591714916.png,Facial Expression  5.46 (1),         emotion  4.60 (2),           cloak  2.70 (3),         website  2.35 (4),      bridegroom  2.31 (5)
375176478.png,         website  2.91 (1),Facial Expression  2.41 (2),         emotion  1.09 (3),      shower cap  0.96 (4),     poke bonnet  0.91 (5)
145281039.png,        baby bib 24.17 (1),   baby pacifier 13.99 (2),Facial Expression  6.93 (3),        bassinet  4.54 (4),         emotion  3.59 (5)
229813001.png,      guillotine  1.84 (1),        plectrum  1.58 (2),         disgust  1.27 (3),     Windsor tie  1.21 (4),           Angry  1.15 (5)
489957045.png,      teddy bear  9.59 (1),           koala  3.48 (2),      brown bear  1.67 (3),      Toy Poodle  1.36 (4),Bedlington Terrier  1.30 (5)
797239957.png,             Sad 16.11 (1),         emotion 10.90 (2),Facial Expression  6.11 (3),           Angry  5.23 (4),        feelings  4.34 (5)
969981669.png,        feelings  9.80 (1),         emotion  8.80 (2),     breastplate  3.23 (3),Facial Expression  2.72 (4),          muzzle  2.26 (5)
830741597.png,Facial Expression  9.29 (1),             Sad  5.29 (2),         disgust  3.93 (3),         emotion  3.81 (4),     poke bonnet  2.92 (5)
494124098.png,Facial Expression 10.09 (1),         website  4.54 (2),         emotion  3.43 (3),             Sad  2.18 (4),        feelings  1.45 (5)
665415692.png,Facial Expression 13.60 (1),         emotion  4.85 (2),             Sad  4.28 (3),           Angry  3.96 (4),           indri  2.33 (5)
16174948.png,Facial Expression  7.86 (1),         disgust  4.40 (2),        hornbill  3.89 (3),         emotion  2.89 (4),      bridegroom  2.80 (5)
466638476.png,        meatloaf  4.49 (1),            newt  3.34 (2),Facial Expression  2.90 (3),           Angry  2.56 (4),      bridegroom  2.22 (5)
977067655.png,Facial Expression 23.11 (1),         emotion 11.09 (2),             Sad  6.94 (3),        feelings  5.40 (4),         disgust  4.27 (5)
594665766.png,Facial Expression  2.54 (1),         website  1.70 (2),         emotion  1.67 (3),           Boxer  0.87 (4),           Angry  0.84 (5)
56325546.png,Facial Expression 16.83 (1),         emotion 14.39 (2),             Sad  6.09 (3),        feelings  3.93 (4),         disgust  3.11 (5)
740395695.png,Facial Expression 27.34 (1),           Angry  7.36 (2),         disgust  5.56 (3),         emotion  3.64 (4),             Sad  2.79 (5)
177283422.png,      shower cap  5.29 (1),         emotion  2.50 (2),    Ibizan Hound  2.42 (3),Facial Expression  1.52 (4),     Pickelhaube  1.34 (5)
747164456.png,Facial Expression  9.45 (1),         emotion  8.20 (2),             Sad  6.59 (3),        feelings  2.93 (4),         disgust  1.59 (5)
557097509.png,         disgust 17.53 (1),           Angry 17.27 (2),Facial Expression 12.05 (3),             Sad  6.65 (4),         emotion  5.52 (5)
429079034.png,Facial Expression  7.45 (1),     poke bonnet  3.52 (2),         emotion  2.24 (3),             Sad  2.04 (4),         website  1.74 (5)
436678483.png,Facial Expression  6.10 (1),      sunglasses  3.26 (2),      sunglasses  3.26 (3),         emotion  3.21 (4),     breastplate  1.86 (5)
105277694.png,Facial Expression  7.68 (1),         emotion  6.18 (2),         website  2.54 (3),         jacamar  1.94 (4),     breastplate  1.61 (5)
672331549.png,         emotion  6.67 (1),            mink  5.36 (2),Facial Expression  4.73 (3),        feelings  3.25 (4),      steel drum  2.57 (5)
873532707.png,         website  2.41 (1),Facial Expression  1.82 (2),             Sad  1.23 (3),         emotion  1.10 (4),     black stork  1.07 (5)
601524346.png,Facial Expression  7.57 (1),         emotion  4.67 (2),             Sad  3.99 (3),         disgust  2.62 (4),        feelings  2.46 (5)
846643029.png,Facial Expression 18.59 (1),         emotion  4.15 (2),             Sad  3.66 (3),         disgust  2.85 (4),           Angry  2.68 (5)
755228549.png,Facial Expression 12.27 (1),         emotion  8.70 (2),             Sad  8.56 (3),         disgust  6.88 (4),           Angry  2.74 (5)
46886939.png,         website  2.72 (1),Facial Expression  2.55 (2),        hornbill  1.62 (3),        hair wig  1.33 (4),      black swan  1.29 (5)
620438085.png,Facial Expression  4.26 (1),         emotion  3.71 (2),         website  3.42 (3),           abaya  2.97 (4),    Afghan Hound  1.80 (5)
126384613.png,Facial Expression 21.06 (1),         emotion  7.75 (2),             Sad  5.67 (3),         disgust  4.34 (4),           Angry  2.76 (5)
332253609.png,         emotion  4.47 (1),Facial Expression  4.01 (2),             Sad  2.93 (3),            mask  2.89 (4),        feelings  2.43 (5)
773432219.png,         emotion 13.07 (1),       harmonica  6.37 (2),           Angry  4.66 (3),Facial Expression  3.36 (4),        plectrum  3.36 (5)
214947014.png,             Sad 11.40 (1),        meatloaf  7.36 (2),         emotion  7.02 (3),         disgust  5.14 (4),           Angry  5.06 (5)
424298235.png,         emotion 21.02 (1),             Sad 12.35 (2),        feelings  8.10 (3),Facial Expression  5.75 (4),         website  2.18 (5)
341404327.png,Facial Expression 34.22 (1),         emotion 14.04 (2),             Sad  4.78 (3),         disgust  3.96 (4),        feelings  2.94 (5)
955519282.png,Facial Expression 12.91 (1),           Angry 10.71 (2),          beaker  6.20 (3),         disgust  4.33 (4),        meatloaf  3.70 (5)
37393064.png,Facial Expression 15.84 (1),         emotion 14.43 (2),             Sad 10.39 (3),        feelings  3.76 (4),         disgust  2.51 (5)
771229657.png,Welsh Springer Spaniel  6.48 (1),         emotion  5.63 (2),        feelings  4.52 (3),  Sussex Spaniel  3.31 (4),         website  3.26 (5)
986433817.png,Facial Expression 21.00 (1),         emotion 14.89 (2),           Angry  5.48 (3),         disgust  4.99 (4),        feelings  3.38 (5)
331712741.png,Facial Expression  4.91 (1),         emotion  2.11 (2),         disgust  2.02 (3),      bridegroom  1.72 (4),        Papillon  1.72 (5)
346322914.png,         emotion  9.63 (1),        feelings  7.62 (2),             Sad  4.77 (3),         website  3.43 (4),Facial Expression  2.36 (5)
841558396.png,         emotion  7.68 (1),Facial Expression  3.06 (2),        feelings  2.74 (3),       harmonica  2.61 (4),             Sad  2.54 (5)
174254858.png, Standard Poodle  3.23 (1),        necklace  2.47 (2),Facial Expression  2.08 (3),        feelings  2.05 (4),             Sad  1.96 (5)
950892675.png,Facial Expression  6.62 (1),         emotion  5.16 (2),           Happy  4.14 (3),           Angry  3.12 (4),        baby bib  1.70 (5)
120168745.png,        hornbill  2.27 (1),         emotion  1.85 (2),         website  1.51 (3),        vestment  1.35 (4),           Angry  1.27 (5)
808341868.png,Facial Expression  7.26 (1),         emotion  4.47 (2),         gorilla  2.71 (3),             jay  2.21 (4),      bridegroom  1.78 (5)
216579894.png,         emotion  7.62 (1),        feelings  6.22 (2),             Sad  5.08 (3),Facial Expression  4.34 (4),      Toy Poodle  3.66 (5)
612942620.png,      bridegroom  4.54 (1),Facial Expression  2.51 (2),         emotion  2.46 (3),Italian Greyhound  2.28 (4),         website  1.67 (5)
790765083.png,Facial Expression  5.12 (1),       Chow Chow  3.93 (2),             Sad  3.36 (3),          dugong  2.83 (4),         website  2.42 (5)
126064654.png,         emotion 12.18 (1),Facial Expression 11.27 (2),             Sad  5.00 (3),        feelings  4.92 (4),         website  1.99 (5)
499548607.png,         emotion  4.24 (1),        feelings  3.05 (2),         website  2.87 (3),             Sad  2.49 (4),Facial Expression  1.40 (5)
191960838.png,         emotion 17.73 (1),           Angry 16.66 (2),Facial Expression 10.27 (3),             Sad  5.58 (4),         disgust  3.49 (5)
422303031.png,Facial Expression  7.80 (1),         emotion  4.88 (2),           Angry  3.36 (3),        feelings  1.56 (4),         disgust  1.40 (5)
139632375.png,southern black widow  7.72 (1),Facial Expression  7.72 (2),        hair wig  4.07 (3),            mink  2.98 (4),         emotion  2.88 (5)
316031831.png,Facial Expression 15.59 (1),     titi monkey  6.91 (2),             jay  5.47 (3),         emotion  5.22 (4),           indri  4.68 (5)
297343042.png,Facial Expression 20.20 (1),           Angry 19.58 (2),         emotion 15.02 (3),         disgust  4.37 (4),        feelings  1.91 (5)
400413894.png,Facial Expression 18.05 (1),      bridegroom  6.75 (2),          dugong  5.95 (3),     face powder  3.78 (4),         emotion  3.67 (5)
353180254.png,             Sad  8.25 (1),Facial Expression  6.95 (2),     Windsor tie  4.93 (3),         disgust  4.78 (4),         emotion  3.60 (5)
661695118.png,Facial Expression 19.05 (1),           Angry  6.58 (2),         disgust  5.54 (3),         emotion  4.45 (4),             Sad  2.54 (5)
861005599.png,   baby pacifier 15.33 (1),         emotion  6.70 (2),        baby bib  6.70 (3),Facial Expression  3.47 (4),           Angry  3.26 (5)
358952083.png,         emotion 12.80 (1),        feelings  7.89 (2),             Sad  6.14 (3),Facial Expression  3.14 (4),        Band-Aid  2.44 (5)
538039178.png,Facial Expression  6.25 (1),         emotion  2.33 (2),         perfume  1.35 (3),       harmonica  1.25 (4),     face powder  1.23 (5)
142229796.png,         jacamar  2.43 (1),         website  2.32 (2),         emotion  1.72 (3),           indri  1.45 (4),     Persian cat  1.28 (5)
111625062.png,Facial Expression 39.84 (1),         disgust  6.11 (2),           Angry  5.65 (3),         emotion  2.39 (4),             Sad  0.95 (5)
22933067.png,Facial Expression 14.59 (1),        baby bib  9.56 (2),         emotion  7.22 (3),           Angry  5.12 (4),   baby pacifier  4.24 (5)
36749520.png,         emotion 24.30 (1),Facial Expression 12.03 (2),             Sad  8.13 (3),        feelings  6.54 (4),           Angry  3.50 (5)
32517771.png,         emotion 12.37 (1),Facial Expression  9.94 (2),           indri  6.41 (3),        feelings  5.84 (4),             Sad  5.40 (5)
883310075.png,          bulbul  5.64 (1),             Sad  3.07 (2),        feelings  2.08 (3),Facial Expression  2.01 (4),         website  1.98 (5)
309118986.png,         emotion  9.82 (1),Facial Expression  9.52 (2),             Sad  5.86 (3),        feelings  3.79 (4),         website  2.30 (5)
960052257.png,         website  6.82 (1),Facial Expression  3.94 (2),   digital clock  2.35 (3),          racket  1.86 (4),ringlet butterfly  1.72 (5)
742308802.png,         emotion 14.38 (1),Facial Expression  7.82 (2),             Sad  7.70 (3),        feelings  3.69 (4),     Bullmastiff  2.01 (5)
493477848.png,         emotion  7.88 (1),       harmonica  4.70 (2),Facial Expression  3.28 (3),        feelings  2.94 (4),         website  1.70 (5)
256933074.png,Facial Expression  7.35 (1),             Sad  3.42 (2),         website  2.70 (3),         emotion  2.46 (4),        feelings  1.98 (5)
578547941.png,         emotion 10.52 (1),        feelings  8.19 (2),Facial Expression  8.19 (3),             Sad  3.21 (4),         website  2.83 (5)
838795345.png,Facial Expression  8.73 (1),         emotion  6.59 (2),           Angry  5.05 (3),           Happy  3.16 (4),         disgust  2.39 (5)
579958236.png,      bridegroom  5.32 (1),             Sad  3.03 (2),      chiffonier  2.72 (3),         emotion  2.63 (4),Facial Expression  2.44 (5)
6263726.png,Facial Expression  6.20 (1),         emotion  4.61 (2),      black swan  3.64 (3),      hair spray  3.16 (4),         perfume  2.24 (5)
69626843.png,Facial Expression  6.23 (1),         emotion  4.71 (2),         website  3.04 (3),        feelings  2.26 (4),     face powder  2.19 (5)
482119450.png,English foxhound  9.55 (1),     Windsor tie  6.98 (2),    Ibizan Hound  2.78 (3),    Irish Setter  2.00 (4),       Dobermann  1.88 (5)
764491539.png,             Sad  6.71 (1),Facial Expression  6.11 (2),         emotion  4.54 (3),         website  3.53 (4),      bridegroom  2.93 (5)
810629811.png,          Kuvasz  4.46 (1),      prayer rug  3.76 (2),         website  2.17 (3),         emotion  1.89 (4),        vestment  1.80 (5)
304423426.png,         emotion  8.64 (1),Facial Expression  7.05 (2),         website  5.94 (3),        feelings  4.70 (4),     face powder  3.23 (5)
181898743.png,         emotion 13.27 (1),        feelings  9.41 (2),Facial Expression  8.57 (3),             Sad  5.45 (4),         website  2.74 (5)
96439096.png,Facial Expression 11.98 (1),         emotion  4.47 (2),        feelings  2.84 (3),    sleeping bag  2.59 (4),     poke bonnet  2.02 (5)
203833322.png,     Windsor tie  8.71 (1),            newt  7.93 (2),Facial Expression  7.81 (3),         disgust  4.45 (4),         emotion  3.69 (5)
904499352.png,Facial Expression  9.30 (1),         emotion  3.81 (2),     face powder  3.16 (3),        feelings  2.58 (4),         disgust  1.72 (5)
480227610.png,         emotion 10.48 (1),Facial Expression  3.79 (2),        feelings  3.30 (3),             Sad  3.15 (4),       saxophone  2.30 (5)
44353978.png,Facial Expression  3.33 (1),             Sad  3.18 (2),         emotion  2.63 (3),           Angry  2.59 (4),         disgust  2.36 (5)
833046244.png,         emotion 22.08 (1),        feelings 13.61 (2),             Sad  8.52 (3),Facial Expression  5.00 (4),         website  3.28 (5)
331991481.png,      chiffonier  6.92 (1),Facial Expression  6.02 (2),      bridegroom  5.56 (3),         website  4.07 (4),          weasel  3.65 (5)
520989338.png,Facial Expression 19.70 (1),           Angry  6.60 (2),         emotion  4.98 (3),         disgust  3.37 (4),           Happy  3.12 (5)
620004343.png,Facial Expression  6.38 (1),         emotion  2.62 (2),      sunglasses  1.98 (3),      sunglasses  1.98 (4),     face powder  1.77 (5)
479090098.png,Facial Expression 12.61 (1),         emotion  6.54 (2),        consomme  3.50 (3),       harmonica  2.95 (4),        feelings  2.90 (5)
425952479.png,Facial Expression 24.75 (1),         emotion  4.88 (2),     face powder  3.10 (3),     poke bonnet  2.13 (4),         website  1.74 (5)
970149474.png,     Windsor tie  4.15 (1),           Angry  4.09 (2),Facial Expression  3.84 (3),         emotion  3.23 (4),        grey fox  2.99 (5)
886404939.png,Facial Expression 14.75 (1),           Angry  9.09 (2),         emotion  8.95 (3),      rugby ball  3.79 (4),          racket  2.81 (5)
669695331.png,         Basenji  4.79 (1),         emotion  3.62 (2),Facial Expression  2.95 (3),         website  2.23 (4),    Ibizan Hound  1.96 (5)
548318502.png,Facial Expression  9.95 (1),         emotion  4.55 (2),         disgust  4.02 (3),           Angry  3.78 (4),     screwdriver  1.68 (5)
182106509.png,Facial Expression  1.96 (1),      bridegroom  1.84 (2),         emotion  1.46 (3),         bassoon  1.28 (4),       saxophone  1.24 (5)
140148206.png,Facial Expression 19.78 (1),             jay  4.93 (2),         emotion  3.96 (3),             Sad  2.89 (4),           acorn  2.05 (5)
783318878.png,Facial Expression 12.22 (1),     poke bonnet  7.65 (2),      bridegroom  4.71 (3),     face powder  2.60 (4),            mask  2.56 (5)
681384185.png,Facial Expression 14.55 (1),            mask 11.16 (2),     face powder  3.10 (3),      bridegroom  2.10 (4),balaclava ski mask  1.91 (5)
833065015.png,Facial Expression 24.12 (1),         emotion  9.30 (2),           Angry  5.82 (3),         disgust  4.98 (4),        baby bib  3.47 (5)
24262991.png,         emotion  6.09 (1),Facial Expression  5.81 (2),         website  3.69 (3),      bridegroom  2.97 (4),        feelings  2.83 (5)
35674329.png,ringlet butterfly  6.24 (1),   Border Collie  2.95 (2),         emotion  2.77 (3),        Papillon  2.64 (4),Cardigan Welsh Corgi  2.33 (5)
124137502.png,         emotion 12.76 (1),Facial Expression 12.56 (2),        feelings  6.22 (3),             Sad  1.96 (4),         website  1.48 (5)
504338732.png,Facial Expression 27.34 (1),           Angry  7.36 (2),         disgust  5.56 (3),         emotion  3.64 (4),             Sad  2.79 (5)
716556326.png,Facial Expression  3.26 (1),      bridegroom  2.79 (2),         emotion  2.54 (3),           Angry  2.20 (4), baseball player  1.88 (5)
453573172.png,             Sad 20.06 (1),Facial Expression 18.27 (2),           Angry 12.16 (3),         emotion 10.90 (4),         disgust  9.33 (5)
280896207.png,'Geoffroy''s spider monkey  8.97 (1)',         emotion  6.46 (2),   Japanese Chin  5.19 (3),Facial Expression  4.51 (4),        feelings  3.05 (5)
211854578.png,         emotion 19.97 (1),Facial Expression  7.12 (2),             Sad  5.81 (3),           Angry  3.26 (4),        feelings  3.02 (5)
562456230.png,Facial Expression  5.17 (1),             Sad  3.13 (2),           Angry  3.13 (3),         disgust  2.72 (4),      sunglasses  2.26 (5)
356054362.png,             Sad 11.03 (1),Facial Expression  6.80 (2),           Angry  6.19 (3),         emotion  6.09 (4),         disgust  5.21 (5)
240545387.png,Facial Expression  4.27 (1),             Sad  3.03 (2),         disgust  2.98 (3),          wombat  2.47 (4),         emotion  2.39 (5)
575709781.png,         emotion 17.27 (1),Facial Expression 16.47 (2),             Sad  6.25 (3),        feelings  2.86 (4),         disgust  2.65 (5)
389186253.png,Facial Expression  8.62 (1),         emotion  5.48 (2),        feelings  3.33 (3),             Sad  3.03 (4),         website  2.93 (5)
176337341.png,             Sad 17.66 (1),         emotion 13.12 (2),        feelings  4.26 (3),Facial Expression  3.02 (4),             jay  1.09 (5)
72075425.png,         emotion 10.31 (1),             Sad  6.16 (2),Facial Expression  5.35 (3),        feelings  4.30 (4),       harmonica  1.94 (5)
835303362.png,Facial Expression  1.54 (1),     toy terrier  1.00 (2),        vestment  0.95 (3),         website  0.85 (4),     breastplate  0.71 (5)
323503051.png,      black swan 11.90 (1),             Sad  5.45 (2),southern black widow  4.38 (3),Facial Expression  4.11 (4),         emotion  3.86 (5)
640534643.png,   baby pacifier 15.80 (1),        baby bib  9.88 (2),        bassinet  7.70 (3),         emotion  4.52 (4),           Happy  4.12 (5)
979716791.png,   baby pacifier 22.22 (1),        baby bib 13.06 (2),Facial Expression  4.96 (3),          maraca  3.46 (4),        bassinet  2.45 (5)
843504579.png,Facial Expression 12.03 (1),         emotion  4.79 (2),           Angry  2.26 (3),        feelings  1.87 (4),           Happy  1.46 (5)
498567757.png,           indri  7.88 (1),Facial Expression  7.28 (2),         emotion  3.84 (3),          sarong  2.56 (4),        feelings  2.29 (5)
473040873.png,         emotion 25.59 (1),Facial Expression 15.53 (2),             Sad 12.48 (3),        feelings  6.47 (4),           Angry  3.52 (5)
678975408.png,Facial Expression 27.77 (1),        meatloaf  5.82 (2),         disgust  4.75 (3),           Angry  4.75 (4),     face powder  2.75 (5)
680996870.png,rotary dial telephone  8.12 (1),        payphone  3.96 (2),    mobile phone  3.08 (3),        vestment  1.76 (4),     Windsor tie  1.55 (5)
587123186.png,military uniform 53.81 (1),military hat (bearskin or shako) 24.25 (2),     Pickelhaube 10.93 (3),Facial Expression  1.05 (4),     breastplate  0.80 (5)
856991444.png,         emotion  4.76 (1),Facial Expression  3.32 (2),             Sad  2.63 (3),         website  2.05 (4),        feelings  1.59 (5)
143036195.png,         emotion 17.02 (1),             Sad 11.34 (2),Facial Expression 10.48 (3),        feelings  8.30 (4),           Happy  2.10 (5)
971302476.png,         emotion  9.64 (1),        feelings  6.73 (2),             Sad  6.73 (3),Facial Expression  3.84 (4),         website  2.99 (5)
756422621.png,Facial Expression 11.68 (1),         emotion  7.31 (2),             Sad  4.57 (3),        feelings  2.23 (4),      bridegroom  1.97 (5)
508817518.png,Facial Expression 17.20 (1),         emotion 14.94 (2),             Sad  9.95 (3),        feelings  4.28 (4),         website  2.26 (5)
892510204.png,Facial Expression 10.24 (1),             Sad  7.98 (2),         emotion  7.26 (3),        feelings  2.84 (4),         disgust  2.76 (5)
783959126.png,Facial Expression 10.90 (1),         emotion  5.74 (2),           Angry  5.31 (3),         disgust  4.20 (4),             Sad  3.83 (5)
338246026.png,         emotion  5.62 (1),      bridegroom  4.30 (2),        feelings  4.11 (3),       harmonica  3.80 (4),         website  2.17 (5)
692840185.png,      black swan 12.41 (1),      shower cap  9.52 (2),     feather boa  9.36 (3),        hornbill  5.68 (4),     Pickelhaube  2.68 (5)
586464406.png,             Sad  6.48 (1),         emotion  4.25 (2),        feelings  2.24 (3),Facial Expression  1.89 (4),         website  1.83 (5)
530776588.png,      prayer rug  2.87 (1),Facial Expression  2.87 (2),         emotion  2.73 (3),       harmonica  2.00 (4),          maraca  1.94 (5)
793402847.png,Facial Expression  5.22 (1),         emotion  4.33 (2),             Sad  3.53 (3),     poke bonnet  2.08 (4),         disgust  1.86 (5)
951999446.png,         Basenji  6.20 (1),          bulbul  4.83 (2),      shower cap  4.75 (3),     poke bonnet  3.64 (4),       hair clip  3.32 (5)
95919684.png,Facial Expression 33.94 (1),           Angry  7.01 (2),         disgust  6.28 (3),         emotion  2.24 (4),         website  0.75 (5)
417625348.png,Facial Expression  5.88 (1),         emotion  3.51 (2),          weasel  2.45 (3),         disgust  2.27 (4),            newt  2.06 (5)
953240873.png,             Sad 11.90 (1),         emotion 10.51 (2),Facial Expression  5.45 (3),        feelings  3.15 (4),      shower cap  1.97 (5)
727907743.png,         emotion 15.26 (1),        feelings  6.36 (2),Facial Expression  4.44 (3),             Sad  3.30 (4),         website  1.44 (5)
906350681.png,         emotion 10.24 (1),Facial Expression  5.07 (2),             Sad  3.95 (3),        feelings  2.71 (4),             wok  2.18 (5)
198984589.png,         emotion  7.86 (1),Facial Expression  4.99 (2),        feelings  3.83 (3),       saxophone  3.60 (4),       harmonica  2.89 (5)
339745399.png,Facial Expression  9.69 (1),         emotion  2.65 (2),      Lhasa Apso  2.49 (3),           Happy  2.13 (4),      Otterhound  1.82 (5)
870920503.png,           Boxer  8.38 (1),         emotion  5.85 (2),     Windsor tie  4.15 (3),      bridegroom  2.85 (4),             jay  2.72 (5)
212194282.png,Facial Expression 12.59 (1),         emotion 10.78 (2),       harmonica  7.89 (3),     face powder  7.53 (4),        feelings  4.16 (5)
897593993.png,         emotion 10.58 (1),        vestment 10.42 (2),Facial Expression  6.41 (3),      bridegroom  3.60 (4),             Sad  3.28 (5)
134225334.png,           Happy  7.26 (1),        hornbill  5.57 (2),         emotion  3.22 (3),Facial Expression  3.17 (4),      Weimaraner  1.96 (5)
211199836.png,ringlet butterfly  3.19 (1),Welsh Springer Spaniel  2.73 (2),         emotion  2.37 (3),        feelings  1.99 (4), Clumber Spaniel  1.87 (5)
611125431.png,Facial Expression 12.52 (1),         emotion  5.55 (2),         disgust  2.24 (3),         website  2.07 (4),          maraca  2.04 (5)
231691882.png,             Sad  8.18 (1),         emotion  6.68 (2),      bridegroom  5.04 (3),        feelings  4.18 (4),         website  3.86 (5)
808986621.png,            newt 20.97 (1),             Sad  7.59 (2),Facial Expression  4.19 (3),         emotion  4.19 (4),         disgust  3.82 (5)
634367659.png,Chesapeake Bay Retriever 11.48 (1),      Weimaraner  4.71 (2),Labrador Retriever  3.73 (3),      steel drum  3.14 (4),         emotion  2.95 (5)
183743294.png,Facial Expression  2.18 (1),        bolo tie  2.11 (2),             Sad  1.92 (3),         emotion  1.78 (4),         disgust  1.54 (5)
230736477.png,Facial Expression 10.63 (1),         emotion  9.38 (2),           Angry  3.85 (3),      steel drum  3.85 (4),        feelings  3.67 (5)
116619272.png,         website 11.25 (1),Facial Expression 10.24 (2),         emotion  6.41 (3),             Sad  4.69 (4),        feelings  2.84 (5)
210028354.png,Facial Expression 21.23 (1),           Angry  4.18 (2),         emotion  3.75 (3),        meatloaf  3.69 (4),         disgust  2.92 (5)
101931654.png,         emotion  6.59 (1),Facial Expression  6.20 (2),             Sad  5.06 (3),           Boxer  2.04 (4),Rhodesian Ridgeback  1.95 (5)
245345690.png,Facial Expression 22.09 (1),   Gordon Setter  4.63 (2),         emotion  4.28 (3),     face powder  2.72 (4),         website  2.48 (5)
389582522.png,Facial Expression  9.78 (1),   baby pacifier  7.39 (2),         emotion  5.57 (3),             Sad  4.55 (4),        baby bib  3.38 (5)
463702268.png,         emotion  9.89 (1),Facial Expression  8.46 (2),        feelings  4.89 (3),             Sad  4.06 (4),         website  2.50 (5)
572609560.png,Facial Expression  4.46 (1),            oboe  3.53 (2),         website  3.37 (3),         emotion  3.12 (4),      bridegroom  2.58 (5)
87865342.png,   baby pacifier 26.78 (1),        baby bib 18.11 (2),Facial Expression 12.84 (3),         emotion  6.98 (4),           Angry  6.16 (5)
253045159.png,         emotion  3.85 (1),Facial Expression  3.67 (2),American Staffordshire Terrier  2.95 (3),Staffordshire Bull Terrier  2.77 (4),             Sad  2.48 (5)
139143488.png,Facial Expression 22.97 (1),             Sad 10.84 (2),         emotion  9.57 (3),         disgust  3.87 (4),     face powder  2.14 (5)
867884474.png,         emotion 10.57 (1),Facial Expression  6.93 (2),        feelings  2.98 (3),             Sad  2.63 (4),      bridegroom  2.51 (5)
998538825.png,brussels griffon 11.45 (1),  Boston Terrier 11.28 (2),           Angry  7.51 (3),           Boxer  4.09 (4),         emotion  3.90 (5)
724178386.png,        lab coat  1.83 (1),         website  1.78 (2),Facial Expression  1.20 (3),         emotion  0.89 (4),     coffeemaker  0.88 (5)
662966113.png,     Windsor tie 16.08 (1),proboscis monkey  3.37 (2),       Dobermann  3.27 (3),       goldfinch  2.24 (4),         website  1.54 (5)
465200539.png,Facial Expression  5.66 (1),         emotion  4.14 (2),           Angry  2.36 (3),        meatloaf  2.29 (4),         disgust  1.46 (5)
292545234.png,Facial Expression 14.80 (1),         emotion  5.53 (2),            lynx  2.65 (3),         website  2.45 (4),             Sad  2.17 (5)
739200594.png,Facial Expression 16.73 (1),         emotion 10.48 (2),           Angry  5.35 (3),         disgust  4.95 (4),             Sad  4.65 (5)
785787679.png,Facial Expression  8.87 (1),      bridegroom  2.97 (2),         emotion  2.88 (3),         disgust  2.83 (4),         website  2.83 (5)
896669620.png,Facial Expression  5.00 (1),        hornbill  3.55 (2),         emotion  2.94 (3),Bedlington Terrier  2.81 (4),      bridegroom  1.84 (5)
353491716.png,Facial Expression  1.86 (1),Bluetick Coonhound  1.22 (2),         website  1.18 (3),Treeing Walker Coonhound  0.99 (4),         emotion  0.98 (5)
773597588.png,      bridegroom 43.81 (1),        vestment 10.24 (2),           abaya  3.95 (3),Facial Expression  3.43 (4),      prayer rug  2.76 (5)
783251016.png,      black swan 18.88 (1),southern black widow  2.25 (2),           indri  1.75 (3),        Papillon  1.46 (4),     green mamba  1.46 (5)
165209593.png,         emotion 15.58 (1),Facial Expression 14.41 (2),             Sad  5.91 (3),        feelings  4.98 (4),     face powder  3.22 (5)
829539343.png,Facial Expression 11.06 (1),         disgust  3.71 (2),           Angry  3.17 (3),         emotion  2.36 (4),         website  1.11 (5)
213532309.png,          bulbul  7.98 (1),           indri  5.49 (2),             Sad  3.08 (3),         emotion  2.76 (4),Facial Expression  2.25 (5)
836605925.png,           cloak  3.24 (1),             Sad  2.95 (2),Facial Expression  2.69 (3),         emotion  2.26 (4),        feelings  1.51 (5)
812445027.png,Facial Expression  9.73 (1),         gorilla  6.69 (2),           Boxer  6.19 (3),     Windsor tie  4.25 (4),           Angry  2.70 (5)
374993262.png,Facial Expression  2.78 (1),         website  2.49 (2),     breastplate  1.44 (3),         emotion  1.38 (4),       miniskirt  1.14 (5)
508952180.png,Facial Expression  7.62 (1),         emotion  4.02 (2),         website  2.55 (3),        feelings  1.53 (4),         disgust  1.48 (5)
384466206.png,Facial Expression  4.07 (1),     toy terrier  3.59 (2),        marmoset  2.08 (3),    patas monkey  1.75 (4),          guenon  1.62 (5)
173573441.png,             Sad 15.99 (1),Facial Expression 15.99 (2),         emotion 12.07 (3),           Angry  5.52 (4),        feelings  4.37 (5)
909440941.png,         emotion 13.62 (1),        feelings  5.42 (2),Facial Expression  4.86 (3),             Sad  4.86 (4),     poke bonnet  2.40 (5)
288373684.png,Facial Expression 13.52 (1),           Angry  7.82 (2),         emotion  7.36 (3),         disgust  7.24 (4),             Sad  2.88 (5)
508659197.png,           Angry 13.07 (1),Facial Expression  9.27 (2),         gorilla  5.12 (3),         emotion  3.69 (4),           Boxer  3.69 (5)
993774993.png,         emotion  9.66 (1),             Sad  8.00 (2),        feelings  6.63 (3),Facial Expression  5.68 (4),       harmonica  3.96 (5)
580200498.png,Facial Expression 17.61 (1),         emotion 10.68 (2),         disgust  7.23 (3),           Angry  6.58 (4),        feelings  4.25 (5)
70647648.png,Facial Expression 10.13 (1),         emotion  6.96 (2),     Windsor tie  3.79 (3),         disgust  2.95 (4),           Happy  1.96 (5)
515463125.png,           Angry 17.94 (1),Facial Expression 11.23 (2),         disgust  6.60 (3),         emotion  3.59 (4),        meatloaf  3.37 (5)
118468249.png,Facial Expression  5.10 (1),         emotion  2.00 (2),     toy terrier  1.66 (3),         website  1.55 (4),           Happy  1.42 (5)
73352151.png,Facial Expression  7.33 (1),         disgust  4.81 (2),           Angry  4.31 (3),             Sad  3.80 (4),         emotion  2.78 (5)
985782356.png,         emotion  9.80 (1),Facial Expression  8.78 (2),             Sad  6.63 (3),        feelings  2.90 (4),           Angry  2.90 (5)
19992381.png,     Windsor tie 12.39 (1),      chiffonier  9.21 (2),         website  2.37 (3),      bridegroom  2.22 (4),         bow tie  1.99 (5)
647928033.png,Facial Expression  9.13 (1),             Sad  7.34 (2),         emotion  6.27 (3),        feelings  2.79 (4),         disgust  2.58 (5)
522816159.png,         disgust  9.63 (1),         emotion  5.40 (2),           Angry  4.92 (3),Facial Expression  4.01 (4),             Sad  3.71 (5)
747262448.png,         emotion 12.55 (1),             Sad 10.40 (2),Facial Expression  9.62 (3),           Angry  4.40 (4),         disgust  3.83 (5)
31062843.png,         emotion 16.50 (1),Facial Expression 13.89 (2),             Sad  7.32 (3),        feelings  5.19 (4),         website  2.96 (5)
750862716.png,         emotion  6.91 (1),             Sad  6.70 (2),    hippopotamus  2.88 (3),        feelings  2.84 (4),         website  2.84 (5)
184520740.png,         emotion  7.10 (1),        feelings  5.80 (2),         website  3.86 (3),Facial Expression  2.53 (4),             Sad  2.03 (5)
253608807.png,         website 43.16 (1),            iPod  1.30 (2),           modem  0.84 (3),   digital clock  0.62 (4),       pan flute  0.59 (5)
231873577.png,black-and-white colobus  1.56 (1),Facial Expression  1.38 (2),     Windsor tie  1.38 (3),           modem  1.22 (4),        vestment  1.18 (5)
836334105.png,Facial Expression 24.12 (1),         emotion  9.30 (2),           Angry  5.82 (3),         disgust  4.98 (4),        baby bib  3.47 (5)
40040054.png,Facial Expression  6.94 (1),      Weimaraner  2.94 (2),         emotion  2.08 (3),         website  1.67 (4),          maraca  1.32 (5)
599890921.png,Facial Expression 14.95 (1),         emotion  5.25 (2),           Angry  2.95 (3),             Sad  2.85 (4),        baby bib  2.72 (5)
818809580.png,            newt  9.73 (1),     Windsor tie  7.12 (2),Facial Expression  7.01 (3),      bridegroom  5.63 (4),        bolo tie  2.70 (5)
172595853.png,Facial Expression 28.64 (1),      bridegroom  2.97 (2),      neck brace  2.50 (3),         website  1.67 (4),            mask  1.54 (5)
498731900.png,Facial Expression  5.39 (1),      bridegroom  4.33 (2),         emotion  3.88 (3), baseball player  1.54 (4),      rugby ball  1.50 (5)
71398239.png,Facial Expression 30.28 (1),         disgust  5.78 (2),         emotion  5.02 (3),           Angry  3.40 (4),        baby bib  3.34 (5)
881427005.png,        feelings  7.75 (1),             Sad  7.39 (2),         emotion  7.27 (3),Facial Expression  5.08 (4),          pillow  3.55 (5)
923684065.png,         emotion  6.19 (1),Facial Expression  4.75 (2),             Sad  3.11 (3),        feelings  2.88 (4),           Angry  2.54 (5)
870455695.png,Facial Expression  5.00 (1),           Angry  2.52 (2),            newt  2.36 (3),         disgust  1.90 (4),             Sad  1.84 (5)
847928309.png,         emotion  6.91 (1),Facial Expression  6.49 (2),             Sad  4.68 (3),        feelings  3.32 (4),     poke bonnet  2.62 (5)
368157995.png,Facial Expression  6.30 (1),         emotion  3.71 (2),      bridegroom  3.43 (3),     face powder  2.59 (4),   baby pacifier  2.43 (5)
501658887.png,          bulbul 11.03 (1),Facial Expression 11.03 (2),         emotion 10.70 (3),             fig  4.75 (4),             Sad  3.06 (5)
746332845.png,         website  2.22 (1),         emotion  1.81 (2),             Sad  1.73 (3),        feelings  1.55 (4),       pan flute  1.24 (5)
4570401.png,baluster / handrail 17.08 (1),     fire screen  4.05 (2),   front curtain  3.75 (3),      hair spray  3.63 (4),       harmonica  3.21 (5)
365046808.png,Facial Expression 14.93 (1),         emotion 13.80 (2),        feelings  7.39 (3),             Sad  5.16 (4),           Angry  3.60 (5)
829556626.png,Facial Expression 15.23 (1),         emotion  8.95 (2),        feelings  3.51 (3),     face powder  3.51 (4),           Angry  2.13 (5)
808247513.png,         emotion 12.66 (1),Facial Expression  8.57 (2),             Sad  6.27 (3),        feelings  3.86 (4),         thimble  3.69 (5)
418622018.png,         emotion 18.28 (1),Facial Expression 15.39 (2),             Sad  9.95 (3),           Angry  4.62 (4),        feelings  4.48 (5)
624206137.png,     Pickelhaube  5.21 (1),           Angry  4.18 (2),Facial Expression  3.87 (3),         emotion  3.81 (4),            mask  2.97 (5)
297436072.png,             Sad 18.38 (1),         emotion  8.81 (2),Facial Expression  8.54 (3),         disgust  4.36 (4),        marmoset  2.00 (5)
798550163.png,       harmonica  6.46 (1),     Pickelhaube  4.18 (2),       pan flute  2.42 (3),            oboe  2.24 (4),military hat (bearskin or shako)  2.00 (5)
9158415.png,         website  1.85 (1),         emotion  1.82 (2),         thimble  1.74 (3),          bulbul  1.54 (4),gymnastic horizontal bar  1.46 (5)
474165156.png,Facial Expression 12.44 (1),           Boxer  9.10 (2),         emotion  4.43 (3),           Angry  2.23 (4),       harmonica  2.10 (5)
676261312.png,Facial Expression 13.20 (1),           Angry  8.52 (2),             Sad  8.38 (3),         emotion  8.25 (4),         disgust  6.04 (5)
218700478.png,Facial Expression  7.20 (1),         emotion  4.79 (2),   baby pacifier  4.72 (3),        baby bib  4.36 (4),             Sad  2.86 (5)
107087300.png,         website  3.34 (1),         emotion  2.22 (2),        feelings  1.35 (3),      black swan  1.27 (4),    punching bag  1.15 (5)
599822294.png,Facial Expression 13.70 (1),         emotion  8.30 (2),        feelings  4.73 (3),             Sad  2.78 (4),    Egyptian Mau  2.42 (5)
189642589.png,Facial Expression  8.87 (1),         emotion  5.82 (2),             Sad  3.88 (3),        feelings  2.50 (4),         disgust  1.86 (5)
634378791.png,           indri  6.87 (1),         emotion  5.78 (2),Facial Expression  5.52 (3),        feelings  2.82 (4),             Sad  2.57 (5)
81859333.png,             Sad 25.34 (1),         emotion 21.00 (2),Facial Expression  8.48 (3),        feelings  4.33 (4),         disgust  2.80 (5)
510250943.png,             Sad  6.86 (1),         emotion  6.14 (2),Facial Expression  5.10 (3),        feelings  4.29 (4),         website  2.95 (5)
105802755.png,         emotion  5.36 (1),        feelings  4.45 (2),             Sad  4.11 (3),         website  2.82 (4),      bridegroom  2.45 (5)
743468648.png,Facial Expression  3.43 (1),      bridegroom  2.84 (2),    hippopotamus  2.71 (3),         emotion  2.67 (4),              ox  2.39 (5)
549129008.png,            newt  4.11 (1),             jay  3.15 (2),           cello  3.01 (3),        feelings  2.61 (4),         emotion  2.30 (5)
991556847.png,     poke bonnet  4.89 (1),Facial Expression  4.60 (2),balaclava ski mask  2.28 (3),Redbone Coonhound  1.98 (4),        fur coat  1.26 (5)
157627358.png,Facial Expression  5.35 (1),           Angry  1.74 (2),        vestment  1.68 (3),      bridegroom  1.53 (4),              ox  1.48 (5)
991733650.png,Facial Expression 32.66 (1),           Angry 21.08 (2),         disgust  9.35 (3),         emotion  5.67 (4),        meatloaf  3.96 (5)
141124544.png,Facial Expression 10.78 (1),            mask  3.23 (2),           Angry  3.14 (3),         emotion  2.77 (4),     poke bonnet  2.72 (5)
238638707.png,Facial Expression 18.97 (1),         emotion  5.88 (2),         disgust  4.72 (3),     poke bonnet  3.15 (4),             Sad  3.10 (5)
67086130.png,Facial Expression 12.27 (1),         emotion  7.10 (2),             Sad  3.86 (3),        feelings  2.65 (4),            newt  2.17 (5)
827600568.png,         emotion 24.34 (1),             Sad 15.23 (2),        feelings  7.54 (3),Facial Expression  5.35 (4),         website  2.45 (5)
546065385.png,ringlet butterfly  5.61 (1),Facial Expression  4.11 (2),         emotion  2.49 (3), Clumber Spaniel  2.41 (4),         website  2.30 (5)
731842464.png,        baby bib 19.45 (1),   baby pacifier 19.16 (2),           Happy  8.24 (3),Facial Expression  6.73 (4),        bassinet  4.92 (5)
483104105.png,American Staffordshire Terrier 16.83 (1),           Boxer 12.49 (2),Facial Expression  9.89 (3),           Angry  3.06 (4),         emotion  2.54 (5)
597502872.png,         emotion 11.13 (1),             Sad  7.65 (2),        feelings  5.34 (3),Facial Expression  3.85 (4),       harmonica  3.45 (5)
976432138.png,Facial Expression 12.52 (1),         emotion 10.71 (2),             Sad  4.98 (3),        feelings  2.58 (4),      Dutch oven  2.35 (5)
503940220.png,         emotion  4.43 (1),Facial Expression  4.03 (2),         website  3.39 (3),        feelings  2.73 (4),      hair spray  2.19 (5)
676067895.png,       Pekingese 10.96 (1),        Shih Tzu  8.54 (2),   Japanese Chin  3.45 (3),brussels griffon  2.45 (4),   Affenpinscher  2.33 (5)
583618942.png,Facial Expression 21.19 (1),         emotion  5.45 (2),         disgust  2.23 (3),           Happy  1.58 (4),        feelings  1.49 (5)
624038923.png,Facial Expression  4.38 (1),         emotion  3.68 (2),      bridegroom  3.57 (3), baseball player  2.38 (4),             Sad  2.27 (5)
593612956.png,             Sad 20.36 (1),         emotion 12.35 (2),        feelings  9.77 (3),           Angry  2.89 (4),         disgust  2.80 (5)
112769831.png,Facial Expression  7.77 (1),         emotion  4.64 (2),        baby bib  2.90 (3),   baby pacifier  2.52 (4),             Sad  2.44 (5)
580168796.png,Facial Expression 26.25 (1),         emotion  8.79 (2),             Sad  4.42 (3),        feelings  2.64 (4),         disgust  2.52 (5)
708503794.png,      shower cap 15.32 (1),      chain mail 10.20 (2),     poke bonnet  6.79 (3),Facial Expression  4.97 (4),         emotion  3.31 (5)
387009967.png,Facial Expression  6.66 (1),         emotion  5.52 (2),         website  3.15 (3),        feelings  1.61 (4),     green mamba  1.29 (5)
602486389.png,ringlet butterfly  2.69 (1),           daisy  2.49 (2),        lorikeet  2.10 (3),           acorn  1.27 (4),   reflex camera  1.12 (5)
518918224.png,     Pickelhaube 20.97 (1),Facial Expression 17.94 (2),      prayer rug  3.16 (3),      bridegroom  2.84 (4),         emotion  2.62 (5)
387164217.png,          bulbul  4.71 (1),Facial Expression  4.29 (2),           indri  1.96 (3),           agama  1.93 (4),         website  1.82 (5)
766497758.png,Facial Expression 13.85 (1),         emotion  5.42 (2),    Ibizan Hound  1.68 (3),        feelings  1.60 (4),         website  1.55 (5)
249277205.png,   baby pacifier 21.73 (1),        baby bib 18.88 (2),Facial Expression 14.48 (3),         emotion  7.87 (4),           Angry  7.16 (5)
801476122.png,         emotion 14.08 (1),Facial Expression 13.02 (2),proboscis monkey  4.04 (3),   howler monkey  3.19 (4),             Sad  2.69 (5)
312353838.png,      sunglasses 18.25 (1),      sunglasses 18.25 (2),           Boxer  4.84 (3),           Angry  4.47 (4),         disgust  2.11 (5)
782747873.png,        vestment 11.48 (1),   academic gown  6.45 (2),      bridegroom  5.26 (3),     Windsor tie  3.50 (4),      chiffonier  2.60 (5)
680638797.png,Facial Expression  7.75 (1),         emotion  6.32 (2),           Angry  4.15 (3),             Sad  3.60 (4),            mask  2.44 (5)
736724511.png,         emotion 15.20 (1),             Sad 11.84 (2),Facial Expression  7.53 (3),           Angry  6.34 (4),        meatloaf  5.86 (5)
907422973.png,           indri 13.33 (1),Facial Expression  5.39 (2),         website  2.58 (3),          bulbul  2.58 (4),         emotion  2.35 (5)
915215339.png,Facial Expression  6.25 (1),          weasel  4.57 (2),         disgust  3.62 (3),           Angry  2.34 (4),         emotion  2.30 (5)
344664952.png,Facial Expression 36.00 (1),           Angry 14.32 (2),         emotion  6.66 (3),         disgust  3.98 (4),           indri  3.05 (5)
386992709.png,Facial Expression 13.91 (1),         emotion  4.45 (2),             Sad  4.45 (3),         disgust  4.18 (4),        feelings  2.24 (5)
991935806.png,        Keeshond  4.26 (1),     Windsor tie  3.53 (2),          gibbon  2.54 (3),          Kuvasz  2.43 (4),      bridegroom  1.75 (5)
955492748.png,Facial Expression 15.36 (1),         emotion  7.96 (2),          weasel  3.53 (3),           Angry  3.48 (4),         disgust  2.01 (5)
316501579.png,        feelings  4.14 (1),         emotion  3.43 (2),     oxygen mask  3.33 (3),   baby pacifier  2.94 (4),      hair spray  2.85 (5)
893187838.png,         emotion  5.06 (1),        feelings  4.90 (2),             Sad  4.06 (3),         website  2.50 (4),      bridegroom  1.86 (5)
105462805.png,         emotion 13.71 (1),             Sad 11.37 (2),        feelings  8.58 (3),Facial Expression  3.26 (4),         disgust  2.04 (5)
83706184.png,Facial Expression 23.89 (1),     face powder  3.28 (2),           indri  2.37 (3),         emotion  2.26 (4),           Angry  1.73 (5)
97532481.png,Facial Expression 19.84 (1),         emotion 15.21 (2),        feelings  6.75 (3),           Angry  2.52 (4),       harmonica  2.52 (5)
361833578.png,         emotion 20.67 (1),             Sad 11.06 (2),        feelings 10.23 (3),Facial Expression  4.76 (4),         website  2.80 (5)
910168175.png,American Staffordshire Terrier  4.13 (1),     Pickelhaube  3.70 (2),Facial Expression  2.62 (3),        bolo tie  2.62 (4),        Malinois  2.32 (5)
343924489.png,Facial Expression 31.98 (1),         disgust 10.71 (2),           Angry  9.02 (3),         emotion  3.27 (4),             Sad  2.71 (5)
331864086.png,          weasel  5.79 (1),Facial Expression  5.44 (2),         emotion  4.65 (3),         vulture  2.70 (4),           Angry  2.00 (5)
12024529.png,Facial Expression 10.98 (1),         emotion  5.61 (2), baseball player  4.10 (3),     poke bonnet  3.20 (4),        feelings  1.61 (5)
861971531.png,Facial Expression  2.96 (1),         emotion  2.91 (2),             Sad  2.53 (3),         website  2.17 (4),        feelings  1.74 (5)
58741647.png,Facial Expression  9.05 (1), baseball player  4.70 (2),           Boxer  2.94 (3),         emotion  2.80 (4),         website  2.25 (5)
394619041.png,           Angry 13.62 (1),         disgust 11.84 (2),Facial Expression  5.68 (3),            newt  2.68 (4),         emotion  2.44 (5)
953006289.png,Facial Expression 10.09 (1),         emotion  9.34 (2),             Sad  5.66 (3),           Happy  3.23 (4),        feelings  2.47 (5)
572449105.png,Facial Expression  8.36 (1),impala (antelope)  6.82 (2),         emotion  4.84 (3),      bridegroom  4.48 (4),             jay  3.89 (5)
805204098.png,Facial Expression  1.75 (1),         emotion  1.57 (2),         website  1.39 (3),ring-tailed lemur  1.32 (4),         wallaby  1.11 (5)
581350787.png,         website  3.98 (1),           Boxer  3.74 (2),         emotion  3.40 (3),      bridegroom  2.57 (4),             Sad  2.16 (5)
773487983.png,Facial Expression 20.20 (1),         emotion  9.54 (2),             Sad  8.69 (3),         disgust  4.95 (4),        feelings  3.62 (5)
151598855.png,         emotion  5.71 (1),        feelings  3.16 (2),          Kuvasz  3.16 (3),         website  2.35 (4),         vulture  1.94 (5)
421684948.png,            newt 10.70 (1),         emotion  5.05 (2),             Sad  3.76 (3),           Angry  2.39 (4),Facial Expression  1.72 (5)
607975750.png,Facial Expression 21.39 (1),           Angry 10.10 (2),   baby pacifier  7.63 (3),        baby bib  7.05 (4),         disgust  5.08 (5)
472245882.png,     Windsor tie  6.95 (1),Facial Expression  3.39 (2),      bridegroom  3.18 (3),        bolo tie  1.55 (4),      neck brace  1.48 (5)
570250487.png,             Sad 23.05 (1),         emotion 13.55 (2),Facial Expression  8.61 (3),        baby bib  5.06 (4),   baby pacifier  3.71 (5)
356305508.png,Facial Expression 13.41 (1),      shower cap 10.78 (2),         emotion  4.42 (3),      bridegroom  3.14 (4),      basketball  2.68 (5)
429167436.png,    crash helmet 19.78 (1),     breastplate  3.60 (2),      neck brace  3.55 (3),Facial Expression  3.39 (4),     Pickelhaube  3.23 (5)
353787598.png,Facial Expression  2.26 (1),         emotion  2.09 (2),         website  2.06 (3),           Happy  1.66 (4),      Lhasa Apso  1.61 (5)
789522922.png,          bulbul  6.80 (1),         emotion  4.39 (2),        feelings  3.53 (3),Facial Expression  2.88 (4),         website  2.88 (5)
139759874.png, football helmet  6.07 (1),         emotion  3.68 (2),         gazelle  3.25 (3), baseball player  2.06 (4),         gorilla  1.71 (5)
217366161.png,Facial Expression 23.56 (1),         emotion  7.41 (2),        baby bib  4.94 (3),             Sad  3.61 (4),          bulbul  2.64 (5)
831058804.png,Redbone Coonhound  2.40 (1),        feelings  2.05 (2),             Sad  2.02 (3),Facial Expression  1.84 (4),      shower cap  1.60 (5)
972712973.png,         emotion  6.00 (1),             Sad  4.60 (2),Facial Expression  4.53 (3),         disgust  2.21 (4),        feelings  1.98 (5)
63168598.png,        feelings  1.48 (1),         emotion  1.46 (2),         website  1.35 (3),Facial Expression  1.12 (4),  Carolina anole  0.90 (5)
262709086.png,     face powder  7.34 (1),Facial Expression  4.89 (2),        lipstick  3.87 (3),         emotion  2.97 (4),            mask  2.17 (5)
103489461.png,        grey fox 10.81 (1),         kit fox  6.98 (2),      bridegroom  2.38 (3),           tench  2.34 (4),         website  2.20 (5)
36676195.png,         emotion  2.21 (1),             Sad  2.05 (2),         website  1.73 (3),Facial Expression  1.65 (4),        feelings  1.62 (5)
938401573.png,     Windsor tie  5.25 (1),Facial Expression  2.90 (2),        vestment  2.03 (3),         disgust  1.96 (4),      bridegroom  1.60 (5)
458602667.png,           indri 10.17 (1),Facial Expression  3.05 (2),         emotion  2.87 (3),        feelings  2.53 (4),             Sad  2.27 (5)
608351071.png,         emotion  9.58 (1),        feelings  8.06 (2),             Sad  8.06 (3),Facial Expression  3.63 (4),         website  3.16 (5)
422295690.png,Facial Expression 15.87 (1),         emotion  9.33 (2),             Sad  6.51 (3),           Angry  2.47 (4),   baby pacifier  2.43 (5)
814760677.png,Facial Expression 21.12 (1),      bridegroom  7.18 (2),        bolo tie  6.86 (3),           Angry  5.34 (4), baseball player  3.67 (5)
752050497.png,Facial Expression 11.68 (1),         emotion  3.29 (2),         wallaby  3.09 (3),        feelings  1.91 (4),     face powder  1.91 (5)
118654141.png,         emotion  3.16 (1),Facial Expression  3.07 (2),         disgust  2.39 (3),        vestment  2.21 (4),             Sad  1.83 (5)
89390790.png,     Windsor tie  2.22 (1),          weasel  1.87 (2),Facial Expression  1.41 (3),         Maltese  1.41 (4),        vestment  1.37 (5)
598869741.png,Facial Expression  3.62 (1),         emotion  1.25 (2),        bolo tie  1.05 (3),        meatloaf  0.87 (4),    Ibizan Hound  0.76 (5)
673926653.png,     face powder 10.28 (1),Facial Expression  5.25 (2),         thimble  4.56 (3),         perfume  1.84 (4),     oxygen mask  1.84 (5)
496379442.png,Facial Expression  6.48 (1),         emotion  3.81 (2),   baby pacifier  3.63 (3),        baby bib  3.41 (4),             jay  2.50 (5)
643315881.png,      bridegroom  7.18 (1),         emotion  6.95 (2),           Angry  5.86 (3),Facial Expression  4.86 (4), baseball player  3.78 (5)
296368517.png,white-headed capuchin 10.28 (1),European polecat  6.34 (2),          weasel  3.39 (3),Facial Expression  3.09 (4),         emotion  2.60 (5)
974828901.png,Facial Expression 17.06 (1),         emotion  9.42 (2),         disgust  7.23 (3),             Sad  4.52 (4),           Angry  4.32 (5)
475548124.png,Facial Expression 17.89 (1),         emotion  6.48 (2),         disgust  2.97 (3),        feelings  2.38 (4),             Sad  2.38 (5)
425268445.png,Facial Expression 23.94 (1),         emotion  8.95 (2),           Angry  8.95 (3),        baby bib  8.27 (4),   baby pacifier  4.57 (5)
489026031.png,            mask 38.59 (1),balaclava ski mask 29.12 (2),           indri  2.47 (3),gas mask or respirator  1.59 (4),Facial Expression  1.54 (5)
770570945.png,Facial Expression 14.80 (1),             jay  6.78 (2),         emotion  6.17 (3),      basketball  4.25 (4),           Boxer  3.41 (5)
475272770.png,Facial Expression 11.15 (1),     Windsor tie  5.88 (2),        bolo tie  3.56 (3),         emotion  3.51 (4),        meatloaf  3.20 (5)
686081959.png,      bridegroom  6.79 (1),         website  2.79 (2),Italian Greyhound  2.35 (3),     Windsor tie  1.52 (4),         emotion  1.14 (5)
790978455.png,Facial Expression  6.16 (1),         emotion  3.74 (2),     poke bonnet  2.65 (3),        feelings  2.53 (4),             Sad  1.91 (5)
261839260.png,         emotion 10.90 (1),           Angry 10.56 (2),Facial Expression  9.18 (3),        meatloaf  7.73 (4),         disgust  6.61 (5)
385979944.png,Facial Expression 19.56 (1),           Angry  9.53 (2),         emotion  4.36 (3),         disgust  4.16 (4),             Sad  2.95 (5)
130179976.png,Facial Expression 10.13 (1),         emotion  5.95 (2),             Sad  5.86 (3),         disgust  5.17 (4),           Angry  2.48 (5)
237124055.png,         emotion 20.23 (1),        feelings 13.69 (2),Facial Expression  5.62 (3),             Sad  4.58 (4),         website  2.17 (5)
840472643.png,         emotion 32.81 (1),             Sad 10.82 (2),        feelings  6.66 (3),Facial Expression  4.30 (4),  Boston Terrier  2.61 (5)
326692608.png,Facial Expression  4.52 (1),         emotion  3.36 (2),        feelings  2.04 (3),         website  1.88 (4),      bridegroom  1.77 (5)
444750443.png,Facial Expression  7.54 (1),        hornbill  5.27 (2),         emotion  5.11 (3),     face powder  4.37 (4),        feelings  2.49 (5)
31418504.png,        baby bib 11.33 (1),   baby pacifier  5.88 (2),Facial Expression  5.27 (3),military hat (bearskin or shako)  2.65 (4),     poke bonnet  2.49 (5)
506697867.png,     black stork  3.63 (1),         emotion  3.26 (2),         website  2.66 (3),Facial Expression  2.31 (4),     white stork  1.77 (5)
326455688.png,      sunglasses 10.05 (1),      sunglasses 10.05 (2),Facial Expression  1.80 (3),     Windsor tie  1.62 (4),         website  1.59 (5)
666788050.png,             Sad 35.44 (1),         emotion 13.24 (2),        feelings  9.69 (3),Facial Expression  3.30 (4),         website  1.68 (5)
337288652.png,         emotion 11.66 (1),             Sad  5.86 (2),        feelings  5.68 (3),Facial Expression  4.43 (4),         website  3.39 (5)
954265422.png,         emotion  3.26 (1),        feelings  2.62 (2),Facial Expression  2.14 (3),      neck brace  1.67 (4),     toy terrier  1.57 (5)
878693148.png,    patas monkey  3.24 (1),     toy terrier  2.45 (2),          bulbul  2.41 (3),American Staffordshire Terrier  1.51 (4),    Ibizan Hound  1.49 (5)
879268968.png,         emotion 12.74 (1),           Angry  9.32 (2),Facial Expression  8.89 (3),         disgust  7.26 (4),             Sad  6.82 (5)
433665513.png,Facial Expression 11.84 (1),           Angry  7.88 (2),         emotion  7.52 (3),         disgust  3.13 (4),          baboon  1.37 (5)
214460269.png,Facial Expression 14.70 (1),      bridegroom  7.39 (2),         emotion  5.49 (3),           Angry  5.24 (4),         disgust  4.08 (5)
896122174.png,Facial Expression 14.89 (1),           Angry 10.09 (2),         emotion  4.76 (3),         disgust  3.95 (4),             Sad  2.71 (5)
249048636.png,'Geoffroy''s spider monkey  7.82 (1)',Facial Expression  5.05 (2),     Windsor tie  2.88 (3),            suit  2.83 (4),         emotion  2.38 (5)
772461664.png,Facial Expression  8.12 (1),         emotion  5.76 (2),         website  5.41 (3),        feelings  3.84 (4),             Sad  2.52 (5)
181330373.png,         emotion  6.17 (1),Facial Expression  5.20 (2),         website  3.68 (3),        feelings  3.15 (4),             Sad  2.74 (5)
299360675.png,           indri  1.28 (1),         emotion  1.22 (2),Facial Expression  1.20 (3),        feelings  1.06 (4),             Sad  1.01 (5)
801931688.png,      bridegroom  3.85 (1),           Angry  3.79 (2),Facial Expression  3.73 (3),           Boxer  2.73 (4),      Dutch oven  2.69 (5)
332005009.png,           Angry  5.79 (1),Facial Expression  4.88 (2),         disgust  3.25 (3),            mask  2.38 (4),        meatloaf  1.79 (5)
238771029.png,             Sad 12.57 (1),         emotion  9.34 (2),Facial Expression  6.52 (3),           Angry  4.70 (4),        feelings  3.78 (5)
755917039.png,           junco  3.46 (1),Facial Expression  2.00 (2),balaclava ski mask  2.00 (3),         emotion  1.91 (4),             Sad  1.35 (5)
270761469.png,Facial Expression 10.10 (1),         emotion  5.85 (2),        feelings  4.02 (3),             Sad  3.13 (4),     poke bonnet  1.68 (5)
854506780.png,Facial Expression  8.21 (1),         emotion  5.22 (2),       harmonica  4.61 (3),           Angry  3.76 (4),         disgust  2.84 (5)
484150622.png, baseball player 18.78 (1),         emotion 13.30 (2),Facial Expression  9.44 (3),          racket  1.95 (4),           Angry  1.92 (5)
133970014.png,Facial Expression  7.93 (1),         emotion  6.79 (2),        feelings  4.38 (3),             Sad  3.26 (4),         website  3.26 (5)
20442560.png,         emotion  3.47 (1),Facial Expression  2.24 (2),             Sad  2.07 (3),          weasel  1.86 (4),      bridegroom  1.67 (5)
117577068.png,           Angry  3.56 (1),         emotion  2.82 (2),Facial Expression  2.57 (3),         disgust  1.74 (4),      bridegroom  1.16 (5)
903388925.png,         emotion  4.84 (1),      prayer rug  4.69 (2),             Sad  3.77 (3),         website  3.17 (4),        feelings  2.51 (5)
285699099.png,Facial Expression 22.91 (1),         emotion  6.46 (2),         disgust  5.44 (3),           Angry  4.44 (4),             Sad  2.34 (5)
364665535.png,Facial Expression 26.81 (1),         emotion 13.70 (2),        feelings  2.61 (3),             Sad  2.46 (4),         disgust  2.20 (5)
229058305.png,             Sad  8.73 (1),Facial Expression  8.60 (2),         emotion  8.08 (3),        feelings  4.12 (4),           Angry  2.07 (5)
894255247.png,Facial Expression  6.54 (1),         emotion  4.86 (2),           Happy  3.19 (3),         website  2.56 (4),      shower cap  1.71 (5)
756221653.png,Facial Expression 20.23 (1),          bulbul 11.52 (2),         emotion  5.80 (3),           abaya  5.36 (4),           indri  4.24 (5)
489178295.png,      bridegroom  5.98 (1),Facial Expression  4.31 (2),    handkerchief  2.10 (3),         kit fox  2.10 (4),     Windsor tie  1.66 (5)
950520933.png,         emotion  2.32 (1),           junco  2.02 (2),         website  1.78 (3),      bridegroom  1.24 (4),American Staffordshire Terrier  1.00 (5)
124961362.png,             Sad 12.15 (1),         emotion 10.39 (2),        feelings  7.37 (3),Facial Expression  4.91 (4),         disgust  2.11 (5)
340717148.png,         emotion 15.69 (1),           Angry 11.66 (2),Facial Expression  9.97 (3),         disgust  3.55 (4),             Sad  3.50 (5)
726236654.png,Facial Expression 17.97 (1),     face powder 13.56 (2),         emotion  4.69 (3),      bridegroom  2.67 (4),Italian Greyhound  2.43 (5)
462869579.png,Facial Expression 12.55 (1),         emotion  7.38 (2),           Angry  3.08 (3),        feelings  2.98 (4),         website  2.84 (5)
829561013.png,Facial Expression  6.94 (1),         emotion  3.18 (2),         website  2.15 (3),            mink  1.93 (4),         vulture  1.48 (5)
789785720.png,     Windsor tie 16.48 (1),Facial Expression  3.92 (2),         emotion  3.80 (3),        vestment  3.57 (4),         bow tie  2.61 (5)
308121046.png,         emotion 10.55 (1),             Sad  9.31 (2),Facial Expression  7.61 (3),        feelings  4.68 (4),         disgust  1.98 (5)
384398255.png,            newt 16.00 (1),Facial Expression  6.99 (2),         disgust  6.37 (3),             Sad  3.80 (4),         emotion  2.87 (5)
666421579.png,             Sad  7.55 (1),         emotion  7.55 (2),      shower cap  5.98 (3),Facial Expression  4.88 (4),  shower curtain  3.41 (5)
689612065.png,Facial Expression 11.53 (1),         disgust  5.80 (2),         emotion  4.96 (3),           Angry  3.98 (4),             Sad  2.96 (5)
508268217.png,         website  4.48 (1),             Sad  2.36 (2),         emotion  1.99 (3),        feelings  1.48 (4),          muzzle  1.43 (5)
945038417.png,Facial Expression  7.66 (1),      shower cap  1.85 (2),      prayer rug  1.82 (3),   academic gown  1.44 (4),        hair wig  1.37 (5)
190716536.png,Facial Expression  5.38 (1),         website  3.37 (2),         emotion  3.07 (3),      bridegroom  1.98 (4),           Angry  1.92 (5)
794919512.png,         website  3.41 (1),Facial Expression  2.42 (2),           Happy  2.31 (3),         emotion  1.38 (4),         Neutral  1.06 (5)
354811522.png,             Sad 15.39 (1),         emotion 13.38 (2),Facial Expression 12.57 (3),        feelings  3.89 (4),         disgust  2.68 (5)
678786324.png,        baby bib 17.11 (1),   baby pacifier 11.76 (2),        bassinet  4.68 (3),           Happy  4.33 (4),          diaper  3.59 (5)
65653193.png,Facial Expression  6.83 (1),         emotion  6.51 (2),             Sad  2.43 (3),        feelings  2.40 (4),       harmonica  1.65 (5)
346381518.png,Facial Expression  9.01 (1),         emotion  8.59 (2),             Sad  4.46 (3),        feelings  3.58 (4),         website  2.62 (5)
429864648.png,         website  2.54 (1),Facial Expression  2.35 (2),           Happy  2.17 (3),         emotion  1.36 (4),Entlebucher Sennenhund  1.28 (5)
619311121.png,         emotion  5.65 (1),Facial Expression  3.65 (2),         website  3.12 (3),     breastplate  2.67 (4),        feelings  2.36 (5)
799519814.png,      chiffonier  1.71 (1),            oboe  1.71 (2),         website  1.61 (3),     poke bonnet  1.49 (4),           scarf  1.33 (5)
79644157.png,        baby bib 11.43 (1),Facial Expression  7.86 (2),         emotion  7.15 (3),   baby pacifier  5.66 (4),           Angry  3.12 (5)
520070516.png,      shower cap  7.23 (1),     poke bonnet  5.89 (2),     Pickelhaube  3.16 (3),        feelings  2.46 (4),military hat (bearskin or shako)  2.35 (5)
645611607.png,        baby bib  9.91 (1),Facial Expression  7.96 (2),         emotion  7.71 (3),   baby pacifier  5.73 (4),           Happy  4.61 (5)
510950159.png,        meatloaf 21.95 (1),            newt 13.30 (2),           Angry  4.25 (3),Facial Expression  3.87 (4),         emotion  3.42 (5)
512819468.png,Facial Expression  5.32 (1),         emotion  2.98 (2),         website  1.90 (3),   baby pacifier  1.87 (4),         thimble  1.60 (5)
415446939.png,        feelings  8.08 (1),             Sad  7.95 (2),         emotion  3.47 (3),Facial Expression  2.88 (4),    electric fan  1.77 (5)
717676932.png,     face powder 20.30 (1),       harmonica  5.91 (2),       pan flute  4.12 (3),Facial Expression  2.31 (4),          maraca  2.28 (5)
784150421.png,         emotion  7.12 (1),Facial Expression  6.69 (2),             Sad  6.29 (3),        feelings  4.75 (4),         website  3.06 (5)
444251512.png,Facial Expression  6.73 (1),      bridegroom  5.76 (2),             Sad  3.28 (3),         website  2.89 (4),         emotion  2.85 (5)
232445740.png,Facial Expression 11.37 (1),         emotion  8.31 (2),      rugby ball  5.12 (3),           tench  5.12 (4),          wombat  3.99 (5)
215784750.png,Facial Expression 17.44 (1),         emotion 14.02 (2),        feelings  6.41 (3),             Sad  5.32 (4),     face powder  2.98 (5)
131610590.png,         emotion 19.72 (1),             Sad 15.12 (2),           Angry 11.97 (3),        feelings  6.41 (4),Facial Expression  5.23 (5)
565570576.png,Facial Expression  4.98 (1),          guenon  3.47 (2),         emotion  2.42 (3),           Angry  2.28 (4),        grey fox  2.21 (5)
595950426.png,Facial Expression 13.15 (1),     breastplate  6.30 (2),         emotion  4.07 (3),             Sad  3.27 (4),          chiton  2.84 (5)
506146724.png,Facial Expression 11.93 (1),         emotion  7.01 (2),         jacamar  4.12 (3),         website  3.93 (4),             Sad  3.06 (5)
800006530.png,Facial Expression  5.72 (1),      bridegroom  3.26 (2),           Angry  2.01 (3),         website  1.69 (4),         emotion  1.54 (5)
760795749.png,Rhodesian Ridgeback 19.77 (1),Redbone Coonhound 11.80 (2),      Bloodhound  6.72 (3),Facial Expression  5.84 (4),      bridegroom  2.89 (5)
382792572.png,Facial Expression 40.78 (1),             Sad  5.79 (2),         emotion  4.37 (3),     face powder  2.34 (4),         disgust  1.91 (5)
621458841.png,Facial Expression 21.03 (1),         emotion  2.89 (2),         disgust  2.67 (3),      bridegroom  1.81 (4),        hornbill  1.37 (5)
590639919.png, acoustic guitar 24.28 (1),           cello  5.86 (2),        plectrum  5.59 (3),           banjo  3.72 (4), electric guitar  3.04 (5)
931163166.png,         emotion  5.70 (1),Facial Expression  5.02 (2),             Sad  2.78 (3),      bridegroom  2.45 (4),balaclava ski mask  2.13 (5)
974778369.png,Facial Expression 11.95 (1),         emotion  9.76 (2),             Sad  3.82 (3),        feelings  2.84 (4),         disgust  2.80 (5)
425987418.png,           indri  3.64 (1),         jacamar  1.86 (2),         website  1.47 (3),         emotion  1.26 (4),      hoop skirt  1.20 (5)
465348046.png,Facial Expression  5.09 (1),         emotion  4.78 (2),      bridegroom  4.15 (3),     Windsor tie  3.13 (4),           Happy  2.09 (5)
979799031.png,         emotion  7.78 (1),       harmonica  5.02 (2),             Sad  4.57 (3),        feelings  3.40 (4),           Angry  3.29 (5)
663772630.png,Facial Expression  5.78 (1),           indri  3.56 (2),         website  2.34 (3),         emotion  1.79 (4),     breastplate  1.58 (5)
799237122.png,Facial Expression  8.65 (1),         emotion  5.50 (2),     Windsor tie  2.81 (3),           Angry  2.77 (4),          weasel  2.05 (5)
752163197.png,Facial Expression 12.12 (1),        baby bib  7.02 (2),           Angry  4.46 (3),             Sad  3.76 (4),   baby pacifier  3.59 (5)
313855585.png,         emotion  4.36 (1),           Angry  3.90 (2),             Sad  3.19 (3),         website  2.95 (4),Facial Expression  2.64 (5)
793314890.png,Facial Expression 18.39 (1),      bridegroom  3.05 (2),         emotion  3.00 (3),     feather boa  2.61 (4),        hair wig  2.34 (5)
708926721.png,           Angry 15.02 (1),         emotion 10.48 (2),Facial Expression  8.55 (3),         disgust  2.96 (4),   baby pacifier  2.41 (5)
345718181.png,         disgust  6.55 (1),Facial Expression  6.26 (2),             Sad  5.03 (3),         emotion  4.37 (4),           Angry  3.20 (5)
81449792.png,Facial Expression  8.66 (1),         emotion  2.29 (2),     breastplate  1.99 (3),         website  1.73 (4),     Windsor tie  1.46 (5)
405426240.png,         jacamar  1.99 (1),           Happy  1.84 (2),         website  1.84 (3),     feather boa  1.53 (4),Facial Expression  1.50 (5)
194147138.png,         website  2.24 (1),Facial Expression  1.77 (2),         emotion  1.75 (3),        feelings  1.16 (4),             Sad  1.06 (5)
414440507.png,          Saluki 10.37 (1),      bridegroom  7.95 (2),Facial Expression  7.13 (3),Treeing Walker Coonhound  3.02 (4),English foxhound  2.62 (5)
119963927.png,Facial Expression  8.78 (1),        bolo tie  2.72 (2),         emotion  1.50 (3),         disgust  1.33 (4),     poke bonnet  1.07 (5)
129086921.png,Facial Expression 11.89 (1),         emotion  5.36 (2),        baby bib  4.24 (3),   baby pacifier  2.49 (4),             Sad  1.88 (5)
352089134.png,Facial Expression 27.98 (1),         emotion 10.79 (2),           Angry  5.68 (3),             Sad  3.14 (4),         disgust  2.64 (5)
723270172.png,           Angry  3.10 (1),         website  1.71 (2),         emotion  1.63 (3),         disgust  1.29 (4),Facial Expression  1.21 (5)
941555473.png,         emotion  7.47 (1),Facial Expression  5.06 (2),             Sad  4.60 (3),        feelings  3.76 (4),         website  3.64 (5)
645393206.png,Facial Expression  8.30 (1),         emotion  3.01 (2),         website  2.61 (3),           daisy  1.61 (4),        feelings  1.49 (5)
444984990.png,     Pickelhaube  4.48 (1), baseball player  3.72 (2),         emotion  2.52 (3),         website  1.84 (4),      cowboy hat  1.55 (5)
986856085.png,Facial Expression  6.26 (1),           Happy  2.41 (2),         website  2.00 (3),         emotion  1.85 (4),     breastplate  1.42 (5)
200183874.png,Facial Expression  3.99 (1),        meatloaf  3.70 (2),American Staffordshire Terrier  2.50 (3),      bridegroom  2.46 (4),        grey fox  2.42 (5)
421137644.png,    Ibizan Hound  8.50 (1),Mexican hairless dog (xoloitzcuintli)  8.11 (2),             Sad  5.07 (3),         emotion  5.07 (4),     toy terrier  4.70 (5)
26442395.png,Facial Expression  3.34 (1),         emotion  3.29 (2),             pug  3.19 (3),        vestment  2.64 (4),           macaw  2.60 (5)
155575254.png,Facial Expression 15.91 (1),           Angry 13.60 (2),         disgust 11.28 (3),         emotion  6.33 (4),             Sad  4.55 (5)
258421652.png,         website  8.78 (1),Facial Expression  8.12 (2),           Angry  4.85 (3),         emotion  4.70 (4),        feelings  1.96 (5)
85509032.png,Facial Expression  6.23 (1),         website  5.86 (2),             Sad  4.09 (3),         emotion  3.23 (4),         disgust  2.72 (5)
344393264.png,Facial Expression 18.36 (1),         emotion  6.55 (2),         disgust  3.73 (3),             Sad  2.61 (4),           Angry  2.41 (5)
144530997.png,           indri 16.17 (1),         website  2.99 (2),Facial Expression  2.37 (3),          Kuvasz  1.93 (4),     feather boa  1.84 (5)
674303777.png,Facial Expression 14.88 (1),         emotion  5.31 (2),     breastplate  5.31 (3),      chimpanzee  4.47 (4),       orangutan  3.59 (5)
684428988.png,         emotion  6.14 (1),             Sad  5.33 (2),Facial Expression  3.61 (3),      bridegroom  3.50 (4),        feelings  2.90 (5)
184871278.png,Facial Expression 37.59 (1),     face powder  2.77 (2),        hair wig  2.68 (3),         emotion  2.48 (4),           Angry  2.40 (5)
264302562.png,Facial Expression  5.92 (1),         emotion  3.37 (2),           indri  3.02 (3),             Sad  2.88 (4),        feelings  2.43 (5)
590586817.png,             Sad  6.98 (1),         emotion  6.98 (2),        feelings  3.85 (3),         website  2.30 (4),           Angry  2.27 (5)
80561741.png,        hair wig  5.82 (1),         emotion  3.21 (2),             Sad  3.16 (3),Facial Expression  3.07 (4),        feelings  2.04 (5)
654817585.png,Facial Expression 21.64 (1),           Angry  5.73 (2),         emotion  5.47 (3),         disgust  1.75 (4),   howler monkey  0.95 (5)
321506073.png,Facial Expression  8.12 (1),         emotion  4.55 (2),           cloak  2.33 (3),         website  2.08 (4),             Sad  1.78 (5)
196746170.png,Facial Expression  3.45 (1),             bra  3.34 (2),     face powder  3.04 (3),         emotion  2.91 (4),      shower cap  2.69 (5)
510044030.png,         jacamar  3.03 (1),         website  2.55 (2),     toy terrier  0.94 (3),       pan flute  0.88 (4),  Carolina anole  0.83 (5)
109996770.png,         emotion  9.98 (1),             Sad  4.64 (2),        feelings  2.95 (3),       harmonica  2.95 (4),            newt  2.90 (5)
380061089.png,Facial Expression 12.54 (1),           Boxer  7.73 (2),           Angry  4.54 (3),         gorilla  4.40 (4),         emotion  3.54 (5)
720040296.png,   baby pacifier 22.58 (1),        baby bib 11.89 (2),        bassinet  6.17 (3),Facial Expression  6.07 (4),           Angry  5.04 (5)
2861037.png,         emotion 28.08 (1),Facial Expression  8.83 (2),        feelings  7.44 (3),           Angry  5.20 (4),             Sad  3.62 (5)
774965424.png,white-headed capuchin  3.35 (1),         emotion  2.91 (2),Facial Expression  1.97 (3),         website  1.77 (4),         vulture  1.68 (5)
620477053.png,     toy terrier 20.59 (1),Facial Expression 15.55 (2),Miniature Pinscher  4.74 (3),         emotion  3.16 (4),        hornbill  1.95 (5)
968795057.png,Facial Expression  5.14 (1), Clumber Spaniel  2.39 (2),     feather boa  1.41 (3),          Kuvasz  1.36 (4),        hair wig  1.32 (5)
666040303.png,           Angry 15.61 (1),Facial Expression 12.74 (2),         emotion  9.61 (3),         disgust  4.47 (4),   baby pacifier  4.33 (5)
161772813.png,   baby pacifier 23.86 (1),        baby bib 16.66 (2),Facial Expression 10.42 (3),           Angry  4.02 (4),    swimming cap  3.08 (5)
845784065.png,           Angry 15.11 (1),         emotion 12.15 (2),Facial Expression  7.37 (3),             Sad  4.75 (4),         disgust  4.13 (5)
335401881.png,             jay  6.04 (1),    barber chair  4.02 (2),         emotion  3.78 (3),Facial Expression  2.95 (4),         website  2.37 (5)
809510024.png,Facial Expression  9.06 (1),           Angry  8.00 (2),         emotion  5.25 (3),         disgust  3.55 (4),      shower cap  2.44 (5)
131705547.png,    bullock cart  3.25 (1),     Persian cat  2.53 (2),         website  2.13 (3),      bridegroom  2.00 (4),          bulbul  1.38 (5)
465151048.png,          baboon  2.00 (1),Facial Expression  1.82 (2),      hartebeest  1.71 (3),        hair wig  1.60 (4),    patas monkey  1.51 (5)
78251744.png,Facial Expression 11.02 (1),      bridegroom  6.27 (2), baseball player  5.99 (3),         emotion  3.87 (4),           Angry  3.52 (5)
661144241.png,   baby pacifier 30.98 (1),        baby bib 18.22 (2),           Happy  4.90 (3),Facial Expression  4.83 (4),        bassinet  4.83 (5)
425920447.png,Facial Expression 42.56 (1),           Angry  3.38 (2),         disgust  2.81 (3),         emotion  2.60 (4),           indri  1.65 (5)
642360649.png,         website  3.33 (1),         emotion  3.23 (2),Facial Expression  1.96 (3),        grey fox  1.78 (4),             Sad  1.23 (5)
935432709.png,        feelings  3.25 (1),           indri  3.20 (2),         emotion  2.07 (3),             Sad  2.07 (4),         website  1.88 (5)
153495716.png,Facial Expression 14.60 (1),         disgust  5.90 (2),           Angry  5.90 (3),             Sad  5.21 (4),         emotion  4.39 (5)
507602480.png,         emotion  7.58 (1),Facial Expression  6.00 (2),        feelings  3.64 (3),         website  3.58 (4),             Sad  2.83 (5)
156740194.png,         website  1.81 (1),         emotion  1.67 (2),          Kuvasz  1.52 (3),        vestment  1.41 (4),   folding chair  1.37 (5)
580266243.png,Facial Expression 15.06 (1), baseball player 12.10 (2),balaclava ski mask  7.12 (3),      bridegroom  6.79 (4),         emotion  3.06 (5)
617599992.png,   baby pacifier 21.28 (1),        baby bib 13.54 (2),Facial Expression  6.59 (3),         emotion  3.59 (4),           Angry  2.28 (5)
749010638.png,         website  2.34 (1),gymnastic horizontal bar  1.49 (2),           daisy  1.34 (3),         emotion  1.31 (4),        feelings  1.24 (5)
273662194.png,             Sad 17.44 (1),         emotion 14.69 (2),        feelings  6.52 (3),Facial Expression  3.60 (4),         disgust  2.47 (5)
740810880.png,     face powder  5.05 (1),     poke bonnet  2.17 (2),           conch  2.17 (3),        Band-Aid  1.42 (4),       sunscreen  1.38 (5)
644366336.png,Facial Expression  4.27 (1),         emotion  3.54 (2),           Angry  2.84 (3),             Sad  2.18 (4),         website  2.02 (5)
863299644.png,Facial Expression 11.09 (1),           Angry  7.05 (2),         disgust  2.99 (3),         emotion  2.44 (4),         website  1.87 (5)
534983054.png,         emotion 10.60 (1),Facial Expression  9.07 (2),             Sad  4.22 (3),         disgust  2.56 (4),        feelings  2.52 (5)
63515296.png,Facial Expression  6.24 (1),African rock python  5.77 (2),      bridegroom  5.34 (3),         emotion  4.93 (4),           Angry  3.45 (5)
573059631.png,           Angry  8.90 (1),Facial Expression  8.49 (2),        meatloaf  8.49 (3),         emotion  4.84 (4),         disgust  2.36 (5)
113899713.png,Facial Expression 15.33 (1),             Sad 13.12 (2),         emotion  7.71 (3),         disgust  4.54 (4),           Angry  2.58 (5)
630329808.png,Facial Expression  3.18 (1),          bulbul  3.08 (2),         website  2.55 (3),         emotion  1.48 (4),           daisy  1.17 (5)
892145713.png,Facial Expression 22.19 (1),           Angry  6.16 (2),         disgust  4.23 (3),      bridegroom  3.86 (4),         emotion  3.57 (5)
733420869.png,Facial Expression 11.76 (1),         website  5.38 (2),           indri  3.02 (3),          bulbul  3.02 (4),         emotion  2.28 (5)
728422120.png,   baby pacifier 22.95 (1),        bassinet 11.91 (2),        baby bib  8.05 (3),           Happy  5.54 (4),Facial Expression  3.87 (5)
894271918.png,         emotion 15.84 (1),Facial Expression  9.91 (2),        feelings  9.02 (3),             Sad  7.60 (4),         website  1.57 (5)
50731519.png,      bridegroom  4.49 (1),         emotion  3.50 (2),     Windsor tie  2.68 (3),         bow tie  1.84 (4),            suit  1.73 (5)
794665225.png,         emotion 12.74 (1),             Sad 12.16 (2),Facial Expression 10.40 (3),        feelings  2.80 (4),           Angry  2.36 (5)
633831288.png,             Sad  9.12 (1),         emotion  8.57 (2),Facial Expression  6.78 (3),           Angry  4.66 (4),         disgust  4.45 (5)
795491854.png,Facial Expression  7.92 (1),           Angry  5.45 (2),         disgust  4.59 (3),         emotion  4.05 (4),      sunglasses  3.86 (5)
121712429.png,         emotion  3.85 (1),         website  3.50 (2),loupe magnifying glass  3.45 (3),Facial Expression  3.00 (4),      bridegroom  2.81 (5)
896818795.png,Facial Expression  8.62 (1),         emotion  7.49 (2),         website  3.65 (3),        feelings  2.63 (4),      bridegroom  2.05 (5)
694304439.png,Facial Expression 14.95 (1),         emotion  4.85 (2),             Sad  4.42 (3),           Angry  3.67 (4),         disgust  2.85 (5)
478639721.png,Facial Expression  4.45 (1),     face powder  2.54 (2),         emotion  2.28 (3),      shower cap  1.74 (4),          cougar  1.56 (5)
716995107.png,      sunglasses 22.84 (1),      sunglasses 22.84 (2),        hair wig  1.31 (3),         website  1.31 (4),            suit  1.25 (5)
636362902.png,         emotion  5.37 (1),Facial Expression  5.29 (2),             Sad  4.32 (3),           Angry  2.97 (4),     feather boa  2.21 (5)
398700194.png,Facial Expression 13.52 (1),             Sad  5.29 (2),         emotion  3.31 (3),         website  3.06 (4),         disgust  2.39 (5)
827421539.png,Facial Expression  7.51 (1),           Angry  4.28 (2),             Sad  2.33 (3),         emotion  2.22 (4),         disgust  1.90 (5)
437635193.png,    Egyptian Mau  3.79 (1),         emotion  3.00 (2),         website  2.82 (3),Facial Expression  2.41 (4),             Sad  1.53 (5)
179279038.png,   baby pacifier 15.88 (1),        baby bib 14.23 (2),Facial Expression  9.34 (3),         emotion  6.62 (4),           Happy  4.92 (5)
855614300.png,         website  6.22 (1),         emotion  1.37 (2),Facial Expression  1.37 (3),        feelings  1.25 (4),      hair dryer  0.97 (5)
418589598.png,         emotion  2.94 (1),             Sad  2.51 (2),Facial Expression  1.62 (3),         website  1.55 (4),King Charles Spaniel  1.50 (5)
813488858.png,             Sad  9.95 (1),         emotion  8.91 (2),Facial Expression  5.24 (3),        feelings  3.71 (4),         website  3.28 (5)
994386099.png,      bridegroom 12.52 (1),           Boxer  9.02 (2),         website  5.56 (3),Facial Expression  4.26 (4),         emotion  3.59 (5)
282198715.png,Facial Expression  6.13 (1),             Sad  4.21 (2),         disgust  3.72 (3),         emotion  3.13 (4),           Angry  2.80 (5)
320506872.png,Facial Expression 11.83 (1),     face powder  6.95 (2),         emotion  3.78 (3),         website  1.93 (4),     poke bonnet  1.81 (5)
574526572.png,         emotion 10.58 (1),             Sad  6.62 (2),Facial Expression  6.12 (3),        feelings  3.60 (4),     face powder  1.67 (5)
557441589.png,Facial Expression  4.04 (1),         website  3.51 (2),         emotion  3.34 (3),black-and-white colobus  2.69 (4),           abaya  2.49 (5)
533884149.png,         Basenji 11.95 (1),Miniature Pinscher  2.51 (2),     poke bonnet  2.32 (3),      neck brace  2.08 (4),          bulbul  1.92 (5)
550405166.png,             Sad  8.42 (1),Facial Expression  6.66 (2),            mask  6.56 (3),         emotion  6.46 (4),white-headed capuchin  6.26 (5)
728908535.png,Facial Expression  7.68 (1),         emotion  7.68 (2),             Sad  6.08 (3),        feelings  3.15 (4),         disgust  2.04 (5)
750327113.png,         emotion  4.93 (1),Facial Expression  3.96 (2),        feelings  2.22 (3),    punching bag  1.84 (4),             Sad  1.76 (5)
533891296.png,Facial Expression  8.50 (1),           Angry  4.34 (2),             Sad  2.44 (3),         emotion  2.15 (4),            hook  1.73 (5)
427858426.png,         emotion  5.63 (1),Facial Expression  5.21 (2),  English Setter  4.32 (3),             Sad  3.21 (4),        feelings  3.16 (5)
144068154.png,         emotion  3.69 (1),             jay  3.53 (2),      bridegroom  2.88 (3),        feelings  1.69 (4),Facial Expression  1.34 (5)
693651834.png,         emotion  2.92 (1),Facial Expression  2.79 (2),     Siamese cat  1.77 (3),         website  1.49 (4),             Sad  1.32 (5)
576156693.png,Facial Expression  8.57 (1),         emotion  4.45 (2),      bridegroom  2.83 (3),             Sad  2.57 (4),       Chow Chow  2.30 (5)
988208753.png,Facial Expression  7.46 (1),         emotion  7.23 (2),             Sad  3.87 (3),        feelings  2.83 (4),         website  2.38 (5)
736106234.png,         emotion 14.08 (1),             Sad 13.43 (2),Facial Expression  7.78 (3),        feelings  6.86 (4),         disgust  3.19 (5)
102856659.png,         website  2.19 (1),         emotion  1.73 (2),Facial Expression  1.41 (3),        plectrum  1.29 (4),      sunglasses  1.27 (5)
375445594.png,         emotion 17.95 (1),Facial Expression  8.35 (2),        feelings  7.37 (3),             Sad  5.06 (4),      bridegroom  3.71 (5)
140122630.png,Facial Expression  5.11 (1),         emotion  3.40 (2),         website  2.82 (3),        feelings  1.94 (4),             Sad  1.09 (5)
100975518.png,         emotion  8.27 (1),        feelings  4.79 (2),Facial Expression  4.71 (3),           Happy  3.91 (4),         website  1.91 (5)
571468819.png,Facial Expression 24.86 (1),         emotion  7.46 (2),             Sad  6.49 (3),         disgust  5.81 (4),           Angry  3.16 (5)
694946333.png,Facial Expression  7.01 (1),         emotion  5.55 (2),             Sad  2.62 (3),         disgust  2.14 (4),           Angry  1.95 (5)
482221031.png,         emotion 12.57 (1),Facial Expression  7.99 (2),             Sad  7.05 (3),         vulture  3.89 (4),        feelings  3.33 (5)
130037046.png,          pillow  4.01 (1),        feelings  2.67 (2),         emotion  1.92 (3),             Sad  1.89 (4),         website  1.84 (5)
464656262.png,             Sad  2.88 (1),        feelings  2.51 (2),         emotion  2.39 (3),         website  2.08 (4),Facial Expression  1.70 (5)
638716244.png,         emotion 14.16 (1),        feelings  6.38 (2),Facial Expression  6.09 (3),             Sad  5.63 (4),         website  4.32 (5)
298980156.png,Facial Expression  6.49 (1),         emotion  6.49 (2),             Sad  4.19 (3),        feelings  2.28 (4),         website  2.11 (5)
189123354.png,          weasel 10.97 (1),           Angry  5.69 (2),         emotion  4.23 (3),Facial Expression  3.19 (4),      bald eagle  2.82 (5)
230172788.png,Facial Expression 32.81 (1),           Angry 13.69 (2),         emotion  7.92 (3),           Boxer  5.88 (4),         disgust  1.94 (5)
419065699.png,Facial Expression 26.08 (1),         emotion  6.49 (2),           Angry  3.53 (3),         disgust  2.11 (4),        feelings  2.07 (5)
497606884.png,Facial Expression  9.42 (1),            newt  4.97 (2),           Angry  4.32 (3),         emotion  3.69 (4),      bridegroom  1.98 (5)
581513147.png,Facial Expression 15.34 (1),         emotion 10.70 (2),       harmonica  6.60 (3),             Sad  4.46 (4),           Angry  3.07 (5)
187679008.png,      prayer rug  2.44 (1),Facial Expression  2.05 (2),         emotion  1.50 (3),     Windsor tie  1.21 (4),        bolo tie  1.13 (5)
744940532.png,Facial Expression 11.19 (1),           Angry  8.72 (2),         disgust  7.57 (3),             Sad  6.18 (4),         emotion  4.66 (5)
861363378.png,         website  3.41 (1),         emotion  2.17 (2),             Sad  2.10 (3),Facial Expression  1.71 (4),        feelings  1.07 (5)
