459670981.png,Facial Expression 17.59 (1),         emotion  7.68 (2),          cougar  5.28 (3),        lipstick  3.36 (4),     face powder  2.04 (5)
524981095.png,Facial Expression  2.84 (1),        bolo tie  2.59 (2),         emotion  2.32 (3),      bridegroom  2.32 (4),         website  1.92 (5)
889384001.png,Facial Expression  3.38 (1),      bridegroom  2.63 (2),         website  2.51 (3),         limpkin  2.14 (4),        consomme  1.11 (5)
40063964.png,Facial Expression 23.02 (1),         emotion  4.12 (2),           Angry  3.58 (3), baseball player  2.71 (4),         disgust  2.07 (5)
762278446.png,Facial Expression 13.43 (1),         emotion  3.97 (2),         website  3.67 (3),        feelings  3.29 (4),             Sad  3.00 (5)
72497172.png,         website  2.13 (1),      bridegroom  1.86 (2),         emotion  1.36 (3),Facial Expression  1.22 (4),     green mamba  0.96 (5)
323622781.png,Facial Expression 11.23 (1),         emotion  4.83 (2),          bulbul  3.42 (3),         website  3.22 (4),        baby bib  2.71 (5)
914820707.png,Facial Expression 20.41 (1),         emotion  5.16 (2),           Angry  4.02 (3),             Sad  2.81 (4),           daisy  2.40 (5)
859757111.png,         website  3.52 (1),Facial Expression  2.13 (2),     poke bonnet  1.32 (3),         emotion  1.22 (4),      hair spray  1.12 (5)
387013695.png,Facial Expression  6.13 (1),      black swan  3.83 (2),     face powder  3.72 (3),            mask  2.99 (4),         website  2.36 (5)
578218563.png,Facial Expression 23.70 (1),         emotion  3.99 (2),         disgust  2.70 (3),             Sad  2.62 (4),           indri  2.50 (5)
688351438.png, Standard Poodle 19.02 (1),Bedlington Terrier  9.12 (2),Facial Expression  6.57 (3),        hair wig  4.11 (4),Miniature Poodle  4.11 (5)
236013963.png,        baby bib  8.38 (1),   baby pacifier  3.08 (2),         emotion  2.99 (3),        consomme  1.99 (4),        bassinet  1.90 (5)
887146999.png,Facial Expression 10.12 (1),      neck brace  2.44 (2),           Angry  2.37 (3),         website  2.15 (4),         emotion  1.58 (5)
605660496.png,Facial Expression 14.28 (1),         emotion  9.98 (2),             Sad  3.97 (3),        feelings  3.85 (4),         website  1.55 (5)
978336506.png,Facial Expression  8.37 (1),     face powder  5.84 (2),         website  4.62 (3),         emotion  2.80 (4),      sunglasses  1.70 (5)
251439152.png,Facial Expression 11.83 (1),      bridegroom  6.85 (2), baseball player  3.09 (3),   Gordon Setter  2.40 (4),balaclava ski mask  2.05 (5)
333722004.png,           Happy  6.48 (1),        baby bib  5.21 (2),Facial Expression  4.19 (3),   baby pacifier  3.31 (4),         website  2.38 (5)
710462665.png,Facial Expression 18.11 (1),           Angry  4.04 (2),         emotion  2.45 (3),      bridegroom  1.49 (4),      neck brace  1.49 (5)
180815014.png,Facial Expression  5.71 (1),      bridegroom  4.45 (2),         emotion  2.92 (3),        rickshaw  2.92 (4),         website  2.42 (5)
92457341.png,Facial Expression  5.18 (1),      bridegroom  2.30 (2),           Happy  2.23 (3),         website  1.88 (4),        baby bib  1.88 (5)
228664002.png,Facial Expression  6.57 (1),           Angry  4.12 (2),         emotion  3.99 (3),    punching bag  2.70 (4),      bridegroom  2.31 (5)
424750086.png,      bridegroom  2.03 (1),          Kuvasz  1.55 (2),         bassoon  1.39 (3),         emotion  1.33 (4),Facial Expression  1.31 (5)
520168251.png,        baby bib 15.43 (1),   baby pacifier 12.20 (2),Facial Expression  6.84 (3),        bassinet  2.68 (4),           Angry  2.64 (5)
343948498.png,Facial Expression  6.49 (1),         emotion  5.38 (2),         website  2.79 (3),        feelings  1.86 (4),   ballpoint pen  1.24 (5)
456533675.png,Facial Expression  7.93 (1),           Boxer  6.48 (2),      bridegroom  3.47 (3),         jacamar  2.96 (4),  Boston Terrier  2.58 (5)
430838172.png,Facial Expression 11.66 (1),         emotion  3.50 (2),         website  2.09 (3),           abaya  1.44 (4),        feelings  1.35 (5)
981520279.png,Facial Expression 11.29 (1),         emotion  4.02 (2),     face powder  2.40 (3),         website  1.93 (4),             Sad  1.37 (5)
138550808.png,   Japanese Chin  3.60 (1),Facial Expression  2.67 (2),     feather boa  1.65 (3),         website  1.50 (4),           indri  1.43 (5)
469038770.png,Facial Expression  3.64 (1),     green mamba  2.42 (2),      bridegroom  2.07 (3),           Boxer  1.89 (4),impala (antelope)  1.52 (5)
802957956.png,      bridegroom 16.69 (1),Facial Expression  8.39 (2),         website  7.64 (3), baseball player  2.56 (4),        mongoose  2.33 (5)
372592113.png,      bridegroom  8.67 (1),     green mamba  7.08 (2),    bullock cart  6.76 (3),    Indian cobra  3.79 (4),           agama  3.34 (5)
363526817.png,         website  2.77 (1),      bridegroom  2.40 (2),      black swan  1.81 (3),         emotion  1.08 (4),Facial Expression  0.84 (5)
1925749.png,Facial Expression  9.49 (1),             jay  5.67 (2),        meatloaf  4.21 (3),      neck brace  2.85 (4),         emotion  2.44 (5)
436672740.png,Facial Expression  5.36 (1),           indri  4.58 (2),         emotion  2.49 (3),             Sad  2.07 (4),        feelings  1.85 (5)
405817972.png,     Pickelhaube  6.97 (1),Facial Expression  5.69 (2),         website  2.91 (3),military hat (bearskin or shako)  2.45 (4),         emotion  2.33 (5)
989688662.png,Facial Expression  8.92 (1),          weasel  8.25 (2),     Windsor tie  6.84 (3),      bridegroom  5.09 (4),           Angry  4.02 (5)
343620239.png,Facial Expression  5.44 (1),        hair wig  5.11 (2),        lipstick  4.24 (3),          cougar  3.86 (4),         website  2.82 (5)
293910246.png,Facial Expression 29.78 (1),balaclava ski mask  9.52 (2),        hair wig  5.25 (3), baseball player  3.09 (4),            mask  2.16 (5)
853419994.png,Facial Expression  9.98 (1),           Angry  2.06 (2),     green mamba  1.87 (3),American Staffordshire Terrier  1.53 (4),Italian Greyhound  1.51 (5)
219892552.png,         disgust  9.41 (1),Facial Expression  8.17 (2),           Angry  6.37 (3),        meatloaf  5.89 (4),             Sad  2.70 (5)
465091980.png,         emotion 11.11 (1),        feelings  5.41 (2),             Sad  5.16 (3),Facial Expression  4.63 (4),         website  4.02 (5)
396413214.png,Facial Expression 11.91 (1),         emotion  5.54 (2),        hair wig  2.74 (3),             Sad  2.46 (4),        feelings  2.17 (5)
406294175.png,Facial Expression 25.56 (1),         emotion  4.24 (2),         disgust  3.20 (3),           Angry  3.01 (4),        baby bib  2.82 (5)
269017761.png,Facial Expression  4.09 (1),            mink  3.79 (2),         emotion  3.50 (3), boa constrictor  3.50 (4),     feather boa  3.24 (5)
300342487.png,      bridegroom 11.76 (1),Facial Expression  6.60 (2),         website  5.56 (3),         emotion  2.28 (4),        feelings  1.06 (5)
403445329.png,Facial Expression 12.85 (1),           Angry  2.65 (2),        lipstick  2.34 (3),       pan flute  1.97 (4),         emotion  1.91 (5)
229999847.png,         website  1.50 (1),         emotion  1.39 (2),Facial Expression  1.15 (3),      bridegroom  0.95 (4),             Sad  0.90 (5)
484615890.png,Facial Expression 10.78 (1),      bridegroom  3.85 (2),         emotion  2.41 (3),         website  2.26 (4),         gorilla  1.73 (5)
249508296.png,Facial Expression  6.03 (1),      sunglasses  3.13 (2),      sunglasses  3.13 (3),        nematode  2.29 (4),         emotion  1.43 (5)
388635208.png,Facial Expression 11.90 (1),           Angry  5.20 (2),         disgust  4.66 (3),         emotion  3.80 (4),             Sad  2.87 (5)
184106203.png,         emotion  3.12 (1),Facial Expression  2.17 (2),           Happy  2.14 (3),        feelings  2.07 (4),         website  1.69 (5)
831685594.png,      bridegroom  3.80 (1),Facial Expression  3.25 (2),Labrador Retriever  2.20 (3),         emotion  2.00 (4),           Boxer  1.85 (5)
895449511.png,Facial Expression 21.72 (1),           Angry  7.16 (2),         disgust  3.60 (3),         emotion  3.33 (4),        baby bib  3.03 (5)
206662033.png,         emotion  5.91 (1),Facial Expression  4.98 (2),        feelings  3.12 (3),             Sad  3.02 (4),         website  2.75 (5)
469241889.png,Facial Expression 21.55 (1),         emotion  7.22 (2),         disgust  2.20 (3),     poke bonnet  2.13 (4),           Angry  2.10 (5)
987427069.png,      bridegroom 23.02 (1),        vestment 15.82 (2),Facial Expression 11.76 (3),           cloak  3.37 (4),     breastplate  3.12 (5)
347906595.png,Facial Expression  3.55 (1),         website  2.08 (2),           indri  1.78 (3),     titi monkey  1.70 (4),         Neutral  1.30 (5)
754159777.png,        baby bib  6.50 (1),      shower cap  4.33 (2),   baby pacifier  3.17 (3),         emotion  2.97 (4),Facial Expression  2.63 (5)
898802741.png,       harmonica 11.37 (1),loupe magnifying glass  4.89 (2),       pan flute  2.46 (3),        lipstick  2.35 (4),          muzzle  1.97 (5)
974740331.png,rotary dial telephone 38.91 (1),    mobile phone  6.06 (2),       harmonica  5.02 (3),        payphone  3.91 (4),    clothes iron  3.24 (5)
954427285.png,        vestment  3.21 (1),Facial Expression  1.80 (2),      bridegroom  1.77 (3),         emotion  1.27 (4),red wolf or maned wolf  1.01 (5)
361401116.png,      cowboy hat  4.17 (1),         emotion  4.17 (2),             Sad  3.20 (3),     Pickelhaube  3.10 (4),Facial Expression  2.91 (5)
369912105.png,Facial Expression  5.16 (1),         emotion  4.15 (2),         website  2.72 (3),           Happy  1.53 (4),         thimble  1.25 (5)
306535319.png,      bridegroom  1.95 (1),          weasel  1.54 (2),         website  1.50 (3),     Windsor tie  1.47 (4),           tench  1.18 (5)
924339939.png,Facial Expression 17.95 (1),balaclava ski mask 13.98 (2),            mask  4.26 (3),      bridegroom  2.55 (4),     face powder  1.83 (5)
825541365.png,Facial Expression  5.75 (1),        Band-Aid  4.41 (2),         emotion  3.54 (3),      bridegroom  2.63 (4),        feelings  2.36 (5)
377124228.png,Facial Expression  2.69 (1),         emotion  2.56 (2),           Angry  1.56 (3),         disgust  1.35 (4),             Sad  1.33 (5)
661272201.png,Facial Expression 43.03 (1),           Angry 15.33 (2),         disgust  6.10 (3),         emotion  5.06 (4),             Sad  2.71 (5)
468189287.png,Facial Expression  6.16 (1),         disgust  2.65 (2),         emotion  2.34 (3),     poke bonnet  2.03 (4),           dingo  1.76 (5)
894779402.png,Facial Expression 14.12 (1),      bridegroom  5.20 (2),        Papillon  4.04 (3),           tench  2.70 (4),     Windsor tie  2.17 (5)
894161304.png,Facial Expression  5.30 (1),         website  2.79 (2),         emotion  2.39 (3),           Angry  1.13 (4),          toucan  1.00 (5)
612813404.png,Facial Expression  7.60 (1),         website  2.71 (2),       miniskirt  1.67 (3),         emotion  1.64 (4),   ballpoint pen  1.50 (5)
737847582.png,      bridegroom  6.49 (1), Standard Poodle  5.38 (2),Irish Water Spaniel  3.70 (3),        vestment  2.42 (4),Miniature Poodle  2.04 (5)
8880378.png,Facial Expression 24.86 (1),         emotion  8.87 (2),             Sad  4.06 (3),        baby bib  2.62 (4),           Angry  2.46 (5)
968304160.png,Facial Expression  5.41 (1),           indri  3.89 (2),          guenon  3.03 (3),         emotion  2.08 (4),         website  1.96 (5)
735443605.png,Facial Expression 12.57 (1),         emotion  4.70 (2),             fig  3.28 (3),     breastplate  2.76 (4),         disgust  2.60 (5)
137713008.png,Facial Expression  6.12 (1),         website  2.89 (2),           Happy  2.59 (3),        consomme  1.48 (4),         emotion  1.45 (5)
173092249.png,Facial Expression  8.57 (1),             jay  1.97 (2),      basketball  1.80 (3),           Angry  1.71 (4),         emotion  1.54 (5)
774889787.png,Facial Expression  8.41 (1),         emotion  2.41 (2),           Happy  2.16 (3),      steel drum  1.79 (4),          muzzle  1.71 (5)
943821056.png,Facial Expression 20.34 (1),         emotion  6.92 (2),           Angry  6.61 (3),         disgust  4.40 (4),             Sad  2.67 (5)
342476992.png,      bridegroom  3.42 (1),             wok  2.01 (2),          sarong  2.01 (3),Facial Expression  1.98 (4),        vestment  1.83 (5)
409088602.png,Facial Expression  3.43 (1),           indri  3.38 (2),      sunglasses  2.55 (3),      sunglasses  2.55 (4),        hornbill  2.05 (5)
975344678.png,Facial Expression  7.22 (1),        grey fox  6.08 (2),         emotion  5.28 (3),             Sad  3.36 (4),           Angry  2.31 (5)
276295736.png,Facial Expression  7.97 (1),      bridegroom  6.82 (2),         emotion  2.39 (3),      Dutch oven  2.32 (4),             Sad  2.08 (5)
71966887.png,     face powder 18.22 (1),        lipstick  4.19 (2),         perfume  4.13 (3),Facial Expression  3.64 (4),         website  3.32 (5)
142657827.png,Facial Expression 21.77 (1),         emotion  4.63 (2),             Sad  3.13 (3),         website  3.13 (4),        feelings  1.84 (5)
291954849.png,Facial Expression  5.20 (1),      bridegroom  2.54 (2),         emotion  2.17 (3),     titi monkey  1.64 (4),         website  1.42 (5)
876856246.png,Facial Expression 12.05 (1),         emotion  5.18 (2),           Angry  2.69 (3),             Sad  2.37 (4),         disgust  1.68 (5)
215625003.png,'Geoffroy''s spider monkey  5.27 (1)',Facial Expression  4.51 (2),        marmoset  3.80 (3),         emotion  3.15 (4),             Sad  3.15 (5)
792726934.png,Facial Expression  4.54 (1),         emotion  2.28 (2),      bridegroom  1.89 (3),         bassoon  1.72 (4),         website  1.50 (5)
38519257.png,Facial Expression  4.00 (1),         emotion  1.54 (2),         website  1.28 (3),         Neutral  1.18 (4),         disgust  1.16 (5)
919835734.png,        baby bib  9.67 (1),   baby pacifier  4.86 (2),     poke bonnet  3.14 (3),      shower cap  2.86 (4),         emotion  2.03 (5)
521293964.png,Facial Expression  9.67 (1),     Windsor tie  4.50 (2),      bridegroom  3.39 (3),         emotion  2.77 (4),             Sad  2.26 (5)
888924541.png,Facial Expression 30.33 (1),         emotion  2.73 (2),      neck brace  2.65 (3),          Kuvasz  1.97 (4),     face powder  1.79 (5)
318716921.png,Facial Expression  5.20 (1),           Angry  3.68 (2),         website  2.53 (3),         Neutral  1.88 (4),      bridegroom  1.82 (5)
185072618.png,Facial Expression  4.39 (1),         emotion  3.70 (2),         website  3.27 (3),        hair wig  1.98 (4),           daisy  1.75 (5)
387404741.png,Facial Expression  9.53 (1), boa constrictor  6.55 (2),           Boxer  2.61 (3),African rock python  1.88 (4),         website  1.82 (5)
186064123.png,Facial Expression 13.67 (1),         emotion  4.73 (2),     face powder  3.86 (3),             Sad  2.96 (4),         website  2.13 (5)
493355366.png,        bolo tie  7.91 (1),     Windsor tie  3.00 (2),        hornbill  2.34 (3),Facial Expression  2.10 (4),              ox  1.40 (5)
67782060.png,military uniform 19.67 (1),Facial Expression 11.93 (2),military hat (bearskin or shako) 11.38 (3),     Pickelhaube  9.15 (4),           Angry  1.77 (5)
911640734.png,Facial Expression  7.50 (1),          dugong  5.57 (2),         emotion  2.98 (3),         disgust  1.60 (4), mashed potatoes  1.32 (5)
981280702.png,         website  2.98 (1),Facial Expression  2.02 (2),         emotion  1.43 (3),         meerkat  1.22 (4),          cougar  1.15 (5)
171210384.png,balaclava ski mask 12.63 (1),Facial Expression  6.55 (2),           cloak  3.97 (3),           abaya  3.85 (4),             Sad  1.94 (5)
952331237.png,      sunglasses  2.07 (1),      sunglasses  2.07 (2),Facial Expression  1.69 (3),         website  1.57 (4),        hornbill  1.28 (5)
326998483.png,        baby bib 13.27 (1),             Sad  6.99 (2),         emotion  6.46 (3),   baby pacifier  5.28 (4),        feelings  2.74 (5)
695145891.png,Facial Expression 19.45 (1),           Angry  6.52 (2),         emotion  5.32 (3),         disgust  3.95 (4),   howler monkey  1.48 (5)
687114687.png,   baby pacifier 36.22 (1),        baby bib 23.36 (2),        bassinet  3.53 (3),Facial Expression  2.58 (4),          diaper  2.46 (5)
155135779.png,         emotion  5.07 (1),Facial Expression  2.93 (2),           Angry  2.93 (3),             Sad  2.39 (4),         disgust  2.36 (5)
128046469.png,Facial Expression 24.61 (1),      bridegroom  6.22 (2),           Angry  6.13 (3),    Indian cobra  4.92 (4),         emotion  1.96 (5)
425088331.png,Facial Expression  3.55 (1),     breastplate  2.22 (2),     Windsor tie  1.78 (3),      neck brace  1.55 (4),         website  1.46 (5)
458870721.png,Facial Expression  9.59 (1),     Windsor tie  5.14 (2),      bridegroom  4.61 (3),        Papillon  4.26 (4),           tench  3.88 (5)
582998114.png,Facial Expression  7.26 (1),         emotion  3.71 (2),     poke bonnet  3.65 (3),      shower cap  3.48 (4),     Pickelhaube  1.96 (5)
547152578.png,Facial Expression  6.04 (1),         emotion  5.00 (2),             jay  2.76 (3),      cowboy hat  1.46 (4),balaclava ski mask  1.41 (5)
442969986.png,         macaque  4.14 (1),         gorilla  3.66 (2),         emotion  3.13 (3),      chimpanzee  3.03 (4),          baboon  2.59 (5)
753427936.png,Facial Expression 17.53 (1),         emotion  2.91 (2),           Happy  2.82 (3),         website  1.58 (4),     titi monkey  1.56 (5)
695356118.png,Italian Greyhound  6.93 (1),      bridegroom  4.14 (2),Facial Expression  3.89 (3),         emotion  2.94 (4),        lacewing  2.67 (5)
893552246.png, baseball player 10.24 (1),      bridegroom  4.41 (2),     Windsor tie  4.41 (3),Facial Expression  4.27 (4),      cowboy hat  3.33 (5)
678499393.png,         emotion  1.77 (1),          weasel  1.64 (2),           Angry  1.62 (3),Facial Expression  1.57 (4),         website  1.40 (5)
180434707.png,      Great Dane 18.20 (1),         emotion  4.97 (2),Facial Expression  3.11 (3),        feelings  2.66 (4),         website  2.21 (5)
3268646.png,Facial Expression  8.62 (1),         emotion  6.02 (2),             Sad  4.14 (3),           Angry  2.08 (4),         disgust  1.92 (5)
757338066.png,     Windsor tie 41.88 (1),Irish Water Spaniel 11.81 (2),Facial Expression  2.85 (3),      bridegroom  2.44 (4),     black stork  1.76 (5)
161527127.png,     Pickelhaube 13.70 (1),Facial Expression  6.57 (2),        hornbill  6.18 (3),         emotion  4.89 (4),      bridegroom  2.70 (5)
416473525.png,        Band-Aid 10.22 (1),        knee pad  8.88 (2),          crutch  4.26 (3),      metal nail  3.76 (4),baluster / handrail  3.70 (5)
624337731.png,      bridegroom  8.88 (1),     Pickelhaube  6.80 (2),military hat (bearskin or shako)  5.91 (3),          borzoi  4.26 (4),      shower cap  3.53 (5)
398879636.png,Facial Expression 21.94 (1),         emotion  6.90 (2),     face powder  2.97 (3),             jay  2.70 (4),           Angry  2.50 (5)
424311094.png,        baby bib 32.88 (1),   baby pacifier 24.08 (2),          diaper  4.25 (3),Facial Expression  3.99 (4),        bassinet  2.66 (5)
258137233.png,     Windsor tie  5.38 (1),           Boxer  4.46 (2),Facial Expression  3.64 (3),      sunglasses  3.16 (4),      sunglasses  3.16 (5)
22061684.png,       Chow Chow  1.58 (1),         emotion  1.48 (2),Facial Expression  1.44 (3),         website  1.44 (4),        bolo tie  1.27 (5)
135302692.png,Facial Expression 22.02 (1),        hair wig  4.07 (2),         emotion  3.88 (3),           Angry  2.11 (4),      bridegroom  2.02 (5)
727445621.png,Facial Expression  7.70 (1),      bridegroom  5.21 (2),         website  4.89 (3),         emotion  3.99 (4),       barometer  3.99 (5)
891795438.png,Facial Expression 16.45 (1),        baby bib  9.67 (2),         emotion  3.91 (3),             Sad  2.69 (4),   baby pacifier  1.58 (5)
827607230.png,      black swan  4.76 (1),Facial Expression  4.69 (2),black-and-white colobus  3.12 (3),        hair wig  2.55 (4),         emotion  2.43 (5)
619397557.png,Facial Expression  4.82 (1),         emotion  3.06 (2),         website  2.79 (3),        feelings  1.69 (4),     poke bonnet  1.18 (5)
707071413.png,     Bullmastiff  6.72 (1),             pug  5.07 (2),Facial Expression  4.41 (3),           Angry  3.08 (4),         emotion  2.76 (5)
835388123.png,Facial Expression  6.25 (1),         website  2.81 (2),         emotion  1.76 (3),          cougar  1.19 (4),         Neutral  1.17 (5)
612312205.png,            mask  5.20 (1),      sunglasses  3.87 (2),      sunglasses  3.87 (3),Facial Expression  3.06 (4),      bridegroom  2.62 (5)
582873384.png,Facial Expression 17.27 (1),      bridegroom 15.25 (2),            mask  8.55 (3),             Sad  2.41 (4),           Angry  2.41 (5)
100489696.png,         emotion  4.64 (1),Facial Expression  2.40 (2),        feelings  2.12 (3),         website  2.06 (4),       spotlight  1.84 (5)
248062172.png,    Ibizan Hound  4.08 (1),Facial Expression  2.29 (2),         emotion  1.87 (3),           tench  1.87 (4),         website  1.73 (5)
213150756.png,        baby bib 10.38 (1),   baby pacifier  6.70 (2),        bassinet  4.68 (3),Facial Expression  2.14 (4),         emotion  1.92 (5)
728198135.png,Facial Expression 22.23 (1),     titi monkey  6.48 (2),          guenon  4.59 (3),           indri  4.18 (4),           Angry  2.70 (5)
428864356.png,      bridegroom  9.86 (1),Facial Expression  4.66 (2),     Windsor tie  3.80 (3),         website  2.34 (4),    Indian cobra  2.07 (5)
658247268.png,Facial Expression 10.40 (1),     face powder  2.80 (2),      black swan  1.89 (3),         emotion  1.47 (4),      shower cap  1.36 (5)
402883716.png,  Sussex Spaniel 16.22 (1),   Cairn Terrier  8.67 (2),     Windsor tie  6.65 (3),       barometer  3.97 (4),          Briard  2.56 (5)
777757373.png,Facial Expression 10.49 (1), baseball player  8.30 (2),             jay  5.80 (3),           Boxer  3.52 (4),         emotion  2.61 (5)
926579566.png,      bridegroom  4.14 (1),Facial Expression  3.03 (2),         emotion  2.63 (3),         website  2.55 (4),         bow tie  2.15 (5)
718390912.png,Facial Expression  7.15 (1),         website  2.98 (2),           tiger  2.02 (3),         Neutral  1.96 (4),         emotion  1.78 (5)
549063288.png,   baby pacifier 20.14 (1),        baby bib 19.83 (2),        bassinet 14.73 (3),          diaper  5.77 (4),      infant bed  4.29 (5)
458246982.png,Facial Expression  7.63 (1),         emotion  2.68 (2),          poncho  2.48 (3),      bridegroom  2.26 (4),          kimono  1.90 (5)
171230692.png,Facial Expression  4.55 (1),      bridegroom  3.28 (2),         emotion  2.76 (3),         website  2.56 (4),           Angry  1.93 (5)
301936097.png,            newt 11.15 (1),         emotion  5.78 (2),        hair wig  4.23 (3),             Sad  2.45 (4),      Schipperke  2.34 (5)
992223930.png,Facial Expression 11.12 (1),      bridegroom  3.61 (2),         emotion  3.19 (3),           macaw  1.84 (4),         website  1.63 (5)
263631071.png,      bridegroom 21.88 (1),Facial Expression  5.71 (2),         emotion  5.20 (3),         website  3.80 (4),             Sad  3.57 (5)
304892366.png,Facial Expression 14.88 (1),        hair wig  7.37 (2),          cougar  2.75 (3),         emotion  2.59 (4),     face powder  2.14 (5)
138345.png,Facial Expression 23.27 (1),         emotion  8.16 (2),         disgust  5.88 (3),             Sad  5.11 (4),        feelings  3.86 (5)
756517477.png,Facial Expression  7.71 (1),         emotion  3.94 (2),           Angry  2.71 (3),         website  2.01 (4),        feelings  1.45 (5)
917924434.png,         emotion 16.45 (1),             Sad 14.75 (2),        feelings 12.23 (3),Facial Expression  9.38 (4),     face powder  3.40 (5)
196305004.png,      bridegroom  8.95 (1),Facial Expression  8.95 (2),           Boxer  7.77 (3),'Geoffroy''s spider monkey  5.96 (4)',           Angry  5.26 (5)
561490889.png,      bridegroom  6.09 (1),Facial Expression  3.93 (2),      prayer rug  3.58 (3),         website  3.02 (4),           Angry  2.50 (5)
620898536.png,Facial Expression  3.79 (1),        lab coat  3.24 (2),         website  2.30 (3),           Happy  1.76 (4),        consomme  1.33 (5)
584675973.png,          weevil 12.15 (1),             fig  9.17 (2),          Kuvasz  4.14 (3),      chiffonier  3.71 (4),      bridegroom  3.48 (5)
240014378.png,         website  2.09 (1),Facial Expression  1.65 (2),         emotion  1.33 (3),      hoop skirt  1.15 (4),  cliff dwelling  1.13 (5)
546318334.png,Facial Expression  5.00 (1),           Angry  4.41 (2),     Windsor tie  3.04 (3),         disgust  2.90 (4),         emotion  2.81 (5)
557710759.png, baseball player  5.81 (1),      bridegroom  4.05 (2),Facial Expression  2.62 (3),gymnastic horizontal bar  2.38 (4),      basketball  2.14 (5)
463713983.png,Facial Expression 19.30 (1),         emotion 17.03 (2),             Sad  6.26 (3),        feelings  5.88 (4),           Angry  3.46 (5)
814289888.png,Facial Expression 13.35 (1),         website  2.02 (2),         emotion  1.84 (3),           indri  1.60 (4),balaclava ski mask  1.45 (5)
357421572.png,Facial Expression  8.77 (1),         emotion  5.24 (2),             Sad  3.13 (3),        baby bib  3.08 (4),         website  2.76 (5)
854132233.png,           Angry  2.47 (1),Facial Expression  2.05 (2),         emotion  1.96 (3),             Sad  1.86 (4),         Neutral  1.55 (5)
629610308.png,Facial Expression 19.39 (1),         emotion  3.53 (2),       miniskirt  1.95 (3),        hair wig  1.89 (4),     face powder  1.89 (5)
211143694.png,Facial Expression 11.56 (1),         emotion  2.70 (2), baseball player  2.46 (3),      neck brace  2.14 (4),        nematode  1.86 (5)
125456934.png,Facial Expression 13.26 (1),      bridegroom  6.07 (2),            newt  4.73 (3),     Windsor tie  3.05 (4),        cardigan  2.61 (5)
946247838.png,balaclava ski mask 17.56 (1),      bridegroom  8.97 (2),Facial Expression  5.36 (3),         website  5.20 (4), baseball player  2.61 (5)
30665048.png,         website  1.64 (1),        vestment  1.62 (2),Facial Expression  1.49 (3),gymnastic horizontal bar  1.09 (4),         emotion  1.01 (5)
995895413.png,Facial Expression  9.53 (1),        baby bib  7.30 (2),             jay  4.79 (3),         emotion  3.29 (4),     titi monkey  3.24 (5)
624057742.png,     titi monkey  9.59 (1),           indri  7.95 (2),Facial Expression  3.76 (3),      steel drum  2.21 (4),         emotion  1.67 (5)
282380370.png,Facial Expression 12.98 (1),         emotion  9.21 (2),             Sad  3.72 (3),        feelings  2.40 (4),         disgust  2.37 (5)
37571502.png,         website  2.21 (1),      bridegroom  1.86 (2),Facial Expression  1.67 (3),         emotion  1.50 (4),         Neutral  1.04 (5)
428116142.png,   baby pacifier 16.38 (1),        baby bib  7.98 (2),Facial Expression  6.62 (3),         emotion  3.03 (4),        bassinet  2.59 (5)
889398236.png,Facial Expression 18.47 (1),         emotion  3.93 (2),        baby bib  2.97 (3),             Sad  2.46 (4),         disgust  2.21 (5)
816812903.png,Facial Expression  4.04 (1),      black swan  2.45 (2),         Neutral  1.46 (3),     breastplate  1.29 (4),     green mamba  1.29 (5)
520643337.png,          Kuvasz 12.13 (1),Facial Expression  4.90 (2),      bridegroom  2.62 (3),         emotion  2.24 (4),Flat-Coated Retriever  1.95 (5)
133578542.png,Facial Expression  3.23 (1),          cougar  2.48 (2),       Dalmatian  2.15 (3),         emotion  1.79 (4),     green mamba  1.60 (5)
649215874.png,   baby pacifier 11.81 (1),Facial Expression  7.75 (2),        baby bib  5.24 (3),           Happy  1.81 (4),     poke bonnet  1.76 (5)
39901148.png,Facial Expression 14.58 (1),         emotion  3.98 (2),           Angry  3.20 (3),           indri  2.13 (4),     titi monkey  1.88 (5)
232489882.png,Facial Expression  8.03 (1),         emotion  7.54 (2),             Sad  6.98 (3),        feelings  3.15 (4),          maraca  2.30 (5)
346177131.png,Facial Expression  5.37 (1),European polecat  4.73 (2),      bridegroom  4.32 (3),        Papillon  2.66 (4),          weasel  1.94 (5)
159593634.png,      bridegroom  3.79 (1),      Dutch oven  3.05 (2),         emotion  2.95 (3),Facial Expression  2.95 (4),            lynx  2.95 (5)
642937529.png,Facial Expression  8.96 (1),    handkerchief  4.37 (2),     Windsor tie  2.65 (3),         website  2.16 (4),       hair clip  2.03 (5)
887033757.png,Facial Expression 29.95 (1),         disgust  7.01 (2),           Angry  4.25 (3),         emotion  3.31 (4),             Sad  1.54 (5)
589198715.png,Facial Expression  8.52 (1),         emotion  3.90 (2),King Charles Spaniel  3.39 (3),           daisy  3.08 (4),     face powder  2.40 (5)
162819069.png,Facial Expression 10.35 (1),      bridegroom  4.66 (2),      prayer rug  4.25 (3),         website  3.16 (4),         emotion  2.83 (5)
490800041.png,      bridegroom  5.75 (1),     Windsor tie  3.72 (2),         website  2.22 (3),      black swan  1.68 (4),         pot pie  1.17 (5)
715634648.png,        meatloaf 25.73 (1),Facial Expression 10.56 (2),     breastplate  4.33 (3),        vestment  3.88 (4),      Dutch oven  1.59 (5)
434392165.png,        bassinet 25.69 (1),   baby pacifier 18.50 (2),      infant bed  8.08 (3),        baby bib  5.30 (4),          diaper  3.37 (5)
277275341.png,         website  4.23 (1),Facial Expression  3.40 (2),         emotion  2.49 (3),         perfume  2.06 (4),        feelings  1.82 (5)
184415590.png,Facial Expression 20.69 (1),         emotion  9.04 (2),             Sad  4.07 (3),         disgust  2.98 (4),     green mamba  2.98 (5)
353668202.png,         macaque  4.94 (1),          weasel  2.73 (2),Facial Expression  2.23 (3),'Geoffroy''s spider monkey  1.93 (4)',         emotion  1.63 (5)
674990638.png,      bridegroom  5.11 (1),         website  3.40 (2),Facial Expression  3.30 (3),         emotion  2.65 (4),           Happy  1.66 (5)
982991284.png,Facial Expression 18.47 (1),      basketball 10.04 (2),         emotion  4.12 (3),      neck brace  3.87 (4),           Angry  3.36 (5)
109601194.png,Facial Expression  7.31 (1),      basketball  3.30 (2),         emotion  1.76 (3),      bridegroom  1.68 (4),         disgust  1.63 (5)
328718662.png,            mask 10.33 (1),Facial Expression  5.79 (2),          muzzle  3.25 (3),      bridegroom  3.20 (4),balaclava ski mask  2.23 (5)
141833683.png,Facial Expression  4.78 (1),         emotion  2.48 (2),         website  2.40 (3),           Angry  1.96 (4),          bulbul  1.70 (5)
193640454.png,        baby bib 15.52 (1),Facial Expression  8.44 (2),   baby pacifier  5.89 (3),         emotion  5.36 (4),          diaper  3.05 (5)
872304288.png,         website  2.30 (1),Facial Expression  2.00 (2),         emotion  1.37 (3),         disgust  1.12 (4),             Sad  1.12 (5)
652724010.png,Facial Expression  6.23 (1),      bridegroom  5.50 (2), baseball player  4.41 (3),             jay  3.28 (4),     Windsor tie  2.72 (5)
448308885.png,        baby bib 21.06 (1),   baby pacifier 14.70 (2),        bassinet  3.78 (3),          diaper  3.23 (4),Facial Expression  2.63 (5)
928779467.png,Facial Expression  2.58 (1),      bridegroom  2.38 (2),     Windsor tie  2.20 (3),         website  2.14 (4),         Neutral  1.32 (5)
696744346.png,Facial Expression  6.20 (1),      bridegroom  3.65 (2),         emotion  2.51 (3),        hair wig  2.21 (4),     Windsor tie  2.14 (5)
636985925.png,Facial Expression 39.16 (1),         emotion  5.64 (2),           Angry  4.82 (3),         disgust  2.97 (4),         website  1.64 (5)
23509099.png,      bridegroom 16.44 (1),Facial Expression 12.41 (2),         website  1.76 (3),     breastplate  1.50 (4),             Sad  1.48 (5)
873612921.png,      bridegroom  7.27 (1),Facial Expression  3.72 (2),        lab coat  3.13 (3),           agama  2.40 (4),          bulbul  2.29 (5)
760832093.png,         emotion  7.00 (1),Facial Expression  5.71 (2),        feelings  4.05 (3),             Sad  2.42 (4),         ocarina  2.31 (5)
774915558.png,       harmonica  3.85 (1),        bolo tie  2.95 (2),       pan flute  2.64 (3),      paintbrush  2.52 (4),Facial Expression  2.48 (5)
862477909.png,         emotion  7.60 (1),        feelings  4.26 (2),Facial Expression  3.12 (3),             Sad  1.52 (4),    handkerchief  1.06 (5)
380103019.png,Facial Expression 21.52 (1),         emotion  5.44 (2), baseball player  5.19 (3),           Angry  2.87 (4),             Sad  1.91 (5)
601161897.png,             Sad  4.32 (1),Facial Expression  3.93 (2),         emotion  3.16 (3),         website  2.24 (4),     poke bonnet  2.14 (5)
157844878.png,Facial Expression 10.26 (1),          bulbul  5.49 (2),     titi monkey  4.70 (3),         thimble  2.81 (4),    patas monkey  2.05 (5)
342251575.png,        baby bib 29.98 (1),Facial Expression 10.20 (2),   baby pacifier  4.75 (3),           Angry  3.06 (4),          diaper  2.79 (5)
647873725.png,Facial Expression  7.15 (1),         disgust  3.43 (2),           Angry  2.84 (3),      sunglasses  2.67 (4),      sunglasses  2.67 (5)
85959791.png,Facial Expression 19.84 (1),         emotion  8.54 (2),      basketball  4.57 (3),           Angry  3.85 (4),              ox  3.45 (5)
67268866.png,   baby pacifier 51.94 (1),        baby bib 33.03 (2),Facial Expression  1.54 (3),           Happy  0.97 (4),          diaper  0.67 (5)
65148503.png,Facial Expression  5.86 (1),         emotion  2.72 (2),         website  2.64 (3),             Sad  2.37 (4),         disgust  2.03 (5)
225052483.png,Facial Expression 23.11 (1),         emotion  9.34 (2),     face powder  2.47 (3),        feelings  2.44 (4),       harmonica  2.40 (5)
923396229.png,             Sad 13.91 (1),         emotion 10.02 (2),Facial Expression  9.55 (3),        feelings  5.45 (4),         disgust  3.25 (5)
867643768.png,Facial Expression 20.52 (1),         emotion  4.58 (2),           Angry  2.96 (3),         website  2.13 (4),         disgust  2.00 (5)
401362305.png,Facial Expression 16.95 (1),         emotion  5.01 (2),        hair wig  4.09 (3),         website  2.56 (4),         Neutral  1.96 (5)
916134486.png,Facial Expression 21.92 (1),      bridegroom  4.25 (2),         disgust  3.41 (3),           Angry  2.21 (4),         emotion  2.07 (5)
664725195.png,        hair wig 44.47 (1),Facial Expression  8.36 (2),      black swan  3.12 (3),           Angry  2.63 (4),         emotion  1.64 (5)
43812819.png,Facial Expression  8.97 (1),     face powder  4.80 (2),         emotion  3.68 (3),         website  2.74 (4),        fur coat  2.30 (5)
446344036.png,Facial Expression  8.08 (1),         emotion  3.26 (2),             Sad  2.28 (3),     toy terrier  1.98 (4),         disgust  1.83 (5)
200083639.png,     Windsor tie 11.93 (1),Facial Expression  7.12 (2),     Pickelhaube  3.81 (3),        Papillon  2.88 (4),      chiffonier  2.83 (5)
201154593.png,      prayer rug 15.32 (1),Facial Expression  9.73 (2),      bridegroom  7.01 (3),           abaya  5.29 (4),         emotion  2.83 (5)
913715723.png,   baby pacifier 10.73 (1),Facial Expression  6.21 (2),          maraca  3.77 (3),         website  2.02 (4),        baby bib  1.55 (5)
105628976.png,      cowboy hat 69.31 (1),        sombrero  4.50 (2),        meatloaf  3.50 (3),     cowboy boot  1.76 (4),        bolo tie  1.58 (5)
222283482.png,        Papillon  5.85 (1),        cardigan  4.92 (2),Facial Expression  4.14 (3),     Windsor tie  3.44 (4),        bolo tie  2.94 (5)
898611262.png,Facial Expression 10.43 (1),      bridegroom  5.58 (2),         website  4.70 (3),     St. Bernard  4.35 (4),         emotion  4.02 (5)
701757503.png,        baby bib 12.09 (1),Facial Expression  9.42 (2), baseball player  7.00 (3),         emotion  3.99 (4),   baby pacifier  2.24 (5)
834041144.png,        hair wig  5.04 (1),Facial Expression  4.38 (2),          cougar  3.80 (3),           indri  1.82 (4),         emotion  1.51 (5)
560991054.png,        baby bib 29.16 (1),Facial Expression 19.42 (2),   baby pacifier  9.46 (3),         emotion  2.93 (4),        bassinet  1.59 (5)
279890378.png,      bridegroom  6.47 (1),Facial Expression  5.12 (2), baseball player  3.57 (3),         emotion  2.78 (4),          Kuvasz  2.49 (5)
548161565.png,Facial Expression 20.59 (1), baseball player  2.74 (2),      basketball  2.70 (3),           Angry  2.42 (4),          badger  2.31 (5)
434508897.png,      sunglasses  2.53 (1),      sunglasses  2.53 (2),         disgust  1.74 (3),        lab coat  1.68 (4),         website  1.58 (5)
907418616.png,Facial Expression 24.39 (1),           indri  4.96 (2),           Angry  4.04 (3),          bulbul  3.10 (4),         emotion  2.82 (5)
541618182.png,Facial Expression 11.63 (1),         emotion  6.43 (2),           Angry  3.96 (3),             Sad  2.15 (4),      bridegroom  2.15 (5)
706948406.png,Facial Expression  9.89 (1),        baby bib  3.93 (2),   baby pacifier  1.80 (3),         emotion  1.59 (4),     green mamba  1.56 (5)
61175477.png,Facial Expression 10.50 (1),           Angry  4.51 (2),         emotion  2.57 (3),      sunglasses  1.85 (4),      sunglasses  1.85 (5)
15330037.png,balaclava ski mask 12.66 (1),Facial Expression 10.34 (2),         emotion  4.18 (3),      sweatshirt  3.05 (4),           Boxer  2.53 (5)
203289721.png,          dugong  6.18 (1),       Chow Chow  5.72 (2),      Lhasa Apso  3.93 (3),      bridegroom  2.70 (4),             wok  1.83 (5)
593335510.png,      bridegroom  8.00 (1),Facial Expression  6.04 (2),     Windsor tie  2.99 (3),         website  2.85 (4),           tench  2.64 (5)
928181089.png,Facial Expression  4.46 (1),         website  3.53 (2),         emotion  1.77 (3),        mongoose  1.16 (4),        feelings  1.09 (5)
638570983.png,Facial Expression 11.38 (1),         emotion  2.92 (2),         disgust  2.38 (3),           Angry  2.10 (4),           Happy  1.61 (5)
710363248.png,Facial Expression 15.84 (1),     face powder  2.28 (2),        lipstick  1.75 (3),         disgust  1.72 (4),         emotion  1.62 (5)
624293387.png,        baby bib 26.39 (1),Facial Expression 10.66 (2),   baby pacifier  7.68 (3),          diaper  5.04 (4),         emotion  2.87 (5)
182824580.png, baseball player  5.95 (1),Facial Expression  5.25 (2),         emotion  2.68 (3),     green mamba  2.68 (4),           Angry  1.93 (5)
280784412.png,           indri  2.81 (1),          dugong  2.60 (2),         website  1.76 (3),      bridegroom  1.15 (4),Facial Expression  1.02 (5)
510937468.png,Facial Expression  8.99 (1),      bridegroom  3.41 (2),         emotion  2.01 (3),     Windsor tie  1.71 (4),           Angry  1.66 (5)
123026997.png,Facial Expression 20.97 (1),      bridegroom  3.53 (2), baseball player  3.53 (3),         emotion  2.67 (4),           Angry  2.08 (5)
192455032.png,Facial Expression  3.44 (1),         emotion  2.56 (2),           Happy  1.93 (3),           indri  1.68 (4),         disgust  1.27 (5)
875682209.png,      sunglasses  2.90 (1),      sunglasses  2.90 (2),             Sad  1.44 (3),         disgust  1.41 (4),Facial Expression  1.33 (5)
639071799.png,Facial Expression 10.37 (1),         emotion  3.42 (2),           Angry  3.21 (3),         disgust  2.97 (4),             jay  2.11 (5)
572991916.png,Facial Expression 26.42 (1),           Angry 11.91 (2),         disgust  9.72 (3),         emotion  5.62 (4),             Sad  3.11 (5)
803078939.png,         emotion  5.58 (1),Facial Expression  5.49 (2),           Happy  2.80 (3),         website  2.80 (4),              ox  1.84 (5)
331169754.png,       harmonica  7.88 (1),         emotion  3.78 (2),        meatloaf  3.78 (3),       pan flute  3.28 (4),           Angry  2.33 (5)
320702591.png, baseball player  8.44 (1),Facial Expression  5.20 (2),      bridegroom  4.89 (3),     Windsor tie  3.36 (4),        bolo tie  2.92 (5)
96612064.png,Facial Expression 10.97 (1),         emotion  2.86 (2),         website  2.37 (3),      bridegroom  2.30 (4),         Neutral  2.16 (5)
765756102.png,Facial Expression 13.49 (1),         emotion  5.62 (2), baseball player  4.73 (3),      bridegroom  2.74 (4),             Sad  2.42 (5)
571175299.png,      cowboy hat 19.34 (1),     Pickelhaube  3.01 (2),        sombrero  2.88 (3),Facial Expression  2.62 (4),          marmot  2.10 (5)
238901009.png,Facial Expression 10.95 (1),           Angry  5.01 (2),            newt  2.95 (3),         emotion  2.72 (4),             Sad  2.68 (5)
665942963.png,Facial Expression  3.84 (1),     face powder  1.90 (2),      shower cap  0.91 (3),       pan flute  0.91 (4),      bath towel  0.90 (5)
743787897.png,      bridegroom  8.17 (1), Standard Poodle  7.68 (2),Facial Expression  4.45 (3),      Dutch oven  2.82 (4),            newt  2.74 (5)
574184741.png,Facial Expression 14.93 (1),           Boxer 10.59 (2),         emotion  4.62 (3),      neck brace  3.72 (4),          muzzle  3.03 (5)
682120487.png,     Pickelhaube  5.55 (1),         gorilla  3.99 (2),military hat (bearskin or shako)  3.87 (3),Facial Expression  3.63 (4),         emotion  3.16 (5)
372262209.png,   baby pacifier  9.82 (1),Facial Expression  7.29 (2),        baby bib  6.24 (3),         emotion  2.52 (4),           Angry  2.33 (5)
429961138.png,           indri  7.07 (1),          bulbul  4.71 (2),     titi monkey  4.09 (3),Facial Expression  3.45 (4),          langur  2.48 (5)
49810659.png,Facial Expression 10.98 (1),           Angry  3.40 (2),         emotion  2.91 (3),         disgust  2.38 (4),    sea cucumber  1.85 (5)
507994872.png,         website  3.79 (1),Facial Expression  2.91 (2),         emotion  2.81 (3),      bridegroom  2.45 (4),           Happy  2.23 (5)
243283212.png,          Kuvasz 27.86 (1),Facial Expression  3.65 (2),     Windsor tie  1.81 (3),         website  1.57 (4),         emotion  1.52 (5)
722964121.png,Facial Expression 11.06 (1),         disgust  8.35 (2),           Angry  5.92 (3),             Sad  3.88 (4),         emotion  2.35 (5)
948871608.png,Facial Expression  4.35 (1),           Angry  3.67 (2),         disgust  1.84 (3),        grey fox  1.65 (4),      Dutch oven  1.41 (5)
986279701.png,Facial Expression 10.33 (1),         emotion  9.40 (2),             Sad  3.35 (3),           Angry  3.05 (4),        feelings  2.42 (5)
59296285.png,          pillow  6.10 (1),         website  5.38 (2),Facial Expression  3.22 (3),     toy terrier  3.22 (4),        feelings  2.24 (5)
862170343.png,Facial Expression  2.91 (1),         website  2.45 (2),      bridegroom  1.63 (3),         emotion  1.33 (4),      Dutch oven  1.33 (5)
935929044.png, baseball player 21.81 (1),Facial Expression  3.24 (2),     Pickelhaube  3.14 (3),        bolo tie  2.49 (4),        baseball  2.34 (5)
988360980.png,Facial Expression 19.31 (1),         emotion  8.70 (2),             Sad  7.45 (3),           Angry  2.74 (4),         disgust  2.57 (5)
980143217.png,        baby bib 32.88 (1),Facial Expression 12.28 (2),   baby pacifier  5.62 (3),          diaper  2.78 (4),         emotion  2.46 (5)
58068790.png,      bridegroom  4.08 (1),Facial Expression  3.66 (2),         website  3.60 (3),         emotion  2.19 (4),black-footed ferret  1.57 (5)
675673593.png,           tench 13.66 (1),     Siamese cat  6.55 (2),        Papillon  3.79 (3),Facial Expression  3.68 (4),          gibbon  3.20 (5)
936697087.png,Facial Expression  8.69 (1),          cougar  4.30 (2),         website  3.85 (3),         emotion  2.96 (4),           Angry  2.06 (5)
829879735.png,military hat (bearskin or shako) 21.08 (1),     Pickelhaube 12.78 (2),military uniform  4.15 (3),      cowboy hat  2.48 (4),      bridegroom  1.99 (5)
403442239.png,Facial Expression  3.96 (1),       Chow Chow  3.66 (2),          kimono  3.61 (3),      bridegroom  2.40 (4),          sarong  1.79 (5)
541746110.png,Facial Expression  5.92 (1),         website  3.71 (2),       miniskirt  1.95 (3),     poke bonnet  1.83 (4),         Basenji  1.57 (5)
850403268.png,         emotion 10.91 (1),           Angry 10.58 (2),Facial Expression  8.50 (3),   baby pacifier  8.11 (4),         disgust  3.18 (5)
382641150.png,Facial Expression 22.70 (1),        hair wig 11.59 (2),      prayer rug  9.77 (3),balaclava ski mask  9.17 (4),           abaya  3.03 (5)
339065786.png,Facial Expression  8.50 (1),      bridegroom  7.86 (2),      Dutch oven  7.39 (3),         emotion  2.25 (4),            tick  2.15 (5)
142304011.png,Facial Expression  5.25 (1),           Happy  1.99 (2),           Angry  1.90 (3),         disgust  1.62 (4),         website  1.53 (5)
519828210.png,           modem 14.41 (1),            iPod  5.55 (2),   digital clock  4.90 (3),         monitor  3.37 (4),    mobile phone  3.37 (5)
530993299.png,     Windsor tie 37.59 (1),      bridegroom  2.19 (2),      prayer rug  1.99 (3),            suit  1.39 (4),        vestment  1.25 (5)
636119927.png,       chameleon  3.36 (1),         jacamar  3.21 (2),       saxophone  3.11 (3),        marmoset  2.83 (4),         emotion  2.58 (5)
876457473.png,       harmonica  5.26 (1),Facial Expression  4.29 (2),        popsicle  3.34 (3),       pan flute  2.61 (4),             jay  2.23 (5)
660380411.png,Facial Expression  3.44 (1),     Windsor tie  2.12 (2),      neck brace  1.41 (3),         gorilla  0.96 (4),balaclava ski mask  0.84 (5)
36669204.png,military hat (bearskin or shako) 45.53 (1),     Pickelhaube 32.28 (2),military uniform  5.03 (3),      cowboy hat  3.68 (4),         emotion  1.01 (5)
573933138.png,        baby bib  7.64 (1),Facial Expression  7.41 (2),   baby pacifier  5.42 (3),         emotion  3.96 (4),           Angry  2.99 (5)
958778311.png,Facial Expression 14.97 (1),         emotion  4.36 (2),         disgust  1.68 (3),             Sad  1.65 (4),           Angry  1.48 (5)
452136202.png,Facial Expression 15.87 (1),         emotion  6.31 (2),            newt  5.66 (3),      bridegroom  4.01 (4),           Angry  3.12 (5)
750633774.png,Facial Expression 19.42 (1),         emotion  7.26 (2),      black swan  5.92 (3),           Angry  4.47 (4),           daisy  2.80 (5)
324723401.png,Facial Expression  5.18 (1), baseball player  3.85 (2),      bridegroom  3.45 (3),        bolo tie  2.95 (4),         website  2.34 (5)
439597249.png, baseball player  4.23 (1),Facial Expression  3.67 (2),      basketball  2.86 (3),gymnastic horizontal bar  1.90 (4),         website  1.79 (5)
587355578.png,     face powder  5.66 (1),         website  4.55 (2),     feather boa  2.94 (3),Facial Expression  2.18 (4),     poke bonnet  1.73 (5)
269119258.png,         emotion  8.65 (1),Facial Expression  5.67 (2),             Sad  4.55 (3),        feelings  4.28 (4),         website  1.93 (5)
741433802.png,      sunglasses 49.72 (1),      sunglasses 49.72 (2),Facial Expression  0.02 (3),         website  0.02 (4),         emotion  0.01 (5)
379844929.png,Facial Expression  3.36 (1),           indri  3.16 (2),     green mamba  2.31 (3),         emotion  1.89 (4),             Sad  1.54 (5)
304580073.png,     Windsor tie 14.24 (1),            newt  5.76 (2),      bridegroom  2.89 (3),         emotion  2.48 (4),Facial Expression  2.05 (5)
430567328.png,Facial Expression  8.57 (1),         emotion  3.41 (2),      steel drum  2.53 (3),          maraca  2.20 (4),      bridegroom  1.36 (5)
360911809.png,Facial Expression  3.13 (1),           Boxer  2.85 (2),        meatloaf  2.19 (3),      bridegroom  1.48 (4),           Angry  1.41 (5)
284575650.png,        baby bib 16.05 (1),   baby pacifier 10.37 (2),        bassinet  4.82 (3),Facial Expression  3.53 (4),        consomme  2.31 (5)
266586770.png,Facial Expression  4.97 (1),           indri  1.49 (2),     breastplate  1.47 (3),         disgust  1.03 (4),           modem  0.93 (5)
397811659.png,      sunglasses 32.56 (1),      sunglasses 32.56 (2),Facial Expression  0.90 (3),          maraca  0.78 (4),         website  0.69 (5)
49536310.png,      bridegroom  7.89 (1),    Basset Hound  6.54 (2),      chiffonier  5.78 (3), Clumber Spaniel  5.18 (4),Facial Expression  4.50 (5)
512323558.png,      sunglasses 33.94 (1),      sunglasses 33.94 (2),     green mamba  1.14 (3),       damselfly  1.06 (4),Facial Expression  0.88 (5)
950781437.png,      bridegroom  4.05 (1),         website  2.42 (2),        hornbill  1.94 (3),Facial Expression  1.83 (4),         bow tie  1.14 (5)
549163369.png,         emotion  2.68 (1),Facial Expression  2.47 (2),             Sad  1.23 (3),       harmonica  1.19 (4),        feelings  1.13 (5)
49526436.png,balaclava ski mask  3.98 (1),      shower cap  3.57 (2),Facial Expression  3.51 (3),    swimming cap  3.15 (4),     poke bonnet  2.69 (5)
893068751.png,Facial Expression  4.26 (1),      Rottweiler  4.19 (2),         emotion  3.59 (3),             pug  3.37 (4),   howler monkey  2.97 (5)
353182908.png,          dugong  5.59 (1),      Lhasa Apso  2.90 (2),         website  1.93 (3),           Happy  1.79 (4),      bridegroom  1.58 (5)
289646074.png,            newt  2.66 (1),Facial Expression  2.31 (2),         emotion  2.01 (3),     Windsor tie  1.54 (4),         website  1.52 (5)
931360834.png,      sunglasses 15.15 (1),      sunglasses 15.15 (2),             jay  4.14 (3),      steel drum  2.47 (4),    black grouse  1.48 (5)
435129540.png,Facial Expression  2.32 (1),         website  2.01 (2),         emotion  1.70 (3),             jay  1.59 (4),       pan flute  1.50 (5)
238275778.png,Facial Expression 13.95 (1),           Boxer  4.98 (2),           Angry  4.82 (3),         emotion  3.53 (4), baseball player  3.16 (5)
635558304.png,      bridegroom  9.05 (1), baseball player  5.57 (2),Facial Expression  5.32 (3),          sarong  3.89 (4),        bolo tie  2.47 (5)
91316580.png,        baby bib 14.47 (1),Facial Expression  8.91 (2),   baby pacifier  4.85 (3),         emotion  2.99 (4),           Happy  2.29 (5)
247701805.png,Facial Expression  5.66 (1),             jay  2.59 (2),American Staffordshire Terrier  1.99 (3),         emotion  1.96 (4),Staffordshire Bull Terrier  1.55 (5)
34663780.png,Facial Expression  4.75 (1),         website  1.52 (2),         emotion  1.41 (3),     poke bonnet  1.32 (4),     breastplate  1.15 (5)
457987816.png,Facial Expression  7.48 (1),            oboe  4.68 (2),         website  4.07 (3),         emotion  2.84 (4),        feelings  1.59 (5)
396859351.png,        baby bib  5.37 (1),Facial Expression  3.11 (2),   baby pacifier  2.92 (3),     titi monkey  2.88 (4),             jay  2.62 (5)
61976245.png,      black swan  2.81 (1),         emotion  2.44 (2),         website  2.15 (3),        feelings  1.73 (4),impala (antelope)  1.23 (5)
124189570.png,         website  3.46 (1),       barometer  2.87 (2),   front curtain  2.69 (3),      Dutch oven  2.45 (4),         emotion  2.10 (5)
191618486.png,         website  3.58 (1),       Chow Chow  2.88 (2),         emotion  2.58 (3),Facial Expression  2.01 (4),             Sad  1.83 (5)
532912316.png,Facial Expression  9.72 (1),      bridegroom  5.54 (2),        hair wig  3.16 (3),             eel  2.38 (4),        hornbill  2.20 (5)
825679541.png,      prayer rug  7.74 (1),      bridegroom  5.16 (2),Facial Expression  5.07 (3),         emotion  2.02 (4),     breastplate  1.67 (5)
632607472.png,Facial Expression 13.52 (1),         emotion  3.93 (2),           Angry  3.70 (3),         disgust  2.75 (4),      neck brace  2.35 (5)
771825312.png,Facial Expression 29.25 (1),           Angry  5.94 (2),      neck brace  3.90 (3),         disgust  2.52 (4),         emotion  2.05 (5)
155368732.png,   academic gown 62.44 (1),      bridegroom  3.53 (2),  graduation cap  1.77 (3),military uniform  0.96 (4),           agama  0.73 (5)
730546233.png,Facial Expression  5.42 (1),          dugong  3.79 (2),  Asian elephant  2.81 (3),         emotion  2.45 (4),         website  2.09 (5)
381929164.png,Facial Expression  4.52 (1),     poke bonnet  4.05 (2),      shower cap  2.92 (3),         thimble  2.38 (4),     toy terrier  1.71 (5)
128825978.png,Facial Expression 19.25 (1),         emotion  3.79 (2),           Angry  3.29 (3),      neck brace  2.82 (4),             Sad  2.69 (5)
779808578.png,Facial Expression 22.59 (1),         disgust  6.68 (2),           Angry  6.37 (3),         emotion  3.63 (4),       Chow Chow  2.46 (5)
359609857.png,Facial Expression  4.99 (1),      black swan  4.20 (2),     face powder  4.07 (3),impala (antelope)  3.27 (4),         website  2.71 (5)
469609773.png,         website  4.51 (1),Facial Expression  4.37 (2),             jay  2.23 (3),         emotion  2.00 (4),balaclava ski mask  1.10 (5)
26231665.png,           Boxer 15.75 (1),Facial Expression 10.32 (2),           Angry  2.87 (3),             jay  2.87 (4),          Vizsla  2.82 (5)
89136040.png,      cowboy hat 28.95 (1),military hat (bearskin or shako) 15.99 (2),     Pickelhaube  7.21 (3),        sombrero  4.11 (4),     cowboy boot  1.61 (5)
140476843.png,Facial Expression 13.11 (1), baseball player  3.82 (2),           Angry  3.70 (3),         emotion  2.46 (4),         website  2.39 (5)
361660391.png,Facial Expression  9.78 (1),           Boxer  5.00 (2),      neck brace  4.34 (3),           Angry  3.23 (4),         gorilla  2.76 (5)
630262173.png,         emotion  9.41 (1),      bridegroom  7.80 (2),Facial Expression  6.99 (3),        feelings  6.67 (4),             Sad  3.86 (5)
747889888.png,Facial Expression 47.34 (1),         disgust  6.71 (2),           Angry  5.74 (3),         emotion  5.39 (4),             Sad  2.98 (5)
657082602.png,          dugong  9.88 (1),Facial Expression  3.58 (2),         website  2.24 (3),          sarong  1.52 (4),      bridegroom  1.42 (5)
326973284.png,Facial Expression 11.98 (1), baseball player  6.41 (2),           Boxer  5.24 (3),             jay  5.00 (4),         emotion  2.63 (5)
325761917.png,Facial Expression  3.44 (1),         website  1.87 (2),         emotion  1.58 (3),           indri  1.46 (4),          maraca  1.15 (5)
597928651.png,Facial Expression  2.07 (1),         website  1.97 (2),     toy terrier  1.38 (3),  Carolina anole  1.29 (4),         emotion  1.06 (5)
337731082.png,              ox  4.54 (1),    hippopotamus  4.00 (2),         emotion  2.51 (3),Facial Expression  1.98 (4),      bridegroom  1.98 (5)
927051552.png,      cowboy hat 11.98 (1),    Ibizan Hound  2.40 (2),        bolo tie  2.25 (3),         website  1.70 (4),        sombrero  1.39 (5)
902916191.png,Facial Expression 35.09 (1),         disgust 11.40 (2),           Angry  9.75 (3),             Sad  6.29 (4),         emotion  6.20 (5)
359309176.png,      bridegroom  8.92 (1),Facial Expression  5.85 (2),         website  2.90 (3),         emotion  2.56 (4),     Windsor tie  2.05 (5)
477898961.png,Facial Expression  9.51 (1),           Angry  4.02 (2),         disgust  3.34 (3),         emotion  3.13 (4),             Sad  2.48 (5)
804010030.png,        feelings  5.95 (1),         emotion  5.85 (2),           indri  5.41 (3),             Sad  3.96 (4),Facial Expression  3.44 (5)
35309538.png,      bridegroom  3.10 (1),Facial Expression  2.92 (2),         emotion  2.17 (3),         website  1.88 (4), baseball player  1.71 (5)
720438934.png,Facial Expression 21.06 (1),      bridegroom 12.59 (2),          guenon  1.93 (3),     face powder  1.84 (4),'Geoffroy''s spider monkey  1.60 (5)'
480625346.png,Facial Expression  7.60 (1),         emotion  2.67 (2),         website  2.63 (3),           indri  2.05 (4),        mongoose  1.95 (5)
629025568.png,Facial Expression  3.45 (1),         emotion  2.60 (2),      bridegroom  2.60 (3),        bolo tie  1.71 (4),         Neutral  1.60 (5)
526662468.png,Facial Expression 30.20 (1),         jacamar  3.84 (2),           Angry  3.28 (3),      neck brace  2.60 (4),         emotion  2.33 (5)
628556841.png,           Boxer 18.33 (1),Facial Expression 12.59 (2),           Angry  7.77 (3),      bridegroom  6.05 (4),         emotion  3.45 (5)
687255052.png,      cowboy hat  6.46 (1),Facial Expression  5.61 (2),           Boxer  4.30 (3),           Angry  3.51 (4),         emotion  3.46 (5)
336818696.png,Facial Expression  4.77 (1),             Sad  3.96 (2),         emotion  3.03 (3),         website  1.73 (4),       harmonica  1.52 (5)
152193524.png,            mink  5.48 (1),Facial Expression  3.59 (2),        hair wig  2.51 (3),         website  2.39 (4),      chimpanzee  2.39 (5)
714374773.png,Facial Expression  5.46 (1),          bulbul  5.38 (2),         emotion  5.06 (3),             Sad  3.76 (4),         jacamar  2.66 (5)
198224866.png,      bridegroom 10.61 (1),Facial Expression  4.29 (2),           cloak  3.61 (3),           Angry  3.55 (4),         website  2.72 (5)
751972050.png,Facial Expression 14.75 (1),           Angry  2.86 (2),         disgust  1.71 (3),         emotion  1.48 (4),          muzzle  1.29 (5)
575638958.png,Facial Expression 20.78 (1),     titi monkey  5.34 (2),           Angry  3.39 (3),         disgust  3.04 (4),         emotion  2.81 (5)
500177106.png,Facial Expression  8.70 (1),         emotion  2.61 (2),           Angry  2.53 (3),         website  2.42 (4),      bridegroom  2.24 (5)
782970266.png,Facial Expression  7.17 (1),         emotion  6.52 (2),        feelings  3.28 (3),         perfume  3.23 (4),         website  2.48 (5)
368148402.png,Facial Expression  8.24 (1),      bridegroom  4.92 (2),      neck brace  3.66 (3), baseball player  3.23 (4),           Angry  3.18 (5)
916052565.png,Facial Expression  5.30 (1),        bolo tie  4.54 (2),      bridegroom  3.42 (3),         emotion  2.46 (4),        sombrero  2.35 (5)
776278095.png,       Chow Chow  2.62 (1),Facial Expression  2.50 (2),         website  2.38 (3),       saxophone  1.94 (4),      steel drum  1.80 (5)
791335720.png,Facial Expression 19.19 (1),         disgust  4.70 (2),           Angry  4.02 (3),         emotion  3.49 (4),             Sad  2.81 (5)
830957432.png,     toy terrier  9.34 (1),Facial Expression  3.28 (2),   Komodo dragon  2.89 (3),      black swan  2.32 (4),         meerkat  2.18 (5)
804517675.png,   baby pacifier 23.47 (1),        bassinet 13.80 (2),        baby bib 10.10 (3),      infant bed  4.62 (4),Facial Expression  3.38 (5)
882498691.png,     Windsor tie  2.75 (1),       partridge  1.67 (2),         emotion  1.52 (3),     toy terrier  1.30 (4),Bluetick Coonhound  1.17 (5)
697054631.png,      chiffonier  7.30 (1),     Windsor tie  4.71 (2),Facial Expression  4.50 (3),      bridegroom  3.91 (4),           quill  3.56 (5)
6637678.png,Facial Expression  7.68 (1),         emotion  5.12 (2),             jay  3.06 (3),            lion  2.61 (4),           Angry  2.17 (5)
562631745.png,         website  6.51 (1),           modem  4.14 (2),   digital clock  2.02 (3),    analog clock  1.67 (4),  remote control  1.47 (5)
413530448.png,Facial Expression 20.00 (1),         emotion  4.82 (2),           Angry  2.79 (3),           daisy  2.35 (4),         website  2.21 (5)
151250130.png,         emotion  8.39 (1),Facial Expression  5.77 (2),      shower cap  5.01 (3),        feelings  4.09 (4),     poke bonnet  3.55 (5)
744258656.png,Facial Expression  5.72 (1),         disgust  3.75 (2),           Angry  3.36 (3),             Sad  3.31 (4),         emotion  2.66 (5)
310491601.png,      bridegroom  6.03 (1),Facial Expression  4.70 (2),      prayer rug  3.83 (3),         emotion  1.99 (4),           Angry  1.81 (5)
729743048.png,Facial Expression 11.05 (1),      bridegroom  5.64 (2),    punching bag  3.02 (3),         emotion  2.93 (4),         website  2.32 (5)
339024008.png,         emotion  3.82 (1),Facial Expression  2.67 (2),       pan flute  1.89 (3),       harmonica  1.84 (4),           Angry  1.70 (5)
833361726.png,           abaya 15.41 (1),Facial Expression  2.44 (2),      prayer rug  1.78 (3),         website  1.33 (4),         emotion  1.23 (5)
285776648.png,     Windsor tie  6.46 (1),      bridegroom  3.62 (2),          dugong  3.25 (3),Facial Expression  2.27 (4),        bolo tie  2.13 (5)
60703456.png,Facial Expression 21.00 (1),     face powder  6.11 (2),        lipstick  3.38 (3),         emotion  3.27 (4),         website  2.05 (5)
683558156.png,Facial Expression  7.44 (1),      bridegroom  4.73 (2),         emotion  2.10 (3),     Windsor tie  1.82 (4),         bassoon  1.47 (5)
200578871.png,        hair wig 33.28 (1),Facial Expression  7.66 (2),      black swan  4.36 (3),           Angry  3.73 (4),         emotion  1.56 (5)
691839182.png,     face powder 11.42 (1),Facial Expression  7.86 (2),loupe magnifying glass  2.71 (3),         emotion  2.67 (4),     poke bonnet  2.63 (5)
828338123.png,         emotion 15.27 (1),Facial Expression 12.27 (2),             Sad  9.70 (3),           Angry  9.26 (4),        feelings  4.66 (5)
708634931.png,      bridegroom  3.34 (1),        bolo tie  2.60 (2),Facial Expression  2.33 (3),           Angry  1.90 (4),         website  1.85 (5)
282846686.png,Facial Expression 13.06 (1),     face powder  4.18 (2),      neck brace  2.46 (3),            mask  2.34 (4),           indri  1.97 (5)
403267966.png,     breastplate 15.08 (1),      chiffonier  4.05 (2),         website  3.69 (3),Facial Expression  3.69 (4),        vestment  2.79 (5)
11565688.png,Facial Expression 13.27 (1),      bridegroom  4.18 (2),      black swan  2.65 (3),         website  2.46 (4),         emotion  2.10 (5)
634478423.png,Facial Expression 12.02 (1),           indri  4.86 (2),         emotion  3.45 (3),           Angry  3.23 (4),black-footed ferret  2.48 (5)
828091595.png,Facial Expression 16.61 (1),         emotion  4.99 (2),             Sad  3.32 (3),         disgust  3.02 (4),           Angry  3.02 (5)
480281987.png,Facial Expression  3.58 (1),     Windsor tie  1.89 (2),           Happy  1.80 (3),         website  1.77 (4),             jay  1.72 (5)
434348175.png,Facial Expression 13.27 (1),             Sad  4.52 (2),         emotion  4.45 (3),ringlet butterfly  3.20 (4),         disgust  2.24 (5)
461433338.png,Facial Expression 13.37 (1),         emotion  2.15 (2),           Angry  1.65 (3),     Windsor tie  1.50 (4),      neck brace  1.48 (5)
221155208.png,         emotion  8.20 (1),             Sad  7.24 (2),Facial Expression  7.13 (3),       harmonica  6.70 (4),        feelings  4.12 (5)
534575010.png,Facial Expression 18.47 (1),           Angry  3.26 (2),         disgust  2.24 (3),         emotion  2.24 (4), baseball player  1.67 (5)
194988391.png,      chimpanzee  4.14 (1),Facial Expression  3.82 (2),       orangutan  3.54 (3),        bolo tie  3.12 (4),         website  3.02 (5)
934233734.png,Facial Expression  7.93 (1),         emotion  2.57 (2),           Angry  1.77 (3),         website  1.64 (4),         jacamar  1.56 (5)
88548416.png,Facial Expression 10.27 (1),      bridegroom  5.32 (2),     green mamba  2.36 (3),         Neutral  1.87 (4),impala (antelope)  1.19 (5)
939247390.png,      cowboy hat  7.39 (1),     poke bonnet  3.28 (2),       chickadee  2.32 (3),        sombrero  1.81 (4),      shower cap  1.46 (5)
654525132.png,Facial Expression  3.90 (1),         emotion  2.64 (2),         website  1.90 (3),        hair wig  1.81 (4),        feelings  1.65 (5)
566308880.png,Facial Expression 19.56 (1),         emotion  3.00 (2),     face powder  2.57 (3),      neck brace  1.33 (4),         disgust  1.04 (5)
770248107.png,           Angry  9.30 (1),         emotion  3.70 (2),Facial Expression  3.37 (3),          weasel  3.12 (4),         website  2.88 (5)
640274472.png,Facial Expression  2.21 (1),           Happy  1.92 (2),      chimpanzee  1.72 (3),           Boxer  1.64 (4),         emotion  1.32 (5)
630408507.png,Facial Expression 15.37 (1),           Angry  7.38 (2),         disgust  5.74 (3),         emotion  4.40 (4),             Sad  3.60 (5)
159891970.png,Facial Expression  6.03 (1),      bridegroom  3.38 (2),         emotion  2.29 (3),         website  2.15 (4),Bluetick Coonhound  1.99 (5)
893937224.png,Facial Expression  9.85 (1),         emotion  4.80 (2),          bulbul  4.80 (3),             Sad  3.46 (4),           indri  2.69 (5)
376728110.png,Facial Expression 12.09 (1),           Angry  9.41 (2),         disgust  3.87 (3),         emotion  3.75 (4),      neck brace  2.70 (5)
230285528.png,rotary dial telephone 49.25 (1),    mobile phone  8.83 (2),        payphone  4.65 (3),           modem  1.44 (4),        baby bib  1.18 (5)
75131333.png,        baby bib  6.48 (1),   baby pacifier  5.80 (2),Facial Expression  5.20 (3),         emotion  2.74 (4),           Angry  2.54 (5)
877367504.png,         website  2.48 (1),           indri  2.15 (2),         emotion  1.33 (3),Facial Expression  1.31 (4),        feelings  1.17 (5)
306480744.png,Facial Expression 28.12 (1),         emotion  3.31 (2),      bridegroom  3.06 (3),           Angry  2.66 (4),      neck brace  2.38 (5)
731649712.png,black-footed ferret  7.05 (1),       Pekingese  5.24 (2),     Windsor tie  4.84 (3),          badger  2.29 (4),           indri  2.18 (5)
303056462.png,Facial Expression  8.27 (1),         emotion  5.17 (2),             jay  3.67 (3),      steel drum  2.52 (4),        feelings  2.33 (5)
708938508.png,Facial Expression  6.53 (1),          bulbul  6.13 (2),         website  4.56 (3),         emotion  3.13 (4),           abaya  1.81 (5)
354995142.png,             jay  3.16 (1),         emotion  1.95 (2),         website  1.77 (3),Facial Expression  1.67 (4),           Angry  1.47 (5)
666311422.png,          guenon 12.45 (1),black-and-white colobus  6.16 (2),         website  2.78 (3),         emotion  2.03 (4),        vestment  1.97 (5)
964962319.png,Facial Expression 16.05 (1),         emotion  7.23 (2),             Sad  4.46 (3),         disgust  3.11 (4),        feelings  2.04 (5)
812719969.png,'Geoffroy''s spider monkey  4.40 (1)',         emotion  2.63 (2),Facial Expression  2.36 (3),           Angry  2.21 (4),         website  1.86 (5)
570953588.png,Facial Expression  1.99 (1),         website  1.41 (2),         emotion  1.27 (3),     face powder  0.96 (4),      black swan  0.86 (5)
688894080.png,        baby bib 17.86 (1),Facial Expression 13.48 (2),   baby pacifier  4.11 (3),        consomme  3.35 (4),         emotion  1.69 (5)
57281242.png,Facial Expression  7.98 (1),             jay  5.57 (2),           Happy  2.55 (3),      bridegroom  2.22 (4),         emotion  2.02 (5)
592702187.png,balaclava ski mask  6.24 (1),Facial Expression  5.25 (2),         website  2.48 (3),      bridegroom  2.33 (4),      Dutch oven  2.06 (5)
45576843.png,Facial Expression  3.76 (1),           Happy  3.16 (2),         website  2.50 (3),         emotion  1.28 (4),          kimono  1.26 (5)
620188888.png,        baby bib 14.75 (1),Facial Expression 12.41 (2),   baby pacifier  3.00 (3),        consomme  2.69 (4),         emotion  2.37 (5)
39901313.png,Facial Expression 12.45 (1),         emotion  3.73 (2),             Sad  2.27 (3),           Angry  2.03 (4),           indri  1.53 (5)
759296013.png,Facial Expression  4.66 (1),     Pickelhaube  4.18 (2),      shower cap  2.82 (3),           Happy  2.49 (4),         emotion  2.34 (5)
658106875.png,      bridegroom 18.33 (1),     breastplate  7.89 (2),Facial Expression  6.14 (3),      chiffonier  6.05 (4),        vestment  3.50 (5)
425058950.png,Facial Expression  4.16 (1),         website  3.91 (2),      bridegroom  2.86 (3), baseball player  2.69 (4),       tree frog  2.45 (5)
883679863.png,        lipstick 10.72 (1),Facial Expression  2.63 (2),      black swan  1.86 (3),           Happy  1.43 (4),         Neutral  1.26 (5)
750909785.png,      bridegroom  4.29 (1),         website  3.09 (2),         emotion  2.06 (3),Bluetick Coonhound  2.06 (4),Facial Expression  1.53 (5)
508981571.png,Facial Expression  4.78 (1),         emotion  3.04 (2),         website  1.73 (3),        vestment  1.53 (4),          chiton  1.31 (5)
935789093.png,      bridegroom 13.91 (1),         echidna  5.04 (2),            mink  3.99 (3),Facial Expression  3.30 (4),     Windsor tie  3.01 (5)
856419468.png,        bassinet 18.39 (1),   baby pacifier 14.78 (2),      infant bed 12.84 (3),          cradle  9.54 (4),        baby bib  5.97 (5)
582358479.png,Facial Expression 18.69 (1),         gorilla  3.46 (2),           Angry  2.82 (3),           Boxer  2.61 (4),         emotion  2.45 (5)
995467505.png,Facial Expression 13.06 (1),         emotion  5.04 (2),     face powder  3.80 (3),           Angry  3.57 (4),         disgust  1.80 (5)
730097087.png,Facial Expression  7.43 (1),      bridegroom  4.43 (2),        hair wig  3.56 (3),         emotion  1.68 (4),         website  1.68 (5)
990813920.png,Facial Expression  7.57 (1),           Angry  5.29 (2),           Boxer  4.60 (3),      bridegroom  3.31 (4),gymnastic horizontal bar  3.16 (5)
343129172.png,           Boxer 13.05 (1),           Angry  7.79 (2),         website  3.98 (3),Facial Expression  3.86 (4),         emotion  3.25 (5)
931656046.png,   academic gown 10.81 (1),      bridegroom  8.97 (2),Facial Expression  5.19 (3),      chiffonier  4.17 (4),     breastplate  3.62 (5)
940518686.png,        bolo tie  2.91 (1),Facial Expression  2.61 (2),      bridegroom  2.53 (3),         website  2.20 (4),     Windsor tie  1.58 (5)
260034389.png,     green mamba  3.88 (1),           indri  2.93 (2),Facial Expression  2.50 (3),         website  1.95 (4),          tusker  1.75 (5)
644863846.png,        hair wig  7.31 (1),Facial Expression  6.36 (2),      bridegroom  3.30 (3),      hair spray  2.34 (4),            mink  2.06 (5)
634007202.png,Facial Expression  3.18 (1),         website  3.13 (2),      bridegroom  2.68 (3),        vestment  2.12 (4),         emotion  1.87 (5)
959837525.png,Facial Expression  9.34 (1),          tusker  2.76 (2),     Windsor tie  2.48 (3),      bridegroom  2.44 (4),           Angry  1.93 (5)
387647393.png,          bulbul  6.75 (1),Facial Expression  6.43 (2),         website  3.72 (3),         emotion  3.19 (4),     green mamba  2.26 (5)
457968123.png,        hair wig 28.03 (1),Facial Expression  7.66 (2),        lipstick  3.92 (3),         emotion  3.15 (4),     face powder  1.68 (5)
140938260.png,         emotion  2.42 (1),        feelings  2.42 (2),military uniform  1.98 (3),Facial Expression  1.80 (4),    electric fan  1.74 (5)
102323756.png,        baby bib 12.19 (1),   baby pacifier  9.05 (2),balaclava ski mask  3.90 (3),Facial Expression  3.66 (4),     poke bonnet  1.96 (5)
489396363.png,         emotion 15.37 (1),        feelings  9.47 (2),Facial Expression  8.89 (3),             Sad  6.30 (4),         website  2.98 (5)
666564035.png,Facial Expression  7.93 (1),         emotion  5.04 (2),    hippopotamus  2.54 (3),           Boxer  2.10 (4),        feelings  2.01 (5)
502402722.png,Facial Expression 33.31 (1),         emotion 12.65 (2),             Sad  5.70 (3),      neck brace  2.91 (4),         disgust  2.82 (5)
610441493.png,Facial Expression  7.98 (1),         emotion  4.91 (2),         jacamar  3.95 (3),        feelings  3.43 (4),             Sad  2.11 (5)
811795349.png,      black swan  3.65 (1),Facial Expression  3.48 (2),           indri  3.48 (3),          cougar  2.51 (4),         website  2.47 (5)
437790285.png, baseball player  4.40 (1),         website  1.92 (2),Facial Expression  1.43 (3),           tench  1.41 (4),         emotion  1.34 (5)
902584998.png,Facial Expression  9.08 (1),      sunglasses  1.58 (2),      sunglasses  1.58 (3),     breastplate  1.23 (4),        cardigan  1.08 (5)
642972750.png,Facial Expression 16.84 (1),           Angry  4.61 (2),         emotion  3.94 (3),      neck brace  2.67 (4),         website  1.86 (5)
952449769.png,Facial Expression  4.25 (1),        baby bib  3.16 (2),         emotion  2.83 (3),   baby pacifier  2.31 (4),         website  2.24 (5)
764501343.png,      bridegroom  5.54 (1),         emotion  3.69 (2),             Sad  2.50 (3),Facial Expression  2.42 (4),        feelings  1.64 (5)
350834503.png,Facial Expression  8.02 (1),             Sad  2.91 (2),          pillow  2.91 (3),         emotion  2.73 (4),      bridegroom  2.12 (5)
978727953.png,      bridegroom  8.87 (1),    bullock cart  6.19 (2),Facial Expression  3.31 (3),         website  2.88 (4),           Angry  2.71 (5)
760682838.png,         website 11.10 (1),     face powder 10.27 (2),         cuirass  6.13 (3),Facial Expression  4.55 (4),     breastplate  2.72 (5)
980611169.png,Facial Expression 10.76 (1),           Angry  4.85 (2),         disgust  3.55 (3),         emotion  3.44 (4),     Windsor tie  2.22 (5)
342338742.png,Facial Expression 18.14 (1),          sarong  6.67 (2),           Happy  4.80 (3),         emotion  3.25 (4),      bridegroom  2.78 (5)
441211718.png,     Pickelhaube 10.84 (1),        vestment  5.54 (2),Facial Expression  4.89 (3),     Windsor tie  4.05 (4),        bolo tie  3.21 (5)
500286535.png,Facial Expression 15.50 (1),         emotion  7.68 (2),     Windsor tie  2.03 (3),             Sad  1.82 (4),      bridegroom  1.54 (5)
508588690.png,Facial Expression  5.12 (1),           Angry  4.05 (2),      bridegroom  3.87 (3),        hornbill  1.77 (4),         website  1.71 (5)
392160965.png,     titi monkey  2.74 (1),           Happy  2.49 (2),      steel drum  2.10 (3),     green mamba  2.07 (4),           acorn  1.56 (5)
568001920.png,Facial Expression 16.62 (1),         disgust  2.98 (2),         emotion  2.80 (3),           Angry  2.76 (4),             Sad  1.78 (5)
525669622.png,         website  8.05 (1),     breastplate  4.73 (2),      bridegroom  3.74 (3),             bra  3.05 (4),'Geoffroy''s spider monkey  2.87 (5)'
930426749.png,     titi monkey  8.69 (1),Facial Expression  6.98 (2),           Boxer  2.61 (3),         emotion  2.41 (4),          gibbon  2.13 (5)
625245506.png,Facial Expression 15.50 (1),         emotion  3.01 (2),         website  2.65 (3),      bridegroom  2.53 (4),           Boxer  2.13 (5)
701136485.png,      bridegroom  4.92 (1),Miniature Poodle  4.55 (2),Facial Expression  3.89 (3),      Toy Poodle  2.84 (4), Standard Poodle  1.73 (5)
540949664.png,         emotion  5.32 (1),Facial Expression  4.08 (2),             Sad  3.33 (3),         disgust  3.28 (4),           Angry  2.47 (5)
264346864.png,Facial Expression 14.67 (1),         emotion  5.15 (2),           Angry  2.94 (3),           indri  2.85 (4),             Sad  2.21 (5)
158559122.png,Facial Expression  7.30 (1),      bridegroom  2.30 (2),         emotion  2.09 (3),         website  1.71 (4),           Happy  1.61 (5)
323232201.png,Facial Expression  4.86 (1),         emotion  1.99 (2),         website  1.63 (3),          maraca  1.55 (4),        lipstick  1.19 (5)
313377275.png,Facial Expression 11.04 (1),           Boxer 10.87 (2), baseball player  4.46 (3),      bridegroom  3.31 (4),         website  3.12 (5)
739570192.png,Facial Expression  9.88 (1),         emotion  6.28 (2),             jay  4.45 (3),           Boxer  2.31 (4),           Angry  2.28 (5)
36988372.png,Norwegian Elkhound  1.57 (1),         website  1.50 (2),         emotion  1.11 (3),Facial Expression  1.09 (4),             Sad  0.97 (5)
368800287.png,Facial Expression  4.11 (1),      sunglasses  2.07 (2),      sunglasses  2.07 (3),        hair wig  1.64 (4),         disgust  1.09 (5)
581943340.png,          guenon  8.30 (1),      bridegroom  5.45 (2),      prayer rug  4.31 (3),      chiffonier  3.63 (4),   arabian camel  3.25 (5)
416034709.png,          cougar  2.51 (1),         website  1.99 (2),Facial Expression  1.26 (3),          coyote  1.15 (4),         emotion  1.06 (5)
449168665.png,         emotion  6.82 (1),           Angry  6.31 (2),             Sad  3.83 (3),Facial Expression  3.38 (4),         disgust  3.07 (5)
97622672.png,         emotion 12.52 (1),             Sad  9.45 (2),        feelings  7.02 (3),Facial Expression  5.46 (4),         website  3.16 (5)
237282877.png,Facial Expression  3.62 (1),           Boxer  1.82 (2),        hair wig  1.79 (3),      bridegroom  1.71 (4),            newt  1.68 (5)
26168543.png,        hair wig 28.22 (1),      hair spray  6.30 (2),Facial Expression  4.13 (3),     face powder  3.22 (4),      Toy Poodle  2.43 (5)
462920768.png,Facial Expression  4.59 (1),             Sad  2.42 (2),         disgust  2.34 (3),         emotion  2.04 (4),      Weimaraner  2.04 (5)
283544195.png,Facial Expression 17.56 (1),     Siamese cat  8.84 (2),      chiffonier  5.04 (3),     face powder  4.11 (4),         emotion  3.98 (5)
831482923.png,             Sad 12.96 (1),Facial Expression 11.44 (2),         emotion 10.91 (3),        feelings  4.41 (4),       harmonica  3.28 (5)
687629112.png,Facial Expression 23.36 (1),     titi monkey  5.55 (2),        mongoose  3.26 (3),         website  2.88 (4),         emotion  2.66 (5)
293647690.png,Facial Expression 11.66 (1),           Happy  4.16 (2),         emotion  4.03 (3),         disgust  2.09 (4),           Angry  1.96 (5)
834081973.png,ringlet butterfly  5.16 (1),Facial Expression  4.14 (2),         emotion  3.43 (3),        hair wig  2.55 (4),             Sad  2.05 (5)
353976448.png,   baby pacifier 14.59 (1),Facial Expression  8.58 (2),        baby bib  7.34 (3),        hornbill  2.42 (4),         emotion  1.42 (5)
805699133.png,        baby bib 18.22 (1),Facial Expression  8.60 (2),   baby pacifier  8.47 (3),           Happy  2.88 (4),     poke bonnet  2.84 (5)
183962543.png,Facial Expression 11.32 (1),     face powder  7.66 (2),         emotion  3.46 (3),      black swan  3.14 (4),         perfume  1.76 (5)
927129920.png,         emotion  5.79 (1),Facial Expression  5.35 (2),             Sad  3.92 (3),         disgust  2.82 (4),        feelings  2.34 (5)
923787808.png,         website  4.86 (1),        marmoset  2.45 (2),          gibbon  1.71 (3),          weasel  1.37 (4),        hornbill  1.37 (5)
275218105.png,     Windsor tie 11.31 (1),Facial Expression  5.10 (2),      bridegroom  3.73 (3),         emotion  3.45 (4),        bolo tie  3.40 (5)
490394084.png,Facial Expression 51.19 (1),         emotion  4.61 (2),         disgust  2.80 (3),             Sad  1.70 (4),           Angry  1.54 (5)
459766449.png,Facial Expression 20.62 (1),         emotion  4.19 (2),         website  2.35 (3),           Happy  2.14 (4),          bulbul  1.69 (5)
216774272.png,Facial Expression  3.18 (1),      steel drum  2.52 (2),         website  2.22 (3),      cowboy hat  1.53 (4),         emotion  1.50 (5)
56924.png,   baby pacifier 16.66 (1),        baby bib 14.24 (2),Facial Expression 12.00 (3),         emotion  4.15 (4),           Angry  3.66 (5)
495758686.png,        meatloaf  7.36 (1),           Angry  2.58 (2),        bolo tie  1.86 (3),        vestment  1.80 (4),Facial Expression  1.59 (5)
527781266.png,      Dutch oven  3.04 (1),         website  2.72 (2),         monitor  2.68 (3),      neck brace  1.99 (4),Facial Expression  1.90 (5)
300523259.png,        baby bib 14.61 (1),   baby pacifier 10.70 (2),        bassinet  6.49 (3),Facial Expression  5.29 (4),         emotion  4.06 (5)
659593716.png,Facial Expression  6.91 (1),         emotion  2.97 (2),      bridegroom  2.46 (3),         website  2.43 (4),         jacamar  2.24 (5)
326192838.png,American Staffordshire Terrier  5.63 (1),           Angry  4.06 (2),Facial Expression  3.26 (3),           Boxer  2.79 (4),         emotion  1.69 (5)
234405257.png,Facial Expression  8.84 (1),           Boxer  2.96 (2),         emotion  2.42 (3),        meatloaf  2.13 (4),         website  2.10 (5)
869731486.png,Facial Expression 15.38 (1),         emotion  3.66 (2),     face powder  3.49 (3),     poke bonnet  2.67 (4),        lipstick  2.36 (5)
722099014.png,Facial Expression 14.32 (1),         gorilla  2.91 (2),           Angry  2.30 (3),      bridegroom  2.20 (4),         website  1.53 (5)
957715533.png,Facial Expression 17.47 (1),        hornbill  2.68 (2),       Chihuahua  2.26 (3),     face powder  1.90 (4),         emotion  1.73 (5)
386579592.png,military hat (bearskin or shako) 54.78 (1),Facial Expression 13.02 (2),      bridegroom  1.68 (3),            mink  1.58 (4),        hair wig  1.48 (5)
643859242.png,Facial Expression  6.75 (1),             Sad  4.64 (2),         emotion  3.79 (3),         website  3.73 (4),        feelings  2.26 (5)
384638691.png,Facial Expression  4.68 (1),Miniature Poodle  4.07 (2), Standard Poodle  3.22 (3),         emotion  3.12 (4),        baby bib  2.54 (5)
818740012.png,Facial Expression 12.93 (1),      bridegroom  3.71 (2),'Geoffroy''s spider monkey  2.75 (3)',           Angry  2.51 (4),         emotion  2.32 (5)
560316931.png,Facial Expression  4.16 (1),         emotion  3.14 (2),         website  2.00 (3),             Sad  1.61 (4),         disgust  1.51 (5)
394471906.png,Facial Expression  3.57 (1),         emotion  3.35 (2),       harmonica  2.41 (3),          muzzle  2.03 (4),      bridegroom  1.74 (5)
884485263.png,Facial Expression 27.31 (1),         emotion  7.82 (2),        feelings  3.06 (3),             Sad  2.28 (4),      bridegroom  1.80 (5)
163636160.png,          cougar  5.26 (1),Facial Expression  4.94 (2),     face powder  2.26 (3),            newt  2.00 (4),        lipstick  1.65 (5)
883142512.png,   Japanese Chin  8.37 (1),             jay  5.49 (2),Facial Expression  4.77 (3),         emotion  3.54 (4),      neck brace  1.90 (5)
872686520.png,        baby bib 28.05 (1),   baby pacifier  8.83 (2),        bassinet  5.97 (3),Facial Expression  5.52 (4),          diaper  5.43 (5)
915432595.png,Facial Expression 33.44 (1),           Angry  9.29 (2),         disgust  7.23 (3),         emotion  6.38 (4),             Sad  6.29 (5)
866708588.png,Facial Expression  6.84 (1),      shower cap  4.09 (2),         emotion  3.90 (3),         perfume  3.72 (4),       hair clip  3.72 (5)
854364862.png,Facial Expression 29.30 (1),         emotion 10.28 (2),             Sad  4.71 (3),          bulbul  2.95 (4),         disgust  2.12 (5)
8981683.png,   baby pacifier 55.56 (1),        baby bib 12.02 (2),          diaper  5.77 (3),ringlet butterfly  2.19 (4),        bassinet  1.41 (5)
438344363.png,      bridegroom  2.98 (1),Facial Expression  2.51 (2),         website  2.14 (3),         emotion  1.38 (4),American Staffordshire Terrier  1.32 (5)
63827680.png,Facial Expression 16.59 (1),         emotion  4.98 (2),             jay  2.39 (3),         disgust  1.86 (4),           indri  1.69 (5)
237605965.png,Facial Expression  7.57 (1),         emotion  3.31 (2),           Angry  2.92 (3),      bridegroom  2.79 (4),         disgust  2.13 (5)
453453391.png,Facial Expression  4.44 (1),         emotion  2.49 (2),             Sad  2.34 (3),         website  1.79 (4),         disgust  1.40 (5)
602005479.png,     Windsor tie 16.88 (1),    ford model t 14.66 (2),      bridegroom  2.29 (3),Facial Expression  1.45 (4),            suit  1.32 (5)
990557628.png,         emotion 10.14 (1),        feelings  4.79 (2),Facial Expression  4.43 (3),           daisy  2.73 (4),             Sad  2.60 (5)
525055934.png,Facial Expression  7.02 (1),         disgust  5.47 (2),           Angry  5.22 (3),             Sad  2.93 (4),         emotion  2.67 (5)
569743654.png,         website  5.70 (1),     green mamba  2.73 (2),        hornbill  2.61 (3),    patas monkey  1.82 (4),      bridegroom  1.56 (5)
431981252.png,Facial Expression  6.71 (1),             Sad  5.39 (2),         emotion  4.91 (3),        feelings  2.75 (4),         website  2.47 (5)
766615877.png,      sunglasses  6.06 (1),      sunglasses  6.06 (2),Facial Expression  2.37 (3),      Toy Poodle  2.12 (4),         limpkin  1.37 (5)
507780623.png,Facial Expression  8.83 (1),         emotion  3.74 (2),             Sad  2.82 (3),           daisy  2.27 (4),         website  1.63 (5)
480004693.png,            mask  6.49 (1),         macaque  4.90 (2),white-headed capuchin  4.39 (3),    patas monkey  3.88 (4),          baboon  3.64 (5)
459050095.png,Facial Expression 18.75 (1),         emotion  5.90 (2),        feelings  2.24 (3),southern black widow  2.14 (4),         website  1.69 (5)
481994753.png,          cougar  7.83 (1),Facial Expression  7.59 (2),        fur coat  3.59 (3),        lipstick  2.58 (4), boa constrictor  2.21 (5)
560094402.png,         vulture  3.80 (1),      bath towel  3.57 (2),Facial Expression  3.46 (3),              ox  3.01 (4),         emotion  2.62 (5)
509060731.png,Facial Expression  2.77 (1),         website  2.40 (2),         emotion  1.70 (3),         disgust  1.25 (4),           Angry  1.25 (5)
838082194.png,Facial Expression  3.70 (1),         disgust  2.31 (2),         emotion  2.17 (3),         website  1.77 (4),      sunglasses  1.67 (5)
669691261.png,      bridegroom  5.73 (1),Facial Expression  4.75 (2),         emotion  4.07 (3), baseball player  3.27 (4),         website  2.11 (5)
854338027.png,     Windsor tie 30.73 (1),        bolo tie  5.68 (2),         bow tie  4.43 (3),Appenzeller Sennenhund  3.91 (4),      bridegroom  2.16 (5)
348863521.png,         emotion  2.69 (1),         website  2.30 (2),       brambling  2.06 (3),    patas monkey  1.74 (4),         jacamar  1.68 (5)
658903115.png,           conch  8.31 (1),       pan flute  4.59 (2),       harmonica  3.99 (3),        popsicle  2.74 (4),Facial Expression  2.42 (5)
934338331.png,          kimono 10.66 (1),      bridegroom  4.30 (2),Facial Expression  3.25 (3),          sarong  3.15 (4),              ox  2.42 (5)
140902305.png,Facial Expression  4.09 (1),         emotion  1.33 (2),         website  1.25 (3),        lipstick  1.23 (4),     breastplate  0.99 (5)
579404908.png,Facial Expression  9.02 (1),         gorilla  5.30 (2),         emotion  2.18 (3),           Angry  2.01 (4),      bridegroom  1.70 (5)
223516112.png,      sunglasses 33.75 (1),      sunglasses 33.75 (2),balaclava ski mask  1.23 (3),         website  0.70 (4),      bridegroom  0.68 (5)
320038281.png,             Sad  4.84 (1),         emotion  4.62 (2),           Angry  4.41 (3),        meatloaf  4.08 (4),Facial Expression  2.76 (5)
141171536.png,       harmonica  7.44 (1),ringlet butterfly  3.52 (2),        lipstick  2.78 (3),      matchstick  2.70 (4),       drumstick  2.34 (5)
524600200.png,Facial Expression 11.32 (1),         emotion  2.41 (2),      steel drum  2.34 (3),     face powder  2.10 (4),     Windsor tie  2.06 (5)
165795053.png,Facial Expression  8.41 (1), baseball player  7.54 (2),           Boxer  3.91 (3),      bridegroom  2.82 (4),           Angry  2.49 (5)
37728232.png,white-headed capuchin  5.70 (1),black-and-white colobus  3.98 (2),         emotion  3.57 (3),      bridegroom  2.41 (4),Facial Expression  2.27 (5)
821355381.png,  French Bulldog  4.45 (1),Facial Expression  4.25 (2),           Angry  3.87 (3),         emotion  3.36 (4),        meatloaf  2.46 (5)
225309206.png,           tench  2.17 (1),      bridegroom  1.61 (2),         emotion  1.46 (3),         website  1.35 (4),         Neutral  0.96 (5)
20853476.png,         emotion  3.35 (1),Facial Expression  2.45 (2),        feelings  2.03 (3),           indri  1.61 (4),         website  1.44 (5)
875767912.png,Facial Expression 10.75 (1),        consomme  3.77 (2),         emotion  3.13 (3),             Sad  2.51 (4),     poke bonnet  1.73 (5)
284589633.png,Facial Expression 21.88 (1),         emotion  3.63 (2), baseball player  2.74 (3),      bridegroom  1.97 (4),             Sad  1.80 (5)
643246256.png,Facial Expression 11.29 (1),         emotion  6.43 (2),           Angry  3.78 (3),         website  2.95 (4),     face powder  2.81 (5)
662051350.png,Facial Expression  5.67 (1),      black swan  1.73 (2),        lipstick  1.65 (3),         emotion  1.57 (4),         Neutral  1.50 (5)
541889914.png,Facial Expression  7.00 (1),           Angry  6.89 (2),      neck brace  2.96 (3),         emotion  2.87 (4),    punching bag  1.97 (5)
989216257.png,Facial Expression  5.27 (1),         emotion  3.86 (2),           Happy  3.62 (3),          sarong  3.51 (4),         website  2.78 (5)
440545628.png,Facial Expression  2.73 (1),       Chow Chow  2.56 (2),        bolo tie  2.19 (3),       carbonara  1.53 (4),          dugong  1.44 (5)
128754216.png,      bridegroom  4.66 (1),Facial Expression  4.66 (2),     Windsor tie  3.99 (3),         emotion  2.04 (4),      Pomeranian  1.83 (5)
268623606.png,Facial Expression 17.70 (1),         emotion  1.84 (2),         disgust  1.84 (3),      neck brace  1.26 (4),     face powder  1.17 (5)
720369172.png,   baby pacifier 22.58 (1),        baby bib 16.02 (2),        bassinet 11.72 (3),      infant bed  9.72 (4),          cradle  4.73 (5)
194160464.png,Facial Expression  4.89 (1),         emotion  2.66 (2),           cloak  2.50 (3),        baby bib  2.42 (4),      bath towel  2.07 (5)
501567734.png,Facial Expression  7.25 (1),    Egyptian Mau  3.59 (2),         website  3.48 (3),      bridegroom  2.11 (4),         emotion  1.95 (5)
11486606.png,           Angry 13.32 (1),Facial Expression 11.03 (2),         disgust  3.94 (3),         emotion  3.64 (4),           Boxer  3.58 (5)
904774791.png,      cowboy hat 26.83 (1),     Pickelhaube  3.99 (2),        sombrero  3.57 (3),        bolo tie  2.83 (4),           banjo  2.66 (5)
604537597.png,Facial Expression  7.96 (1),           Happy  4.68 (2),         emotion  3.07 (3),        feelings  2.35 (4),           Angry  1.83 (5)
862327404.png,Facial Expression 12.10 (1),      bridegroom  4.59 (2),balaclava ski mask  3.52 (3),           Angry  3.36 (4),           cloak  2.38 (5)
540801046.png,Facial Expression 12.15 (1),             Sad 11.06 (2),         emotion  8.75 (3),        feelings  3.59 (4),         disgust  2.14 (5)
121138386.png,      sunglasses  7.43 (1),      sunglasses  7.43 (2),Facial Expression  5.35 (3),         emotion  2.45 (4),        feelings  1.49 (5)
423218062.png,      bridegroom  3.94 (1),Facial Expression  3.58 (2),     Windsor tie  2.35 (3),         website  2.01 (4),            newt  1.62 (5)
80314916.png,Facial Expression  5.42 (1),   baby pacifier  4.86 (2),         emotion  2.09 (3),        baby bib  2.09 (4),      bridegroom  1.82 (5)
867556845.png,Facial Expression 15.34 (1),         emotion  4.33 (2),         disgust  3.88 (3),             Sad  2.04 (4),           Angry  2.04 (5)
424577169.png,Facial Expression  3.38 (1),         website  1.70 (2),         emotion  1.31 (3),        hair wig  1.26 (4),        fur coat  1.12 (5)
960473551.png,Facial Expression  5.12 (1),         emotion  3.36 (2),         website  2.66 (3),     green mamba  2.27 (4),      Weimaraner  2.07 (5)
217201714.png,      Leonberger  9.41 (1),         emotion  2.42 (2), Tibetan Mastiff  2.23 (3),        Keeshond  2.13 (4),         website  1.77 (5)
907636797.png,      bridegroom  5.68 (1),    bullock cart  4.02 (2),          bulbul  3.90 (3),         website  3.67 (4),    Indian cobra  1.96 (5)
183366862.png,Facial Expression 11.76 (1),           Angry  4.39 (2),         emotion  3.64 (3),             Sad  2.46 (4),         disgust  1.72 (5)
119944463.png,        hair wig  3.34 (1),Facial Expression  3.14 (2),           indri  2.73 (3),      Lhasa Apso  1.79 (4),         website  1.56 (5)
449732396.png,             jay  3.33 (1),            slug  2.22 (2),         bassoon  1.55 (3),         emotion  1.45 (4),         website  1.41 (5)
695415381.png,      sunglasses 27.47 (1),      sunglasses 27.47 (2),         gorilla  1.87 (3),Facial Expression  1.33 (4),             jay  1.26 (5)
814631526.png,Facial Expression  8.27 (1),         website  3.79 (2),         emotion  3.14 (3),           Angry  1.35 (4),        feelings  1.31 (5)
274552366.png,        hair wig 10.77 (1),Facial Expression  8.12 (2),     face powder  5.85 (3),        lipstick  3.78 (4),          maraca  2.33 (5)
737154083.png,Facial Expression  6.08 (1),      bridegroom  4.81 (2),         emotion  3.11 (3),         gorilla  2.87 (4),            mink  2.04 (5)
492243719.png,Facial Expression 21.80 (1),      bridegroom  2.48 (2),     face powder  2.48 (3),      shower cap  2.26 (4),         website  2.19 (5)
330088873.png,         emotion  4.40 (1),Facial Expression  4.20 (2),             Sad  2.14 (3),        feelings  1.83 (4),     poke bonnet  1.43 (5)
951851164.png,Facial Expression  9.07 (1),        baby bib  4.22 (2),         emotion  4.02 (3),   baby pacifier  3.50 (4),     poke bonnet  1.84 (5)
222636134.png,Facial Expression  4.02 (1),         website  3.04 (2),         emotion  1.93 (3),        feelings  1.73 (4),             bra  1.57 (5)
596775649.png,         website  5.08 (1),      bridegroom  3.66 (2),        feelings  2.76 (3),shoji screen / room divider  2.22 (4),           cello  1.55 (5)
588643211.png,Facial Expression 22.84 (1),           Angry  4.29 (2),         emotion  3.97 (3),         disgust  3.24 (4),        baby bib  2.52 (5)
942862067.png,Facial Expression  4.47 (1),           indri  2.98 (2),         emotion  2.59 (3),         disgust  1.57 (4),             Sad  1.52 (5)
661186946.png,     face powder 14.00 (1),Facial Expression  5.48 (2),         emotion  4.99 (3),            mask  4.69 (4),        hair wig  4.21 (5)
392357303.png,Facial Expression 15.66 (1), baseball player  4.48 (2),         emotion  2.90 (3),      bridegroom  2.52 (4),        mongoose  2.15 (5)
877815369.png,     poke bonnet  4.64 (1),      neck brace  3.45 (2),      shower cap  2.91 (3),      chain mail  2.86 (4),            mask  2.09 (5)
369709516.png,        baby bib 29.78 (1),   baby pacifier 16.44 (2),          diaper  4.36 (3),        bassinet  3.73 (4),Facial Expression  3.39 (5)
693765337.png,     Windsor tie  4.29 (1),      bridegroom  3.14 (2),Facial Expression  2.73 (3),         website  1.88 (4),         emotion  1.68 (5)
228722643.png,Facial Expression 14.89 (1),          bulbul  4.14 (2),      bridegroom  4.07 (3),           indri  3.02 (4),     green mamba  2.18 (5)
155926967.png,Facial Expression  6.95 (1),         website  5.67 (2),     Windsor tie  4.70 (3),         emotion  2.44 (4),      bridegroom  2.44 (5)
319040163.png,Facial Expression 18.05 (1), Standard Poodle  5.77 (2),      Toy Poodle  5.59 (3),Miniature Poodle  4.35 (4),         disgust  3.04 (5)
204375752.png,Facial Expression  6.65 (1),         emotion  1.66 (2),           Happy  1.16 (3),          maraca  1.14 (4),         website  1.02 (5)
675000639.png,Facial Expression  7.13 (1),      chiffonier  3.21 (2),         emotion  2.54 (3),           cloak  2.46 (4), Clumber Spaniel  2.17 (5)
